timestamp_login,tentativas_falhas,novo_dispositivo,novo_ip,vpn_proxy,pais_diferente,distancia_km,usuario_id,tempo_desde_ultimo_login,primeiro_login,login_suspeito
2026-01-01 00:15:17,1,0,0,0,0,163.6,250,8934.41,1,0
2026-01-01 01:08:58,0,0,0,0,0,57.78,246,8934.41,1,0
2026-01-01 01:47:44,0,0,0,0,0,234.49,99,8934.41,1,0
2026-01-01 05:27:55,0,1,0,0,0,85.56,120,8934.41,1,0
2026-01-01 06:00:50,1,0,1,0,0,170.3,26,8934.41,1,0
2026-01-01 08:01:25,0,0,0,1,0,24.01,35,8934.41,1,0
2026-01-01 08:15:25,0,1,1,0,0,23.6,207,8934.41,1,0
2026-01-01 08:16:53,0,0,0,0,0,140.39,143,8934.41,1,0
2026-01-01 11:35:43,0,0,1,0,0,104.03,155,8934.41,1,0
2026-01-01 12:06:25,6,0,0,1,0,112.8,72,8934.41,1,1
2026-01-01 12:37:55,5,0,1,0,1,404.9,245,8934.41,1,1
2026-01-01 13:36:24,0,0,0,0,0,51.02,143,319.52,0,0
2026-01-01 13:38:35,1,0,0,0,0,29.89,117,8934.41,1,0
2026-01-01 13:49:28,4,0,0,0,0,7.06,200,8934.41,1,0
2026-01-01 13:52:56,0,0,0,0,0,22.81,243,8934.41,1,0
2026-01-01 16:58:07,3,0,0,0,0,533.17,4,8934.41,1,0
2026-01-01 17:52:03,5,0,1,0,0,26.66,193,8934.41,1,0
2026-01-01 18:47:41,0,0,0,0,0,17.35,25,8934.41,1,0
2026-01-01 19:18:38,0,0,0,0,0,119.36,227,8934.41,1,1
2026-01-01 19:34:23,6,0,0,0,0,92.17,136,8934.41,1,0
2026-01-01 19:37:20,1,0,0,0,0,137.05,177,8934.41,1,0
2026-01-01 21:10:18,0,0,1,0,0,106.04,145,8934.41,1,0
2026-01-01 21:26:15,0,0,0,0,0,25.23,28,8934.41,1,0
2026-01-02 01:36:33,0,0,0,0,0,69.5,198,8934.41,1,0
2026-01-02 01:54:06,1,0,0,0,0,19.44,124,8934.41,1,0
2026-01-02 03:58:54,2,0,0,0,0,29.24,107,8934.41,1,0
2026-01-02 04:42:35,7,0,0,0,0,433.65,6,8934.41,1,1
2026-01-02 07:22:15,0,0,0,0,0,130.45,55,8934.41,1,0
2026-01-02 07:38:56,1,1,0,0,0,152.72,129,8934.41,1,1
2026-01-02 08:17:00,1,0,1,0,0,3.05,67,8934.41,1,1
2026-01-02 08:25:39,0,0,0,0,0,48.15,180,8934.41,1,0
2026-01-02 08:47:13,0,0,0,0,0,81.02,201,8934.41,1,0
2026-01-02 09:00:34,6,1,1,0,0,16.21,207,1485.15,0,1
2026-01-02 09:53:39,3,0,0,0,0,188.75,40,8934.41,1,0
2026-01-02 10:42:12,0,0,0,0,0,15.04,84,8934.41,1,0
2026-01-02 10:49:15,1,0,1,0,1,1517.99,144,8934.41,1,0
2026-01-02 12:32:42,0,0,1,1,0,80.56,74,8934.41,1,1
2026-01-02 12:38:56,1,0,0,0,0,189.26,78,8934.41,1,0
2026-01-02 13:20:45,1,0,0,0,0,37.37,119,8934.41,1,0
2026-01-02 13:57:25,1,0,1,1,0,33.42,144,188.17,0,0
2026-01-02 14:14:46,7,0,0,0,0,187.35,15,8934.41,1,0
2026-01-02 14:16:39,1,0,0,0,0,25.03,169,8934.41,1,0
2026-01-02 15:55:04,0,0,0,0,0,137.06,90,8934.41,1,0
2026-01-02 16:05:56,2,0,0,0,0,21.21,10,8934.41,1,0
2026-01-02 16:12:51,0,0,0,0,0,208.5,232,8934.41,1,0
2026-01-02 17:02:25,0,0,0,0,0,182.67,60,8934.41,1,0
2026-01-02 17:50:53,0,0,0,0,0,154.86,140,8934.41,1,0
2026-01-02 18:29:59,0,0,1,0,1,1014.35,37,8934.41,1,0
2026-01-02 20:48:17,2,0,0,0,0,3.44,14,8934.41,1,0
2026-01-02 23:34:37,0,0,0,0,0,14.21,153,8934.41,1,0
2026-01-03 00:40:11,2,0,1,1,1,914.88,222,8934.41,1,1
2026-01-03 02:22:40,1,0,0,1,0,4.46,181,8934.41,1,0
2026-01-03 02:51:02,0,0,0,0,0,6.56,158,8934.41,1,1
2026-01-03 04:09:31,3,0,1,1,1,201.16,187,8934.41,1,1
2026-01-03 04:31:13,0,0,0,0,0,30.22,191,8934.41,1,0
2026-01-03 04:51:25,0,0,0,0,0,138.36,99,3063.68,0,0
2026-01-03 05:27:38,1,0,0,0,0,4.92,207,1227.07,0,0
2026-01-03 05:55:52,0,0,0,0,0,411.29,223,8934.41,1,0
2026-01-03 06:56:15,0,0,0,0,0,32.0,102,8934.41,1,0
2026-01-03 10:50:30,1,1,1,0,0,38.6,124,1976.4,0,0
2026-01-03 12:21:54,1,0,0,0,0,28.49,243,2788.97,0,0
2026-01-03 13:30:21,0,0,1,1,0,92.23,146,8934.41,1,0
2026-01-03 14:24:55,6,0,0,0,0,1.96,126,8934.41,1,0
2026-01-03 14:34:41,1,0,0,0,0,9.82,71,8934.41,1,0
2026-01-03 14:36:31,3,0,0,0,0,10.4,195,8934.41,1,0
2026-01-03 16:16:54,0,0,1,1,1,1638.34,5,8934.41,1,0
2026-01-03 16:56:22,1,0,1,0,0,39.98,89,8934.41,1,0
2026-01-03 17:00:00,3,0,1,0,0,57.54,16,8934.41,1,0
2026-01-03 17:47:04,1,0,0,1,0,299.52,207,739.43,0,0
2026-01-03 17:51:08,2,1,1,0,1,334.8,84,1868.93,0,1
2026-01-03 19:59:21,0,0,0,0,0,7.28,41,8934.41,1,0
2026-01-03 20:08:20,0,0,1,0,0,58.24,188,8934.41,1,0
2026-01-03 21:30:31,0,0,0,1,0,17.92,86,8934.41,1,0
2026-01-03 22:34:03,0,0,0,0,0,15.63,163,8934.41,1,0
2026-01-03 23:48:37,3,0,0,0,0,52.79,27,8934.41,1,0
2026-01-04 00:15:16,0,0,0,0,0,110.76,12,8934.41,1,0
2026-01-04 01:23:57,6,0,0,0,0,27.82,161,8934.41,1,0
2026-01-04 03:30:36,5,0,0,0,0,208.72,152,8934.41,1,0
2026-01-04 03:42:24,0,0,0,0,0,45.01,154,8934.41,1,0
2026-01-04 03:52:26,0,1,1,1,1,4078.25,116,8934.41,1,0
2026-01-04 05:21:35,4,0,1,0,0,67.81,230,8934.41,1,1
2026-01-04 05:33:35,6,0,0,0,0,129.73,98,8934.41,1,0
2026-01-04 06:17:34,0,0,1,1,1,2835.88,141,8934.41,1,0
2026-01-04 06:22:20,0,0,0,0,0,75.44,220,8934.41,1,0
2026-01-04 07:21:51,1,0,0,0,0,189.93,20,8934.41,1,0
2026-01-04 07:53:55,1,0,1,0,0,47.48,200,3964.45,0,0
2026-01-04 08:13:10,0,0,0,0,0,45.16,178,8934.41,1,0
2026-01-04 08:14:19,2,0,1,0,0,158.02,118,8934.41,1,0
2026-01-04 08:18:54,0,0,1,0,0,27.61,208,8934.41,1,0
2026-01-04 08:49:58,0,0,1,1,0,126.24,162,8934.41,1,0
2026-01-04 10:14:23,0,0,0,0,0,8.02,120,4606.47,0,0
2026-01-04 10:39:02,0,0,0,0,0,100.96,96,8934.41,1,0
2026-01-04 10:59:43,0,0,0,0,0,284.58,240,8934.41,1,0
2026-01-04 11:06:29,0,0,0,0,0,60.97,30,8934.41,1,0
2026-01-04 11:56:26,0,0,0,0,0,53.78,227,3877.8,0,0
2026-01-04 12:17:26,0,0,0,1,0,77.77,144,2780.02,0,0
2026-01-04 13:43:37,0,0,1,0,0,127.14,176,8934.41,1,0
2026-01-04 16:19:02,6,0,0,0,0,44.45,137,8934.41,1,1
2026-01-04 16:26:48,0,0,0,0,0,0.01,182,8934.41,1,0
2026-01-04 17:41:58,0,1,1,0,0,69.73,159,8934.41,1,1
2026-01-04 18:55:59,1,0,0,0,0,54.35,147,8934.41,1,0
2026-01-04 21:44:22,7,0,0,0,0,76.08,235,8934.41,1,0
2026-01-04 23:35:26,0,0,0,0,0,125.64,162,885.47,0,0
2026-01-05 04:05:06,1,0,0,1,0,33.32,62,8934.41,1,0
2026-01-05 07:13:36,2,0,0,0,0,70.37,208,1374.7,0,0
2026-01-05 08:13:53,1,0,1,0,0,29.22,88,8934.41,1,0
2026-01-05 08:39:54,0,1,0,0,0,61.5,144,1222.47,0,0
2026-01-05 09:17:19,1,0,0,0,0,42.24,79,8934.41,1,0
2026-01-05 09:55:25,0,0,0,0,0,46.05,31,8934.41,1,0
2026-01-05 11:45:52,1,0,0,0,0,86.6,180,4520.22,0,0
2026-01-05 11:47:56,2,0,1,0,1,1754.89,56,8934.41,1,0
2026-01-05 12:31:59,0,0,0,0,0,1.27,199,8934.41,1,0
2026-01-05 14:28:30,3,0,1,0,1,3138.99,44,8934.41,1,0
2026-01-05 14:31:31,0,0,1,0,0,45.31,143,5815.12,0,1
2026-01-05 15:51:30,3,0,1,1,0,103.17,194,8934.41,1,0
2026-01-05 15:52:12,0,0,1,0,1,195.83,127,8934.41,1,1
2026-01-05 15:56:20,0,0,0,0,0,84.74,231,8934.41,1,0
2026-01-05 15:58:39,0,0,0,0,0,113.46,116,2166.22,0,0
2026-01-05 16:02:02,5,0,1,0,0,17.13,214,8934.41,1,1
2026-01-05 16:55:47,0,0,0,0,0,243.22,24,8934.41,1,0
2026-01-05 17:19:34,0,0,0,0,0,141.66,217,8934.41,1,0
2026-01-05 19:42:41,0,0,0,0,0,76.34,61,8934.41,1,0
2026-01-05 19:44:50,1,0,0,0,0,18.16,140,4433.95,0,0
2026-01-05 20:54:48,1,0,0,0,0,200.66,116,296.15,0,0
2026-01-05 20:56:33,0,0,0,0,0,7.11,115,8934.41,1,0
2026-01-05 21:01:20,0,0,0,0,0,12.24,142,8934.41,1,0
2026-01-05 21:19:41,0,0,0,0,0,119.79,34,8934.41,1,0
2026-01-05 21:39:30,0,1,1,1,0,29.28,238,8934.41,1,0
2026-01-05 21:50:26,0,0,1,0,0,61.49,20,2308.58,0,0
2026-01-05 21:55:28,2,0,0,0,0,77.42,63,8934.41,1,0
2026-01-06 00:03:04,0,0,1,0,0,61.29,78,5004.13,0,0
2026-01-06 00:57:57,0,0,0,0,0,8.76,82,8934.41,1,0
2026-01-06 02:03:59,0,0,0,1,0,133.74,35,6842.57,0,0
2026-01-06 03:02:19,6,0,0,0,0,27.44,63,306.85,0,0
2026-01-06 03:03:51,5,0,0,0,0,134.14,81,8934.41,1,1
2026-01-06 03:19:05,3,0,0,0,0,200.46,176,2255.47,0,0
2026-01-06 03:38:21,0,0,0,0,0,76.87,173,8934.41,1,0
2026-01-06 04:32:25,0,0,1,0,0,122.55,215,8934.41,1,0
2026-01-06 04:49:55,0,0,0,0,0,3.76,214,767.88,0,0
2026-01-06 04:56:53,0,0,0,0,0,3.74,177,6319.55,0,0
2026-01-06 06:30:33,1,0,0,0,0,21.96,31,1235.13,0,0
2026-01-06 07:18:18,2,0,0,0,0,44.38,29,8934.41,1,0
2026-01-06 07:26:59,3,0,0,0,0,20.19,25,6519.3,0,0
2026-01-06 07:59:56,3,0,1,0,0,100.77,224,8934.41,1,0
2026-01-06 08:58:30,0,0,0,0,0,32.42,223,4502.63,0,0
2026-01-06 09:26:22,1,0,1,1,0,186.92,6,6043.78,0,0
2026-01-06 09:43:30,0,0,1,0,0,82.24,37,5233.52,0,0
2026-01-06 14:31:13,0,0,0,0,0,47.49,145,6800.92,0,0
2026-01-06 16:23:19,2,0,1,0,1,3353.49,239,8934.41,1,0
2026-01-06 16:23:56,0,0,0,1,0,176.24,31,593.38,0,0
2026-01-06 16:24:32,0,0,1,0,0,171.5,58,8934.41,1,0
2026-01-06 16:27:14,0,0,0,0,0,130.32,149,8934.41,1,0
2026-01-06 17:29:15,1,0,1,1,0,95.25,130,8934.41,1,0
2026-01-06 17:50:32,2,1,1,1,1,685.51,7,8934.41,1,0
2026-01-06 18:12:42,0,0,1,1,1,823.83,91,8934.41,1,0
2026-01-06 18:34:23,3,0,0,0,0,104.16,150,8934.41,1,0
2026-01-06 19:12:37,0,0,0,0,0,18.98,4,7334.5,0,0
2026-01-06 20:10:55,0,0,0,0,0,175.92,219,8934.41,1,0
2026-01-06 20:40:53,2,0,0,0,0,279.15,243,4818.98,0,0
2026-01-06 20:49:55,1,0,0,0,0,10.31,45,8934.41,1,0
2026-01-06 22:45:53,7,0,0,0,0,2.27,224,885.95,0,0
2026-01-06 23:59:09,0,0,0,0,0,15.4,85,8934.41,1,0
2026-01-07 02:51:54,1,0,0,0,0,142.67,99,5640.48,0,0
2026-01-07 03:05:25,1,0,1,1,1,171.14,201,6858.2,0,0
2026-01-07 03:43:51,4,0,0,0,0,46.56,92,8934.41,1,0
2026-01-07 04:13:54,0,0,1,0,0,6.52,246,8824.93,0,0
2026-01-07 04:30:33,2,0,0,0,0,56.66,138,8934.41,1,0
2026-01-07 05:04:04,1,0,1,0,1,1388.98,114,8934.41,1,0
2026-01-07 05:26:17,0,0,1,0,0,99.02,215,1493.87,0,0
2026-01-07 05:37:25,0,0,1,1,0,73.17,152,4446.82,0,0
2026-01-07 06:25:29,0,0,0,0,0,278.24,57,8934.41,1,0
2026-01-07 08:32:28,1,0,0,0,0,75.74,240,4172.75,0,0
2026-01-07 08:33:59,4,0,0,0,0,196.07,132,8934.41,1,0
2026-01-07 08:50:22,1,0,0,0,0,496.55,81,1786.52,0,0
2026-01-07 08:53:48,1,0,0,0,0,26.1,176,1774.72,0,0
2026-01-07 10:03:14,1,1,0,1,0,30.86,216,8934.41,1,0
2026-01-07 10:23:59,0,0,0,0,0,73.79,58,1079.45,0,0
2026-01-07 11:16:21,0,0,1,0,0,20.14,129,7417.42,0,0
2026-01-07 12:09:27,0,1,1,1,1,1245.6,101,8934.41,1,1
2026-01-07 12:51:25,0,0,0,0,1,1729.87,194,2699.92,0,0
2026-01-07 13:14:48,0,0,0,0,0,6.23,40,7401.15,0,0
2026-01-07 14:27:31,1,0,0,0,0,114.38,48,8934.41,1,0
2026-01-07 14:38:27,0,0,0,0,0,17.37,181,6495.78,0,0
2026-01-07 14:47:30,0,0,0,0,0,35.57,6,1761.13,0,0
2026-01-07 15:24:41,0,0,0,0,0,134.25,142,2543.35,0,0
2026-01-07 16:35:10,0,0,0,0,0,17.86,247,8934.41,1,0
2026-01-07 16:42:06,4,0,0,0,0,75.86,62,3637.0,0,0
2026-01-07 18:05:10,3,0,1,0,0,88.96,36,8934.41,1,1
2026-01-07 18:29:02,2,0,0,0,0,17.96,21,8934.41,1,0
2026-01-07 20:37:12,0,0,0,0,0,32.13,153,7022.58,0,0
2026-01-07 21:09:17,2,0,0,0,0,93.26,54,8934.41,1,0
2026-01-07 22:05:04,3,0,1,1,1,927.61,200,5171.15,0,0
2026-01-07 23:32:31,2,0,1,0,0,107.88,116,3037.72,0,0
2026-01-08 00:10:09,0,0,0,0,0,192.91,27,5781.53,0,0
2026-01-08 01:46:53,1,0,0,0,0,14.51,78,2983.82,0,0
2026-01-08 02:35:01,3,0,1,1,1,109.88,132,1081.03,0,0
2026-01-08 05:35:13,1,1,1,1,1,1648.19,110,8934.41,1,0
2026-01-08 08:33:25,1,0,0,0,0,147.25,8,8934.41,1,0
2026-01-08 09:44:32,0,0,0,0,0,59.66,219,2253.62,0,0
2026-01-08 11:48:16,1,0,0,0,0,50.07,211,8934.41,1,0
2026-01-08 12:19:10,0,0,0,0,0,90.83,222,7898.98,0,0
2026-01-08 13:13:36,1,0,0,0,0,80.17,220,6171.27,0,0
2026-01-08 14:46:43,0,0,0,0,0,67.37,219,302.18,0,0
2026-01-08 14:48:59,0,0,0,0,0,170.76,189,8934.41,1,0
2026-01-08 16:34:28,0,0,0,0,0,19.06,126,7329.55,0,0
2026-01-08 17:05:26,1,0,1,0,0,114.32,37,3321.93,0,0
2026-01-08 19:10:12,0,0,1,1,0,135.22,172,8934.41,1,0
2026-01-08 19:38:30,1,1,1,0,0,231.57,131,8934.41,1,0
2026-01-08 19:51:36,2,0,0,0,0,290.22,177,3774.72,0,0
2026-01-08 22:00:29,0,0,1,0,1,1063.51,28,10114.23,0,0
2026-01-08 22:25:03,0,1,1,0,0,56.85,211,636.78,0,0
2026-01-08 23:32:36,0,0,0,0,0,70.1,102,8196.35,0,0
2026-01-09 00:09:17,3,0,0,0,0,131.89,219,562.57,0,0
2026-01-09 00:28:44,1,0,0,0,0,1.73,118,6734.42,0,0
2026-01-09 02:09:16,0,0,0,0,0,19.13,215,2682.98,0,0
2026-01-09 02:27:13,0,0,1,0,0,238.23,83,8934.41,1,0
2026-01-09 02:31:10,1,0,0,0,0,21.75,57,2645.68,0,0
2026-01-09 03:27:42,3,0,0,0,0,25.94,141,7030.13,0,0
2026-01-09 03:57:55,3,0,1,0,0,280.45,250,11742.63,0,0
2026-01-09 04:34:49,1,0,0,0,0,34.85,222,975.65,0,0
2026-01-09 04:42:55,0,0,0,0,0,34.31,169,9506.27,0,0
2026-01-09 06:16:46,0,0,1,0,0,257.32,114,2952.7,0,0
2026-01-09 06:41:35,0,0,1,0,0,47.01,110,1506.37,0,0
2026-01-09 08:17:17,0,0,1,0,0,68.11,72,11290.87,0,0
2026-01-09 11:13:56,0,0,0,0,0,82.19,157,8934.41,1,0
2026-01-09 11:57:55,0,0,0,0,0,202.71,171,8934.41,1,0
2026-01-09 12:59:14,0,0,0,1,1,121.12,50,8934.41,1,0
2026-01-09 14:52:28,5,0,0,0,0,30.23,50,113.23,0,0
2026-01-09 15:36:59,1,0,0,0,0,88.43,47,8934.41,1,0
2026-01-09 16:19:31,3,0,0,0,0,57.02,70,8934.41,1,0
2026-01-09 16:32:54,2,0,1,0,1,489.18,56,6044.97,0,0
2026-01-09 16:45:18,0,1,0,0,0,52.7,145,4454.08,0,0
2026-01-09 16:53:13,2,0,1,1,0,338.86,29,4894.92,0,1
2026-01-09 20:17:45,0,1,1,0,0,2.13,56,224.85,0,0
2026-01-09 21:10:42,1,1,1,0,0,15.9,232,10377.85,0,0
2026-01-09 21:46:38,0,0,0,0,0,1.88,52,8934.41,1,0
2026-01-09 22:04:52,7,0,0,0,0,89.99,176,3671.07,0,0
2026-01-09 22:59:12,0,0,0,0,0,1.3,118,1350.47,0,0
2026-01-09 23:59:27,0,0,1,0,0,60.52,2,8934.41,1,0
2026-01-10 00:19:59,5,0,0,1,0,196.04,33,8934.41,1,0
2026-01-10 00:24:51,0,0,1,0,0,10.23,187,9855.33,0,0
2026-01-10 00:25:05,1,0,0,0,0,45.44,237,8934.41,1,0
2026-01-10 01:27:57,2,0,1,1,1,712.22,167,8934.41,1,0
2026-01-10 01:39:26,3,0,1,1,1,674.72,55,11177.18,0,1
2026-01-10 02:46:40,6,0,0,0,0,130.0,243,4685.78,0,0
2026-01-10 05:39:28,6,0,1,0,1,6.63,35,5975.48,0,0
2026-01-10 06:15:01,0,0,1,1,0,151.4,31,5151.08,0,0
2026-01-10 06:32:05,3,0,0,0,0,182.66,204,8934.41,1,0
2026-01-10 06:45:55,1,0,1,0,0,56.47,159,7983.95,0,1
2026-01-10 07:08:48,1,0,0,1,0,218.18,26,13027.97,0,0
2026-01-10 07:38:33,0,0,0,0,0,47.97,236,8934.41,1,0
2026-01-10 08:31:41,1,0,0,0,0,118.65,224,4905.8,0,0
2026-01-10 08:46:18,7,0,0,0,0,49.24,49,8934.41,1,0
2026-01-10 08:49:19,4,0,0,0,0,3.86,60,11026.9,0,0
2026-01-10 09:41:01,0,0,0,1,0,8.71,241,8934.41,1,0
2026-01-10 09:52:48,0,1,1,0,0,58.35,50,1140.33,0,0
2026-01-10 10:13:42,0,0,1,1,1,6922.24,122,8934.41,1,0
2026-01-10 10:57:32,3,0,0,0,0,19.55,188,9529.2,0,0
2026-01-10 16:13:08,2,0,0,1,1,3389.03,131,2674.63,0,0
2026-01-10 16:46:43,0,0,1,1,1,3777.28,148,8934.41,1,0
2026-01-10 17:56:26,0,0,0,0,0,52.7,184,8934.41,1,0
2026-01-10 19:23:25,0,0,1,0,0,61.96,117,13304.83,0,0
2026-01-10 20:12:30,0,0,1,0,0,69.88,175,8934.41,1,0
2026-01-10 20:26:01,4,0,1,0,1,2207.17,2,1226.57,0,0
2026-01-10 23:54:23,1,0,0,0,0,13.21,231,7678.05,0,0
2026-01-11 00:10:45,0,0,0,0,0,39.84,248,8934.41,1,0
2026-01-11 00:20:56,1,0,0,0,0,18.72,63,7038.62,0,0
2026-01-11 01:39:13,0,0,0,1,0,210.71,109,8934.41,1,1
2026-01-11 02:05:22,6,0,0,0,0,7.31,205,8934.41,1,0
2026-01-11 02:05:35,0,0,0,0,0,137.72,221,8934.41,1,0
2026-01-11 02:27:14,0,0,0,0,0,57.94,191,11396.02,0,0
2026-01-11 02:32:52,0,0,0,0,0,125.39,51,8934.41,1,0
2026-01-11 02:52:51,1,0,0,0,0,220.63,70,2073.33,0,0
2026-01-11 03:25:36,1,0,0,0,0,41.5,42,8934.41,1,0
2026-01-11 04:17:39,2,0,1,0,0,25.75,8,4064.23,0,0
2026-01-11 04:28:16,0,0,0,1,0,105.04,26,1279.47,0,0
2026-01-11 04:33:52,0,1,1,1,0,600.19,182,9367.07,0,0
2026-01-11 06:51:38,0,0,0,0,0,130.75,74,12618.93,0,0
2026-01-11 07:46:55,1,0,1,1,0,158.78,166,8934.41,1,0
2026-01-11 10:41:13,0,0,0,0,0,99.39,184,1004.78,0,0
2026-01-11 11:46:35,1,0,0,0,0,45.92,108,8934.41,1,0
2026-01-11 12:34:05,3,0,0,0,0,106.32,65,8934.41,1,0
2026-01-11 12:58:01,4,0,0,1,0,13.76,66,8934.41,1,0
2026-01-11 14:51:12,0,0,0,0,0,67.1,171,3053.28,0,0
2026-01-11 15:35:14,0,0,0,0,0,85.11,192,8934.41,1,0
2026-01-11 17:15:09,0,0,0,0,0,237.25,35,2135.68,0,0
2026-01-11 18:40:53,1,0,0,0,0,252.22,247,5885.72,0,0
2026-01-11 21:36:08,3,0,1,0,0,6.2,193,14624.08,0,0
2026-01-11 22:26:29,0,0,0,0,0,99.93,196,8934.41,1,0
2026-01-11 23:07:52,0,0,1,0,1,2387.33,131,1854.73,0,0
2026-01-12 00:45:22,3,0,0,0,0,76.88,88,9631.48,0,0
2026-01-12 00:54:52,3,0,0,0,0,10.06,55,2835.43,0,0
2026-01-12 00:59:19,0,0,0,0,0,26.49,81,6728.95,0,0
2026-01-12 01:08:00,1,1,1,1,0,37.64,155,15212.28,0,0
2026-01-12 01:20:05,0,0,0,0,0,108.71,153,6042.88,0,0
2026-01-12 02:12:59,0,0,0,0,0,6.78,59,8934.41,1,0
2026-01-12 03:39:04,4,0,1,1,0,79.77,212,8934.41,1,0
2026-01-12 04:30:49,3,0,0,0,0,11.53,39,8934.41,1,0
2026-01-12 04:42:24,2,0,1,0,0,50.27,108,1015.82,0,0
2026-01-12 05:03:36,0,0,0,0,0,55.44,182,1469.73,0,0
2026-01-12 05:31:18,3,0,1,0,1,901.78,51,1618.43,0,0
2026-01-12 05:47:28,0,0,0,0,0,124.09,30,11200.98,0,0
2026-01-12 06:19:41,0,0,0,0,0,8.47,198,14683.13,0,0
2026-01-12 06:28:57,1,0,0,0,0,31.23,199,9716.97,0,0
2026-01-12 06:51:52,0,0,0,0,0,102.48,27,6161.72,0,0
2026-01-12 07:53:56,2,0,0,0,0,287.47,133,8934.41,1,0
2026-01-12 07:55:35,1,0,0,1,0,96.97,154,11773.18,0,0
2026-01-12 08:44:43,0,1,1,0,0,214.87,164,8934.41,1,0
2026-01-12 09:22:36,0,0,0,0,0,345.48,139,8934.41,1,0
2026-01-12 09:40:57,0,0,0,0,0,215.33,246,7527.05,0,0
2026-01-12 10:48:56,0,0,0,0,0,358.3,106,8934.41,1,0
2026-01-12 11:02:01,1,0,1,0,0,150.08,184,1460.8,0,0
2026-01-12 12:38:13,3,0,0,0,0,218.18,151,8934.41,1,0
2026-01-12 12:42:41,0,0,0,0,0,67.62,131,814.82,0,0
2026-01-12 12:48:50,0,0,0,0,0,42.38,242,8934.41,1,0
2026-01-12 12:57:37,1,0,0,0,0,814.78,207,12670.55,0,0
2026-01-12 14:20:21,3,0,0,0,0,10.29,186,8934.41,1,0
2026-01-12 14:39:31,0,0,0,0,0,317.48,44,10091.02,0,0
2026-01-12 14:45:10,0,0,1,0,1,845.48,245,15967.25,0,0
2026-01-12 15:48:13,1,0,0,0,0,2.26,89,12891.85,0,0
2026-01-12 16:05:14,0,1,1,1,0,162.46,80,8934.41,1,0
2026-01-12 17:05:30,0,0,0,0,0,58.74,96,11906.47,0,0
2026-01-12 17:55:29,2,0,0,0,0,160.29,26,2247.22,0,0
2026-01-12 18:38:01,1,0,0,0,0,4.59,69,8934.41,1,0
2026-01-12 19:22:34,1,0,0,0,0,365.53,10,14596.63,0,0
2026-01-12 19:44:29,2,0,0,0,0,111.18,75,8934.41,1,0
2026-01-12 21:54:02,1,0,1,0,0,4.92,97,8934.41,1,0
2026-01-12 23:44:51,0,0,0,0,0,0.47,220,6391.25,0,0
2026-01-13 01:19:26,0,0,0,0,0,90.14,57,5688.27,0,0
2026-01-13 01:47:13,0,0,1,0,0,375.07,80,581.98,0,0
2026-01-13 02:25:33,0,0,1,0,0,74.23,172,6195.35,0,0
2026-01-13 02:28:36,1,0,0,0,0,43.68,2,3242.58,0,0
2026-01-13 02:36:01,3,1,1,0,0,279.57,157,5242.08,0,0
2026-01-13 03:22:46,6,0,0,1,0,413.23,108,1360.37,0,1
2026-01-13 04:50:12,1,0,0,0,0,153.47,130,9320.95,0,0
2026-01-13 06:12:45,0,0,0,0,0,126.55,86,13482.23,0,0
2026-01-13 06:20:22,0,0,1,0,0,0.21,75,635.88,0,0
2026-01-13 09:50:00,3,0,0,0,0,37.64,163,13635.95,0,0
2026-01-13 09:57:27,1,0,0,0,0,259.26,96,1011.95,0,0
2026-01-13 10:36:01,1,0,0,0,0,45.91,229,8934.41,1,0
2026-01-13 11:53:20,2,0,0,0,0,40.73,111,8934.41,1,0
2026-01-13 13:54:40,2,0,1,1,1,1155.63,192,2779.43,0,0
2026-01-13 15:58:36,3,0,1,1,1,890.73,133,1924.67,0,0
2026-01-13 16:59:56,0,0,0,0,0,195.76,219,6770.65,0,0
2026-01-13 17:26:17,2,0,0,0,0,8.52,51,2154.98,0,0
2026-01-13 17:41:40,3,0,0,0,0,107.51,204,4989.58,0,0
2026-01-13 17:42:47,0,0,0,0,0,119.47,136,17168.4,0,0
2026-01-13 22:04:31,1,0,0,1,0,212.12,125,8934.41,1,0
2026-01-13 22:22:54,0,0,0,0,0,53.75,131,2020.22,0,0
2026-01-13 22:47:24,5,1,0,0,0,34.96,224,5175.72,0,0
2026-01-13 22:50:43,0,0,0,0,0,98.5,22,8934.41,1,0
2026-01-13 23:08:33,1,0,0,0,0,129.07,63,4247.62,0,0
2026-01-13 23:20:03,0,0,1,0,1,281.27,28,7279.57,0,0
2026-01-14 00:28:25,2,1,1,0,0,17.22,218,8934.41,1,0
2026-01-14 02:37:38,0,0,0,0,0,30.6,45,10427.72,0,0
2026-01-14 03:32:44,0,0,0,0,0,28.49,149,10745.5,0,0
2026-01-14 05:04:12,0,0,0,0,0,138.89,203,8934.41,1,0
2026-01-14 06:38:36,4,0,0,0,0,75.65,27,2866.73,0,1
2026-01-14 10:15:52,0,0,0,1,0,79.36,107,17656.97,0,0
2026-01-14 10:25:14,0,0,0,0,0,1.48,7,11074.7,0,0
2026-01-14 10:32:20,2,0,1,0,0,515.99,230,14710.75,0,0
2026-01-14 11:33:15,1,1,1,1,1,2656.08,107,77.38,0,1
2026-01-14 17:33:50,4,0,0,0,0,58.64,73,8934.41,1,0
2026-01-14 17:40:37,0,0,0,0,0,6.92,47,7323.63,0,0
2026-01-14 17:43:38,1,1,1,0,1,1777.67,48,10276.12,0,1
2026-01-14 19:31:42,0,0,0,0,0,76.58,123,8934.41,1,0
2026-01-14 19:39:42,0,0,0,0,0,113.18,98,15246.12,0,0
2026-01-14 20:11:25,1,0,0,0,0,113.19,123,39.72,0,0
2026-01-14 20:18:31,1,0,1,0,0,16.81,43,8934.41,1,0
2026-01-14 20:32:42,2,0,0,0,0,39.87,26,3037.22,0,0
2026-01-14 20:37:22,0,0,0,0,0,1.79,70,5384.52,0,0
2026-01-14 21:12:09,0,0,1,0,0,403.21,76,8934.41,1,0
2026-01-14 21:25:46,0,0,0,0,0,164.23,122,6432.07,0,0
2026-01-14 21:44:42,7,0,0,0,0,264.24,250,8266.78,0,0
2026-01-14 23:12:31,0,0,0,0,0,4.51,165,8934.41,1,0
2026-01-14 23:14:21,0,0,0,0,0,69.38,121,8934.41,1,0
2026-01-14 23:17:48,0,0,0,0,0,137.61,50,6565.0,0,0
2026-01-15 01:38:22,1,0,0,0,1,164.23,44,3538.85,0,0
2026-01-15 03:41:09,0,0,0,0,0,150.1,232,7590.45,0,0
2026-01-15 04:41:16,4,0,0,0,0,104.27,127,13729.07,0,0
2026-01-15 05:20:07,0,0,0,0,0,419.67,119,18239.37,0,0
2026-01-15 05:30:58,4,0,0,0,0,15.18,1,8934.41,1,0
2026-01-15 08:44:42,0,0,0,0,0,99.23,35,5249.55,0,0
2026-01-15 10:52:29,1,0,0,0,0,294.0,68,8934.41,1,0
2026-01-15 11:41:01,4,0,0,1,0,136.13,40,11426.22,0,0
2026-01-15 12:46:04,0,0,0,0,0,40.97,178,16112.9,0,0
2026-01-15 13:25:49,6,1,1,0,0,12.7,200,11000.75,0,0
2026-01-15 14:45:52,0,0,0,0,0,331.78,66,5867.85,0,0
2026-01-15 15:08:54,5,0,0,0,0,7.46,12,16733.63,0,0
2026-01-15 15:38:18,1,0,0,0,0,369.56,115,14081.75,0,0
2026-01-15 17:01:36,0,0,1,0,0,36.17,200,215.78,0,0
2026-01-15 17:08:20,0,0,0,0,0,196.83,169,9385.42,0,0
2026-01-15 18:03:54,0,0,1,0,1,1212.2,188,7626.37,0,0
2026-01-15 18:37:27,0,0,1,1,1,3655.73,159,7911.53,0,0
2026-01-15 19:11:13,0,0,0,0,0,55.62,85,12672.07,0,0
2026-01-15 20:46:22,0,0,0,0,0,189.58,223,13667.87,0,0
2026-01-15 20:59:20,0,0,1,1,0,27.23,32,8934.41,1,0
2026-01-15 21:10:44,2,0,0,0,0,62.87,148,7464.02,0,0
2026-01-15 21:16:28,0,0,0,0,0,187.28,239,13253.15,0,0
2026-01-15 21:24:03,0,1,1,1,0,12.6,83,9776.83,0,0
2026-01-15 23:42:09,1,0,0,0,0,130.43,175,7409.65,0,0
2026-01-16 02:01:46,0,0,0,0,0,57.42,222,9926.95,0,0
2026-01-16 03:11:46,0,0,0,0,0,71.99,115,693.47,0,0
2026-01-16 03:22:46,0,0,0,0,0,86.52,73,2028.93,0,0
2026-01-16 03:28:27,4,0,0,0,0,32.25,84,17857.32,0,0
2026-01-16 04:39:03,3,0,0,0,0,10.13,146,18188.7,0,0
2026-01-16 06:00:21,0,0,0,0,0,1.88,112,8934.41,1,0
2026-01-16 09:23:05,1,1,1,0,0,56.37,205,7637.72,0,0
2026-01-16 11:36:08,1,0,0,0,0,31.32,188,1052.23,0,0
2026-01-16 12:24:43,1,0,1,0,0,100.22,30,6157.25,0,0
2026-01-16 13:20:27,1,0,0,0,0,125.86,239,963.98,0,0
2026-01-16 14:13:23,1,0,0,1,0,70.07,29,9920.17,0,0
2026-01-16 15:05:39,0,0,0,0,0,96.49,180,16039.78,0,0
2026-01-16 15:13:36,0,0,0,0,0,82.27,51,4187.32,0,0
2026-01-16 15:44:55,0,0,0,0,0,0.46,158,19493.88,0,1
2026-01-16 18:06:52,4,0,1,0,0,184.33,239,286.42,0,0
2026-01-16 18:28:36,1,0,0,0,0,6.14,69,5750.58,0,0
2026-01-16 20:21:17,3,1,0,0,0,52.82,68,2008.8,0,0
2026-01-16 20:41:25,7,0,1,0,0,11.77,178,1915.35,0,0
2026-01-16 22:52:49,0,0,0,0,0,108.56,238,15913.32,0,0
2026-01-16 23:18:24,1,0,0,0,0,39.39,59,7025.42,0,0
2026-01-16 23:48:30,1,0,0,0,0,7.38,31,9693.48,0,0
2026-01-17 00:20:40,6,0,0,0,0,4.64,170,8934.41,1,0
2026-01-17 00:24:35,7,0,0,0,0,27.07,161,18660.63,0,0
2026-01-17 00:33:30,1,0,0,0,0,110.04,241,9532.48,0,0
2026-01-17 00:40:22,0,0,0,0,0,126.66,65,7926.28,0,0
2026-01-17 01:16:20,2,0,0,0,0,13.75,19,8934.41,1,0
2026-01-17 04:29:18,0,0,0,0,0,14.98,143,16677.78,0,0
2026-01-17 04:58:03,2,0,0,0,0,89.95,66,2292.18,0,0
2026-01-17 06:05:30,4,1,1,0,0,315.28,68,584.22,0,0
2026-01-17 06:16:02,0,0,0,0,0,80.5,3,8934.41,1,0
2026-01-17 06:35:50,1,0,0,0,0,124.39,87,8934.41,1,0
2026-01-17 06:39:28,0,0,0,0,1,1284.97,104,8934.41,1,0
2026-01-17 07:11:17,0,0,0,0,1,166.12,188,1175.15,0,0
2026-01-17 08:46:07,0,0,0,0,0,292.74,171,8274.92,0,0
2026-01-17 08:54:26,2,0,1,1,1,112.06,53,8934.41,1,0
2026-01-17 08:54:34,5,0,1,1,1,2139.86,70,3617.2,0,0
2026-01-17 09:20:12,5,0,0,0,0,388.01,94,8934.41,1,0
2026-01-17 09:34:02,0,0,0,0,0,38.42,151,7015.82,0,0
2026-01-17 09:35:53,3,0,0,0,0,18.83,233,8934.41,1,0
2026-01-17 09:39:18,2,0,1,0,0,83.51,177,12347.7,0,0
2026-01-17 09:54:20,0,0,1,0,1,2377.61,15,21339.57,0,0
2026-01-17 09:56:15,0,0,0,0,0,298.53,109,9137.03,0,0
2026-01-17 10:25:20,0,0,0,0,0,118.31,175,2083.18,0,0
2026-01-17 10:37:34,4,0,0,1,0,40.93,114,11780.8,0,0
2026-01-17 10:40:58,1,0,0,0,0,68.19,209,8934.41,1,0
2026-01-17 11:21:26,2,0,1,0,0,143.21,9,8934.41,1,1
2026-01-17 12:41:20,0,0,0,0,0,155.09,194,14389.92,0,0
2026-01-17 12:42:07,2,0,0,0,0,7.74,50,3684.32,0,0
2026-01-17 13:01:30,0,1,1,0,0,95.12,181,14303.05,0,0
2026-01-17 13:57:52,0,0,1,1,0,342.25,105,8934.41,1,0
2026-01-17 15:13:08,1,1,1,0,0,153.83,93,8934.41,1,0
2026-01-17 16:56:41,0,0,0,0,0,0.73,115,2264.92,0,0
2026-01-17 17:01:57,3,0,0,0,0,25.48,170,1001.28,0,0
2026-01-17 18:12:27,0,1,1,0,0,58.88,174,8934.41,1,0
2026-01-17 18:46:31,1,0,0,0,0,122.51,223,2760.15,0,0
2026-01-17 20:08:28,0,0,0,0,0,81.02,96,6371.02,0,0
2026-01-17 20:17:45,1,0,1,0,0,8.05,248,9847.0,0,0
2026-01-17 22:15:38,0,0,0,0,0,134.04,58,15111.65,0,0
2026-01-17 22:16:43,0,0,0,0,0,182.46,1,3885.75,0,0
2026-01-17 23:08:09,4,0,0,0,0,23.04,94,827.95,0,0
2026-01-17 23:33:37,0,0,0,0,0,6.98,92,15589.77,0,0
2026-01-17 23:34:16,3,0,0,0,0,156.52,218,5705.85,0,0
2026-01-18 01:02:22,7,0,0,0,0,102.29,82,17284.42,0,0
2026-01-18 01:15:00,0,1,1,0,0,162.71,248,297.25,0,0
2026-01-18 01:37:00,0,0,0,0,0,83.61,1,200.28,0,0
2026-01-18 02:46:08,1,0,1,1,0,55.96,169,3457.8,0,0
2026-01-18 03:26:17,6,0,0,0,0,329.89,116,14633.77,0,0
2026-01-18 04:40:19,4,0,0,0,0,151.39,48,4976.68,0,0
2026-01-18 05:29:03,1,0,0,0,0,53.09,211,13384.0,0,0
2026-01-18 05:53:37,2,0,0,0,0,238.07,99,16021.72,0,0
2026-01-18 05:53:56,0,0,0,0,0,503.58,33,11853.95,0,0
2026-01-18 06:04:47,6,0,0,0,0,36.85,72,12827.5,0,0
2026-01-18 06:52:31,6,0,1,0,0,223.0,244,8934.41,1,0
2026-01-18 07:02:19,0,0,0,0,0,4.65,241,1828.82,0,0
2026-01-18 08:54:04,0,0,0,0,0,24.12,91,16721.37,0,0
2026-01-18 08:55:48,0,0,0,0,0,17.54,101,15646.35,0,0
2026-01-18 10:01:40,0,0,0,0,0,44.1,170,1019.72,0,0
2026-01-18 12:42:22,3,0,0,0,0,82.7,136,6899.58,0,0
2026-01-18 14:06:43,0,0,1,0,0,127.29,248,771.72,0,0
2026-01-18 15:21:42,0,0,0,0,0,233.1,186,8701.35,0,0
2026-01-18 17:17:44,0,0,0,0,0,17.26,108,8034.97,0,0
2026-01-18 17:38:57,7,0,0,0,0,86.34,112,3578.6,0,1
2026-01-18 18:07:06,1,0,0,0,0,80.9,224,6919.7,0,0
2026-01-18 18:10:27,0,0,0,0,0,61.34,211,761.4,0,0
2026-01-18 19:40:00,0,0,0,0,0,118.61,158,3115.08,0,0
2026-01-18 20:50:12,7,0,0,1,0,72.02,60,12240.88,0,0
2026-01-18 22:23:40,3,0,0,0,0,79.89,228,8934.41,1,1
2026-01-18 22:36:24,0,0,1,0,1,3504.69,124,22305.9,0,0
2026-01-18 22:55:30,0,0,1,0,0,196.81,10,8852.93,0,0
2026-01-19 00:30:09,0,0,1,0,0,86.12,192,7835.48,0,0
2026-01-19 00:50:42,0,0,0,0,0,16.99,164,9605.98,0,0
2026-01-19 01:04:09,1,1,0,0,0,318.69,16,22084.15,0,0
2026-01-19 01:14:17,4,0,1,0,0,97.47,3,2578.25,0,0
2026-01-19 01:15:57,0,0,1,0,0,164.75,86,8343.2,0,1
2026-01-19 02:01:58,3,0,1,0,0,5.66,243,12915.3,0,0
2026-01-19 02:38:38,0,0,1,1,1,3407.0,86,82.68,0,0
2026-01-19 04:02:00,2,0,0,0,0,118.25,85,4850.78,0,0
2026-01-19 04:42:18,2,0,0,0,0,115.65,222,4480.53,0,0
2026-01-19 06:25:15,0,0,0,0,0,11.67,155,10397.25,0,0
2026-01-19 06:27:38,0,0,1,0,0,124.78,66,2969.58,0,0
2026-01-19 08:59:02,1,0,0,0,0,7.97,200,5277.43,0,0
2026-01-19 09:03:39,0,0,0,0,0,5.74,171,2897.53,0,0
2026-01-19 12:25:08,0,0,0,0,0,39.36,151,3051.1,0,0
2026-01-19 12:33:16,1,0,0,0,0,2.34,39,10562.45,0,0
2026-01-19 12:38:40,7,0,0,0,0,17.39,166,11811.75,0,1
2026-01-19 12:53:16,0,0,0,0,0,129.51,105,2815.4,0,0
2026-01-19 15:48:39,3,0,0,0,0,180.14,164,897.95,0,0
2026-01-19 16:12:40,0,0,1,0,0,19.79,142,17327.98,0,0
2026-01-19 16:39:41,2,0,1,0,0,173.33,117,12796.27,0,0
2026-01-19 17:48:02,1,0,0,0,0,65.49,128,8934.41,1,0
2026-01-19 17:55:15,4,1,1,1,1,4751.37,95,8934.41,1,0
2026-01-19 18:42:52,0,0,0,0,0,15.0,185,8934.41,1,0
2026-01-19 19:26:39,1,1,0,0,0,5.51,175,3421.32,0,0
2026-01-19 20:40:18,1,0,0,0,0,186.48,51,4646.7,0,0
2026-01-19 21:05:07,0,0,0,0,0,44.94,147,21729.13,0,0
2026-01-19 22:12:36,0,1,0,0,0,61.1,30,4907.88,0,0
2026-01-19 22:37:55,0,0,1,1,1,1075.53,16,1293.77,0,0
2026-01-19 23:14:06,0,0,0,0,0,174.39,76,7321.95,0,0
2026-01-20 00:24:43,3,0,0,0,0,7.9,64,8934.41,1,0
2026-01-20 01:25:11,0,0,0,0,0,80.1,60,1714.98,0,0
2026-01-20 01:43:44,0,0,0,0,0,56.31,216,18220.5,0,0
2026-01-20 02:15:29,2,0,0,0,0,41.59,42,12889.88,0,0
2026-01-20 03:39:13,0,0,1,0,0,42.79,166,900.55,0,0
2026-01-20 03:43:36,1,0,0,0,0,266.41,189,16614.62,0,0
2026-01-20 04:05:21,0,0,0,1,0,31.21,224,2038.25,0,0
2026-01-20 04:11:11,5,0,0,0,0,60.63,50,3809.07,0,0
2026-01-20 04:23:07,3,0,1,0,0,67.89,19,4506.78,0,1
2026-01-20 04:51:06,3,1,1,0,1,1908.72,168,8934.41,1,1
2026-01-20 05:38:29,0,0,0,0,1,1097.79,47,7917.87,0,0
2026-01-20 07:25:21,2,0,1,0,1,1456.25,62,18163.25,0,0
2026-01-20 10:12:12,0,0,1,0,0,50.89,69,5263.6,0,0
2026-01-20 11:30:32,0,0,0,0,0,126.8,237,15065.45,0,0
2026-01-20 14:23:59,0,0,1,0,0,62.71,174,4091.53,0,1
2026-01-20 14:24:41,1,0,0,0,0,25.19,63,9556.13,0,0
2026-01-20 17:40:15,0,0,0,0,0,169.79,47,721.77,0,0
2026-01-20 17:40:43,1,1,0,0,0,145.01,130,10850.52,0,0
2026-01-20 18:08:50,0,0,0,0,0,98.75,179,8934.41,1,0
2026-01-20 18:10:17,0,0,0,0,0,73.8,224,844.93,0,0
2026-01-20 19:27:52,2,0,0,0,0,23.38,128,1539.83,0,0
2026-01-20 21:04:39,0,0,1,1,0,202.76,219,10324.72,0,0
2026-01-20 21:22:42,2,0,0,0,0,10.22,2,11214.1,0,0
2026-01-20 22:25:20,0,1,1,0,0,48.32,37,17599.9,0,0
2026-01-20 22:35:07,3,0,0,1,0,191.43,165,8602.6,0,0
2026-01-20 23:21:30,1,0,0,0,0,90.53,185,1718.63,0,0
2026-01-20 23:29:59,0,0,1,0,1,866.04,150,20455.6,0,0
2026-01-20 23:50:08,0,0,0,0,0,156.71,98,8890.43,0,0
2026-01-21 00:34:45,1,0,1,1,0,455.77,64,1450.03,0,0
2026-01-21 00:37:08,3,0,0,0,0,20.93,219,212.48,0,0
2026-01-21 00:38:03,0,0,0,0,0,5.21,81,12938.73,0,0
2026-01-21 00:50:41,0,1,1,0,0,62.17,167,15802.73,0,0
2026-01-21 00:58:50,3,0,0,0,0,33.88,87,5423.0,0,0
2026-01-21 01:14:25,1,0,1,0,0,109.89,74,14062.78,0,0
2026-01-21 02:31:35,0,0,0,0,0,68.17,150,181.6,0,0
2026-01-21 03:56:06,0,0,1,0,1,1036.73,15,5401.77,0,0
2026-01-21 05:33:34,0,0,0,0,1,657.72,189,1549.97,0,0
2026-01-21 05:49:42,1,0,0,0,0,23.66,188,5678.42,0,0
2026-01-21 06:02:16,0,0,0,0,0,24.01,50,1551.08,0,0
2026-01-21 06:36:37,7,0,0,0,0,48.93,189,63.05,0,0
2026-01-21 08:55:43,0,0,1,1,0,114.52,190,8934.41,1,0
2026-01-21 08:59:59,0,0,0,0,0,41.12,128,812.12,0,0
2026-01-21 09:01:02,1,0,0,0,0,39.46,40,8480.02,0,0
2026-01-21 09:01:51,4,0,0,0,0,55.34,164,2473.2,0,0
2026-01-21 09:16:09,3,0,0,0,0,469.53,107,9942.9,0,0
2026-01-21 10:21:57,0,1,1,0,1,143.5,167,571.27,0,0
2026-01-21 10:56:53,2,0,0,0,0,34.91,16,2178.97,0,0
2026-01-21 11:33:37,1,0,0,1,0,34.53,56,16755.87,0,0
2026-01-21 11:46:43,0,0,1,0,0,366.91,119,9026.6,0,1
2026-01-21 15:33:26,0,0,0,0,0,52.29,156,8934.41,1,0
2026-01-21 16:03:38,0,0,0,0,0,83.7,35,9078.93,0,0
2026-01-21 16:20:52,0,0,0,0,0,22.08,248,4454.15,0,0
2026-01-21 18:24:51,4,0,0,0,0,1.28,160,8934.41,1,0
2026-01-21 19:18:39,0,0,0,0,0,41.44,52,17132.02,0,0
2026-01-21 19:59:31,5,0,1,1,0,101.9,47,1579.27,0,0
2026-01-21 20:32:31,1,0,0,0,0,117.62,216,2568.78,0,0
2026-01-21 20:41:06,1,0,0,0,0,140.19,191,15493.87,0,0
2026-01-21 21:31:08,1,0,0,1,0,197.09,149,11158.4,0,0
2026-01-21 21:31:58,0,0,0,0,0,12.29,233,6476.08,0,0
2026-01-21 21:36:48,0,0,0,1,1,129.63,83,8652.75,0,0
2026-01-21 22:08:57,0,0,0,0,0,154.97,160,224.1,0,0
2026-01-22 01:56:07,1,0,1,0,1,858.39,238,7383.3,0,1
2026-01-22 02:19:04,0,1,1,0,0,293.97,34,23339.38,0,0
2026-01-22 04:12:33,2,0,0,0,0,287.32,180,7986.9,0,0
2026-01-22 06:57:13,0,0,1,0,0,15.27,82,6114.85,0,0
2026-01-22 07:34:08,0,0,1,0,0,117.51,11,8934.41,1,0
2026-01-22 08:14:13,0,1,1,1,0,6.95,75,13073.85,0,0
2026-01-22 08:42:13,4,0,0,0,0,51.65,82,105.0,0,1
2026-01-22 08:46:04,2,0,1,0,0,184.33,129,21449.72,0,0
2026-01-22 09:17:45,0,0,0,0,0,61.8,168,3146.65,0,0
2026-01-22 09:43:15,1,0,0,0,0,3.42,1,6246.25,0,0
2026-01-22 09:43:16,0,0,0,0,0,27.49,152,21845.85,0,0
2026-01-22 11:16:11,7,0,0,0,0,9.03,41,26836.83,0,0
2026-01-22 12:23:17,1,0,0,0,0,52.46,214,23493.37,0,0
2026-01-22 12:33:02,0,0,0,0,0,119.3,199,14764.08,0,0
2026-01-22 12:46:11,1,0,0,1,0,107.99,118,18106.98,0,0
2026-01-22 13:07:43,0,0,0,0,0,126.92,209,7346.75,0,0
2026-01-22 15:42:08,6,1,1,1,1,726.31,49,17695.83,0,1
2026-01-22 16:23:41,0,0,1,1,0,30.83,140,24278.85,0,0
2026-01-22 17:12:16,1,0,0,0,1,87.93,193,15576.13,0,0
2026-01-22 17:36:19,0,0,0,0,0,284.0,195,27539.8,0,0
2026-01-22 18:04:50,2,0,1,0,0,12.59,111,13331.5,0,0
2026-01-22 18:16:04,2,0,0,0,0,19.63,94,6907.92,0,0
2026-01-22 20:40:06,1,0,0,0,0,2.53,215,19830.83,0,0
2026-01-22 22:15:54,1,0,0,0,0,38.15,59,8577.5,0,0
2026-01-22 23:25:39,4,0,0,0,0,170.84,72,6800.87,0,0
2026-01-22 23:30:54,0,0,0,0,0,40.38,236,18232.35,0,0
2026-01-23 00:15:40,0,0,0,0,0,109.66,17,8934.41,1,0
2026-01-23 00:38:44,0,0,0,0,0,336.81,134,8934.41,1,0
2026-01-23 02:13:22,7,0,0,0,0,223.05,60,4368.18,0,1
2026-01-23 02:15:11,0,0,0,0,0,19.84,56,2321.57,0,0
2026-01-23 02:45:05,2,0,0,0,0,44.5,140,621.4,0,0
2026-01-23 03:16:24,1,0,1,0,1,2086.3,21,22127.37,0,0
2026-01-23 04:26:36,0,0,0,0,0,380.13,75,1212.38,0,0
2026-01-23 07:28:36,0,0,0,0,0,125.86,194,8327.27,0,0
2026-01-23 07:39:16,0,0,0,0,0,29.06,127,11698.0,0,0
2026-01-23 08:29:35,0,0,0,0,0,14.25,148,10758.85,0,0
2026-01-23 09:31:30,0,0,1,0,0,68.35,64,3416.75,0,0
2026-01-23 09:42:20,0,0,1,1,1,321.56,112,6723.38,0,0
2026-01-23 09:42:52,3,0,0,1,0,25.83,20,25192.43,0,0
2026-01-23 10:59:29,6,0,1,0,1,1509.45,95,5344.23,0,0
2026-01-23 12:46:33,0,0,0,0,0,72.33,164,3104.7,0,0
2026-01-23 12:47:10,0,0,0,0,0,12.86,62,4641.82,0,1
2026-01-23 12:53:58,0,0,0,0,0,16.69,24,25678.18,0,0
2026-01-23 13:02:43,1,0,0,0,0,1.96,214,1479.43,0,0
2026-01-23 13:07:41,3,0,0,0,0,24.8,137,27168.65,0,0
2026-01-23 13:38:22,0,1,0,0,0,218.31,186,7096.67,0,0
2026-01-23 13:40:13,0,0,0,1,0,157.52,49,1318.08,0,0
2026-01-23 14:35:41,2,0,1,1,1,803.66,209,1527.97,0,0
2026-01-23 14:48:29,1,0,0,0,0,135.45,226,8934.41,1,0
2026-01-23 16:36:24,0,0,0,0,0,52.25,181,8854.9,0,0
2026-01-23 16:40:26,1,0,0,0,0,157.07,11,1986.3,0,0
2026-01-23 16:59:37,0,0,1,1,0,20.08,134,980.88,0,0
2026-01-23 17:02:45,0,0,0,0,0,16.55,187,19717.9,0,0
2026-01-23 22:06:47,2,0,1,0,0,8.11,179,4557.95,0,0
2026-01-23 22:37:23,3,0,0,0,0,27.68,177,9418.08,0,0
2026-01-23 22:58:29,0,0,0,0,0,15.82,87,4199.65,0,0
2026-01-23 23:34:41,5,0,0,1,0,160.27,240,23942.22,0,0
2026-01-24 00:32:53,0,0,1,1,0,27.44,113,8934.41,1,0
2026-01-24 00:46:08,2,0,1,0,0,72.61,247,17645.25,0,0
2026-01-24 01:33:45,0,0,0,0,0,141.14,121,13099.4,0,0
2026-01-24 03:02:53,4,0,0,0,0,113.03,175,6216.23,0,0
2026-01-24 03:20:54,4,0,0,0,0,22.89,45,14443.27,0,0
2026-01-24 03:43:29,0,0,1,0,0,8.02,49,843.27,0,0
2026-01-24 04:12:04,5,0,0,0,0,242.77,168,2574.32,0,0
2026-01-24 05:49:47,3,0,1,0,1,1459.27,218,9015.52,0,0
2026-01-24 06:03:41,2,0,1,0,0,122.61,9,9762.25,0,0
2026-01-24 06:13:26,0,0,1,1,0,48.78,8,18835.78,0,0
2026-01-24 07:12:28,3,1,1,0,1,414.83,177,515.08,0,0
2026-01-24 07:26:57,3,0,0,0,0,75.63,180,3074.4,0,0
2026-01-24 07:44:34,0,0,0,0,0,8.11,238,3228.45,0,0
2026-01-24 09:37:15,5,0,1,1,0,160.93,26,13744.55,0,0
2026-01-24 10:05:53,0,0,0,0,0,106.28,244,8833.37,0,0
2026-01-24 10:48:30,0,0,0,0,0,143.39,140,1923.42,0,0
2026-01-24 10:59:53,1,0,1,1,1,1263.38,97,16625.85,0,0
2026-01-24 11:42:21,1,0,0,0,0,86.25,237,5771.82,0,0
2026-01-24 13:30:48,1,0,0,0,0,91.72,64,1679.3,0,0
2026-01-24 17:08:00,0,0,0,0,0,153.32,199,3154.97,0,0
2026-01-24 17:27:33,6,0,0,0,0,25.54,119,4660.83,0,0
2026-01-24 17:55:23,0,0,0,0,0,114.42,80,16808.17,0,0
2026-01-24 18:21:02,0,0,1,0,1,1206.81,154,17905.45,0,0
2026-01-24 18:23:33,0,0,0,0,0,68.34,89,17435.33,0,0
2026-01-24 18:46:20,1,1,1,1,0,77.85,120,29311.95,0,0
2026-01-24 19:02:03,5,0,0,0,0,31.77,35,4498.42,0,0
2026-01-24 19:36:37,1,0,1,0,1,56.68,107,4940.47,0,0
2026-01-24 20:03:05,3,0,0,0,1,2135.46,93,10369.95,0,0
2026-01-24 20:42:54,0,0,1,0,1,3718.51,178,11521.48,0,0
2026-01-24 23:36:11,1,0,0,0,0,65.54,234,8934.41,1,0
2026-01-24 23:45:23,0,1,1,1,1,2729.33,92,10091.77,0,0
2026-01-25 00:43:18,0,0,0,0,0,81.03,144,28323.4,0,0
2026-01-25 00:44:19,0,1,0,0,0,266.36,83,4507.52,0,0
2026-01-25 00:47:55,1,0,0,1,0,71.01,168,1235.85,0,1
2026-01-25 01:56:03,1,0,0,0,1,343.84,6,25148.55,0,0
2026-01-25 02:36:03,2,0,0,0,0,204.11,91,9701.98,0,0
2026-01-25 03:30:13,0,0,1,1,0,161.08,67,32833.22,0,0
2026-01-25 03:43:21,0,1,1,0,0,50.75,226,2214.87,0,0
2026-01-25 04:01:02,1,0,1,0,0,184.46,145,22275.73,0,0
2026-01-25 04:10:18,0,0,1,1,0,0.91,32,13390.97,0,0
2026-01-25 04:27:12,3,0,0,0,0,160.82,152,4003.93,0,0
2026-01-25 04:36:52,1,0,0,0,0,116.49,227,29800.43,0,0
2026-01-25 04:53:39,0,1,1,0,0,47.75,163,16983.65,0,0
2026-01-25 05:08:21,6,0,0,1,0,156.82,96,10619.88,0,0
2026-01-25 06:20:19,1,0,0,0,0,13.54,53,11365.88,0,0
2026-01-25 06:58:49,0,0,1,1,0,22.73,124,9142.42,0,0
2026-01-25 09:42:22,1,0,0,0,0,76.27,143,11833.07,0,0
2026-01-25 10:46:08,0,0,0,0,0,212.89,165,6491.02,0,0
2026-01-25 11:33:46,3,0,1,0,0,13.94,153,19333.68,0,0
2026-01-25 13:02:19,3,0,0,0,0,83.07,85,9180.32,0,1
2026-01-25 13:05:11,6,0,0,0,0,139.89,206,8934.41,1,0
2026-01-25 13:40:27,1,1,1,0,0,136.01,151,8715.32,0,0
2026-01-25 14:47:41,0,0,1,0,0,98.88,55,19552.82,0,0
2026-01-25 18:58:32,2,0,0,0,0,282.89,7,16353.3,0,0
2026-01-25 20:53:35,0,1,1,1,0,65.8,5,31956.68,0,0
2026-01-25 22:49:08,1,0,0,0,0,212.23,206,583.95,0,0
2026-01-26 02:07:06,1,1,0,0,0,96.65,83,1522.78,0,0
2026-01-26 03:45:13,0,1,1,1,0,133.74,107,1928.6,0,0
2026-01-26 05:24:01,0,0,0,0,0,62.52,199,2176.02,0,0
2026-01-26 05:35:39,3,0,0,1,0,18.35,200,9876.62,0,0
2026-01-26 06:05:06,3,0,0,0,0,11.55,68,12959.6,0,0
2026-01-26 06:22:06,0,0,0,0,0,114.67,6,1706.05,0,0
2026-01-26 06:58:52,0,0,0,0,0,47.24,124,1440.05,0,0
2026-01-26 07:04:14,0,0,0,0,0,83.81,101,11408.43,0,0
2026-01-26 07:52:50,3,0,1,1,1,2055.92,138,27562.28,0,0
2026-01-26 09:03:34,0,0,0,0,0,154.4,50,7381.3,0,0
2026-01-26 09:54:50,2,0,0,0,0,71.27,113,3441.95,0,0
2026-01-26 12:05:31,0,0,0,1,0,37.76,142,9832.85,0,0
2026-01-26 12:24:24,1,0,1,1,1,2243.36,13,8934.41,1,0
2026-01-26 14:12:10,0,0,1,0,0,53.67,230,17499.83,0,1
2026-01-26 14:31:32,2,0,1,0,0,276.04,112,4609.2,0,0
2026-01-26 18:08:20,0,0,0,0,0,174.05,106,20599.4,0,0
2026-01-26 19:13:00,1,0,1,0,0,137.4,118,6146.82,0,0
2026-01-26 19:37:33,0,0,0,0,0,27.61,71,33422.87,0,0
2026-01-26 20:41:29,2,0,0,0,0,45.06,149,7150.35,0,0
2026-01-26 20:50:00,3,0,0,0,0,189.03,225,8934.41,1,0
2026-01-26 21:04:43,0,0,0,0,0,2.34,139,20862.12,0,0
2026-01-26 23:31:42,3,0,1,0,0,152.08,6,1029.6,0,0
2026-01-27 00:43:08,1,0,1,0,0,51.78,164,5036.58,0,0
2026-01-27 01:06:37,0,0,0,0,0,160.62,75,5560.02,0,0
2026-01-27 02:02:02,0,0,0,0,0,80.38,55,2114.35,0,0
2026-01-27 05:49:17,0,0,0,0,0,74.83,34,7410.22,0,0
2026-01-27 06:17:22,2,0,1,0,0,120.93,222,11615.07,0,0
2026-01-27 06:17:50,2,0,0,0,0,164.16,201,28992.42,0,0
2026-01-27 06:29:58,0,1,0,0,0,118.24,71,652.42,0,0
2026-01-27 08:19:20,1,0,0,0,0,59.91,174,9715.35,0,0
2026-01-27 08:26:27,3,0,0,0,0,38.69,37,9241.12,0,0
2026-01-27 10:39:58,5,0,0,0,0,186.84,188,8930.27,0,1
2026-01-27 11:43:47,1,0,0,0,0,73.56,146,16264.73,0,0
2026-01-27 14:18:25,5,0,1,1,0,153.0,49,4954.93,0,0
2026-01-27 14:32:36,1,0,0,1,0,545.32,93,3989.52,0,0
2026-01-27 16:23:53,0,0,0,0,0,103.25,85,3081.57,0,0
2026-01-27 19:42:16,3,0,0,0,0,32.62,142,1896.75,0,0
2026-01-27 20:03:40,0,0,0,0,0,200.66,16,9186.78,0,0
2026-01-27 20:12:04,0,0,1,0,0,31.98,154,4431.03,0,0
2026-01-27 20:34:44,0,1,1,1,0,30.16,117,11755.05,0,0
2026-01-27 20:38:08,3,0,0,0,0,7.68,223,14511.62,0,0
2026-01-27 21:07:46,3,0,1,1,1,122.73,51,11547.47,0,0
2026-01-27 21:08:43,0,0,0,0,0,198.28,249,8934.41,1,0
2026-01-27 22:08:53,0,0,0,0,0,26.23,75,1262.27,0,0
2026-01-27 22:18:49,0,0,0,0,0,11.51,96,3910.47,0,0
2026-01-27 22:40:33,1,0,0,0,0,43.48,90,36405.48,0,0
2026-01-27 22:47:56,0,0,0,0,0,125.02,63,10583.25,0,0
2026-01-27 23:50:14,2,0,1,0,1,622.43,161,15805.65,0,0
2026-01-28 01:32:57,0,0,0,0,0,37.0,60,7159.58,0,0
2026-01-28 01:56:07,0,0,0,0,0,66.96,165,3789.98,0,0
2026-01-28 02:52:16,0,0,0,0,0,2.14,139,1787.55,0,0
2026-01-28 03:35:04,0,0,0,1,1,1013.18,148,6905.48,0,0
2026-01-28 05:50:47,5,0,0,0,0,460.71,205,17067.7,0,0
2026-01-28 06:57:01,0,0,0,0,0,160.62,162,33561.58,0,0
2026-01-28 07:55:31,0,1,1,0,0,7.31,188,1275.55,0,0
2026-01-28 08:20:54,0,0,0,0,0,106.37,97,5601.02,0,0
2026-01-28 08:26:02,0,0,0,0,0,61.82,58,15010.4,0,0
2026-01-28 08:39:59,0,0,0,0,0,175.01,171,12936.33,0,0
2026-01-28 08:53:45,0,0,0,0,0,10.37,196,23667.27,0,0
2026-01-28 09:11:25,1,0,0,0,0,26.49,54,29522.13,0,0
2026-01-28 09:23:30,1,0,0,0,0,156.61,200,3107.85,0,0
2026-01-28 09:35:22,0,0,0,0,0,189.18,250,19430.67,0,0
2026-01-28 09:41:53,0,0,1,0,0,75.36,114,15784.32,0,0
2026-01-28 11:12:19,6,0,1,0,0,1.99,188,196.8,0,0
2026-01-28 12:48:27,0,0,0,0,0,224.16,11,6968.02,0,0
2026-01-28 13:22:12,0,1,1,0,1,723.76,194,7553.6,0,0
2026-01-28 13:31:26,0,0,0,0,0,4.05,22,21040.72,0,0
2026-01-28 13:45:57,0,0,0,0,0,170.82,4,31353.33,0,0
2026-01-28 13:54:25,2,0,0,0,0,54.14,42,12218.93,0,0
2026-01-28 13:56:02,0,0,1,0,0,21.07,217,32916.47,0,0
2026-01-28 14:54:48,2,0,0,0,0,161.74,52,9816.15,0,0
2026-01-28 15:43:03,0,1,1,0,1,917.95,44,19564.68,0,0
2026-01-28 17:44:00,0,0,0,1,0,93.6,114,482.12,0,0
2026-01-28 19:15:10,2,0,0,0,0,173.23,143,4892.8,0,0
2026-01-28 21:16:21,0,0,0,0,0,73.9,76,12842.25,0,0
2026-01-28 21:16:49,1,0,1,1,0,11.71,97,775.92,0,0
2026-01-28 22:02:29,0,0,0,0,0,331.76,160,10073.53,0,0
2026-01-28 22:46:42,2,1,1,1,0,33.76,70,16672.13,0,0
2026-01-28 23:20:26,0,0,0,0,0,515.85,107,4055.22,0,0
2026-01-28 23:26:49,3,0,1,0,0,0.6,1,9463.57,0,1
2026-01-29 00:22:44,0,0,0,0,0,66.12,230,3490.57,0,0
2026-01-29 01:02:32,3,0,0,1,0,122.06,104,16943.07,0,0
2026-01-29 01:54:22,0,0,0,0,0,236.77,230,91.63,0,0
2026-01-29 01:57:57,2,0,0,0,0,151.57,20,8175.08,0,0
2026-01-29 02:19:00,0,0,0,0,0,29.52,236,8808.1,0,0
2026-01-29 02:33:08,4,0,0,0,0,27.88,114,529.13,0,0
2026-01-29 02:45:51,0,0,0,0,0,44.1,69,12513.65,0,0
2026-01-29 03:10:30,0,0,0,0,0,11.71,37,2564.05,0,0
2026-01-29 03:55:51,0,0,0,0,0,110.74,104,173.32,0,0
2026-01-29 05:06:27,0,0,0,0,0,283.46,179,7619.67,0,0
2026-01-29 06:24:26,0,0,0,1,0,102.75,2,12061.73,0,0
2026-01-29 09:35:52,5,0,0,0,0,76.22,78,30708.98,0,0
2026-01-29 10:11:58,6,0,0,0,0,69.99,145,6130.93,0,0
2026-01-29 10:14:30,0,0,1,0,0,89.8,50,4390.93,0,0
2026-01-29 12:38:42,4,0,0,0,0,124.0,210,8934.41,1,0
2026-01-29 12:53:16,1,1,0,0,0,158.47,145,161.3,0,0
2026-01-29 13:08:31,0,0,0,1,0,119.84,104,552.67,0,0
2026-01-29 13:44:25,2,0,0,1,0,122.09,159,19866.97,0,0
2026-01-29 14:00:06,1,1,1,1,1,4546.54,56,9344.92,0,0
2026-01-29 14:05:30,7,0,1,0,0,229.6,106,4077.17,0,1
2026-01-29 14:28:41,0,0,0,0,0,173.68,31,18160.18,0,0
2026-01-29 14:59:59,1,0,1,0,0,4.43,36,31494.82,0,0
2026-01-29 15:29:28,0,0,0,0,0,110.52,19,13626.35,0,0
2026-01-29 16:53:37,0,0,0,0,0,60.69,61,34390.93,0,0
2026-01-29 18:06:53,0,0,0,0,0,96.13,160,1204.4,0,0
2026-01-29 18:51:51,7,0,1,1,0,115.93,81,12613.8,0,0
2026-01-29 19:09:04,3,0,0,0,0,125.4,88,25583.7,0,0
2026-01-29 19:51:46,2,0,1,0,0,203.58,237,7689.42,0,0
2026-01-29 23:29:31,1,0,0,0,0,240.78,232,21348.37,0,0
2026-01-29 23:43:14,0,0,1,0,0,93.35,132,31508.22,0,0
2026-01-30 00:42:44,0,1,1,1,1,3368.8,69,1316.88,0,0
2026-01-30 01:30:19,0,0,0,0,0,144.66,244,8124.43,0,0
2026-01-30 02:26:39,0,0,1,1,0,22.66,117,3231.92,0,1
2026-01-30 02:31:59,2,1,1,0,0,3.6,47,11912.47,0,0
2026-01-30 03:51:47,1,1,0,0,0,0.99,123,22060.37,0,0
2026-01-30 04:21:19,0,0,0,0,0,88.34,244,171.0,0,0
2026-01-30 05:55:54,0,0,0,0,0,73.73,41,11199.72,0,0
2026-01-30 08:08:57,0,0,0,0,0,119.19,129,11482.88,0,0
2026-01-30 09:24:08,0,0,1,1,0,185.04,90,3523.58,0,0
2026-01-30 10:17:17,5,0,1,0,1,269.48,170,17295.62,0,0
2026-01-30 11:53:41,1,1,1,1,0,194.09,195,11177.37,0,0
2026-01-30 11:56:40,3,0,0,0,0,10.32,23,8934.41,1,0
2026-01-30 13:19:49,0,0,0,0,0,214.77,13,5815.42,0,0
2026-01-30 14:37:11,0,0,0,1,1,2850.55,214,10174.47,0,0
2026-01-30 15:38:33,0,0,0,0,0,119.39,223,4020.42,0,0
2026-01-30 17:13:07,3,1,0,0,0,35.67,61,1459.5,0,0
2026-01-30 17:21:41,2,0,0,0,0,9.81,72,11156.03,0,0
2026-01-30 17:21:43,0,0,0,0,0,150.55,158,17141.72,0,0
2026-01-30 17:55:15,1,0,0,0,0,24.57,174,4895.92,0,0
2026-01-30 18:01:06,0,0,0,1,1,872.24,204,24499.43,0,0
2026-01-30 18:05:25,1,0,1,1,0,75.69,86,16766.78,0,0
2026-01-30 18:54:57,5,0,0,0,0,115.66,43,22956.43,0,0
2026-01-30 23:57:02,1,1,1,0,0,66.83,15,14160.93,0,0
2026-01-31 00:05:16,1,0,1,0,1,1778.87,30,15952.67,0,0
2026-01-31 00:08:56,0,0,1,0,1,2523.32,188,3656.62,0,1
2026-01-31 01:31:20,0,0,0,0,0,124.85,152,8464.13,0,0
2026-01-31 03:25:25,0,0,1,0,0,35.6,113,6810.58,0,0
2026-01-31 03:40:14,0,0,0,0,0,224.7,127,11280.97,0,0
2026-01-31 04:16:51,2,0,0,1,0,79.98,25,35809.87,0,0
2026-01-31 04:44:49,2,0,0,0,0,62.62,53,8544.5,0,0
2026-01-31 05:54:35,0,0,0,0,0,85.58,186,11056.22,0,0
2026-01-31 06:36:44,3,0,1,1,0,66.01,2,2892.3,0,0
2026-01-31 09:45:44,0,0,1,0,0,140.69,65,20705.37,0,0
2026-01-31 10:18:57,0,0,0,0,0,54.59,84,22010.5,0,0
2026-01-31 10:45:08,0,0,0,0,0,149.93,173,36426.78,0,0
2026-01-31 10:45:23,0,0,0,1,1,2141.65,172,26419.83,0,0
2026-01-31 11:36:59,0,0,0,0,0,32.42,154,5244.92,0,0
2026-01-31 13:18:49,0,0,0,0,0,10.09,136,18756.45,0,0
2026-01-31 13:25:28,0,0,0,0,0,190.35,83,7878.37,0,0
2026-01-31 15:46:30,7,1,0,0,0,18.5,159,3002.08,0,0
2026-01-31 16:10:35,0,0,0,0,0,3.17,79,37853.27,0,0
2026-01-31 16:58:13,0,0,1,1,1,772.07,106,3052.72,0,0
2026-01-31 17:46:11,0,0,0,1,0,29.32,52,4491.38,0,0
2026-01-31 17:50:22,1,0,0,0,0,24.89,2,673.63,0,0
2026-01-31 18:29:31,0,0,1,1,0,18.91,194,4627.32,0,0
2026-01-31 18:38:03,3,1,1,0,0,138.31,50,3383.55,0,0
2026-01-31 18:49:46,1,1,1,1,0,152.98,122,24324.0,0,0
2026-01-31 19:20:37,1,0,1,0,1,71.25,221,29835.03,0,0
2026-01-31 19:39:21,1,0,0,0,0,79.14,225,7129.35,0,0
2026-01-31 19:44:06,0,0,0,0,0,14.52,138,7911.27,0,0
2026-01-31 20:12:29,0,0,0,0,0,69.23,240,11317.8,0,0
2026-01-31 21:04:27,0,0,1,1,0,42.76,46,8934.41,1,0
2026-01-31 21:39:55,1,0,1,1,1,338.12,186,945.33,0,1
2026-01-31 21:48:12,0,1,1,1,1,4436.49,85,6084.32,0,0
2026-01-31 23:28:37,0,0,0,0,0,314.07,213,8934.41,1,0
2026-02-01 00:46:46,6,0,0,0,0,83.0,235,39062.4,0,0
2026-02-01 00:55:19,0,0,0,0,0,20.83,13,2135.5,0,0
2026-02-01 03:34:36,3,0,1,1,1,1312.96,179,4228.15,0,0
2026-02-01 04:24:47,2,0,0,0,0,263.8,80,10709.4,0,0
2026-02-01 04:35:46,0,1,1,1,1,711.65,83,910.3,0,0
2026-02-01 05:43:35,0,0,0,0,0,14.82,216,14951.07,0,0
2026-02-01 06:49:54,0,0,0,0,0,118.32,186,549.98,0,0
2026-02-01 07:10:38,1,0,0,0,0,106.79,62,12623.47,0,0
2026-02-01 07:30:21,1,0,0,0,0,0.14,23,2613.68,0,0
2026-02-01 08:50:41,2,1,1,0,0,192.15,4,5464.73,0,0
2026-02-01 08:57:06,5,0,0,0,0,108.1,159,1030.6,0,0
2026-02-01 09:16:33,1,1,1,0,0,21.78,136,1197.73,0,0
2026-02-01 10:06:06,0,0,0,0,0,0.32,234,10709.92,0,0
2026-02-01 10:19:08,0,0,1,0,1,5379.49,153,10005.37,0,0
2026-02-01 10:30:07,3,0,0,0,0,140.52,54,5838.7,0,0
2026-02-01 12:04:24,0,0,0,0,0,45.42,215,13884.3,0,0
2026-02-01 12:30:08,0,0,1,1,0,56.7,139,6337.87,0,0
2026-02-01 13:13:36,2,0,0,0,0,77.41,220,28168.75,0,0
2026-02-01 14:47:18,0,0,0,0,0,126.81,45,12206.4,0,0
2026-02-01 16:09:42,4,0,1,0,0,18.99,87,12551.22,0,0
2026-02-01 16:32:26,1,1,0,0,0,21.78,45,105.13,0,0
2026-02-01 16:39:44,0,1,1,1,1,74.21,125,27035.22,0,0
2026-02-01 18:24:46,5,0,0,0,0,425.41,188,2535.83,0,0
2026-02-01 18:26:44,0,1,0,1,0,208.4,192,19796.58,0,0
2026-02-01 19:53:45,0,0,0,0,0,80.51,245,29108.58,0,0
2026-02-01 20:38:10,0,0,0,0,0,56.26,237,4366.4,0,0
2026-02-01 21:17:43,0,0,0,0,0,27.11,43,3022.77,0,0
2026-02-01 22:59:18,0,1,0,0,0,90.38,125,379.57,0,0
2026-02-01 23:07:03,0,0,0,0,0,117.28,240,1614.57,0,0
2026-02-01 23:10:56,0,0,0,0,0,116.86,192,284.2,0,0
2026-02-01 23:40:42,0,0,0,0,0,0.65,175,12757.82,0,0
2026-02-02 00:08:51,2,0,0,0,0,121.08,228,20265.18,0,0
2026-02-02 02:28:27,3,0,1,1,1,3019.05,61,3435.33,0,1
2026-02-02 02:32:19,0,0,0,0,0,12.21,226,11448.97,0,0
2026-02-02 04:40:52,0,0,0,0,0,140.8,176,33516.0,0,0
2026-02-02 06:08:25,0,1,0,0,0,173.3,75,7679.53,0,0
2026-02-02 07:05:58,0,0,0,0,0,32.32,241,21603.65,0,0
2026-02-02 07:20:41,2,0,0,1,1,1867.75,8,13027.25,0,1
2026-02-02 07:40:27,2,0,0,0,0,10.18,162,7243.43,0,0
2026-02-02 07:42:17,0,0,0,0,0,104.76,8,21.6,0,0
2026-02-02 08:25:26,0,0,0,0,0,71.4,249,7876.72,0,0
2026-02-02 10:10:45,0,0,0,0,0,189.61,52,2424.57,0,1
2026-02-02 11:06:42,1,1,0,0,0,60.14,81,5294.85,0,0
2026-02-02 11:31:24,0,0,0,0,0,55.88,214,4134.22,0,0
2026-02-02 15:38:25,7,1,0,0,0,271.48,8,476.13,0,1
2026-02-02 16:58:16,2,0,0,0,0,272.22,62,2027.63,0,0
2026-02-02 17:22:44,0,0,0,0,0,3.64,65,3337.0,0,0
2026-02-02 17:29:14,1,0,0,0,0,66.47,142,8506.97,0,0
2026-02-02 18:15:27,4,0,0,0,0,17.55,69,5372.72,0,0
2026-02-02 19:05:52,1,0,1,1,1,479.7,91,12509.82,0,0
2026-02-02 21:26:32,0,0,0,0,0,109.7,176,1005.67,0,0
2026-02-02 21:47:16,0,0,1,0,0,13.84,241,881.3,0,0
2026-02-02 22:03:00,3,0,1,0,0,1.13,87,1793.3,0,1
2026-02-02 22:11:04,1,0,0,0,0,129.87,246,30990.12,0,0
2026-02-02 22:37:10,1,1,1,1,0,102.54,140,13668.67,0,0
2026-02-02 22:37:54,3,0,0,0,0,232.96,64,13507.1,0,0
2026-02-02 23:13:59,4,0,0,0,0,78.16,244,5452.67,0,0
2026-02-03 00:49:50,4,0,0,0,0,290.65,124,11150.97,0,0
2026-02-03 02:14:04,0,0,0,0,0,93.98,30,4448.8,0,0
2026-02-03 03:29:53,1,0,0,0,0,48.96,136,2533.33,0,0
2026-02-03 04:07:49,2,0,0,0,0,93.77,125,1748.52,0,0
2026-02-03 04:19:17,2,0,0,0,0,138.3,232,6049.77,0,0
2026-02-03 05:23:01,1,0,0,0,0,42.7,66,21535.38,0,0
2026-02-03 05:34:19,0,0,0,0,0,46.61,197,8934.41,1,0
2026-02-03 05:40:56,2,0,0,0,0,99.41,205,8630.15,0,0
2026-02-03 06:01:15,2,0,0,0,0,60.81,209,15325.57,0,0
2026-02-03 06:12:04,0,0,0,0,0,74.86,163,13038.42,0,0
2026-02-03 07:28:37,0,0,1,0,1,6032.89,79,3798.03,0,0
2026-02-03 07:46:30,0,0,1,0,0,4.48,140,549.33,0,1
2026-02-03 08:29:37,0,0,0,0,0,104.38,227,13192.75,0,0
2026-02-03 10:01:36,0,0,0,0,0,256.25,106,3903.38,0,0
2026-02-03 10:08:18,0,0,0,0,0,26.95,112,11256.77,0,0
2026-02-03 10:09:17,1,1,1,1,0,23.83,115,24072.6,0,0
2026-02-03 10:33:10,1,0,0,1,0,45.1,67,13382.95,0,0
2026-02-03 11:18:32,1,0,0,0,0,7.7,138,3814.43,0,0
2026-02-03 11:26:11,3,0,0,0,0,82.16,130,19785.47,0,0
2026-02-03 11:27:58,0,0,1,0,1,1555.4,143,8172.8,0,0
2026-02-03 13:43:23,0,0,0,0,0,171.42,119,14175.83,0,0
2026-02-03 13:51:32,3,0,0,0,0,6.85,191,18310.43,0,0
2026-02-03 14:33:53,0,1,1,1,0,57.3,135,8934.41,1,0
2026-02-03 14:55:41,6,0,0,0,0,153.34,20,7977.73,0,0
2026-02-03 15:20:05,3,0,0,0,0,146.23,188,2695.32,0,0
2026-02-03 15:21:32,1,0,0,0,0,7.65,8,1423.12,0,0
2026-02-03 15:36:00,7,1,1,1,1,17.19,111,17131.17,0,0
2026-02-03 15:47:36,0,0,0,0,0,152.94,90,6143.47,0,0
2026-02-03 17:14:53,0,0,0,0,0,14.85,58,9168.85,0,0
2026-02-03 17:36:51,1,0,0,0,0,86.23,136,846.97,0,0
2026-02-03 20:40:09,0,0,1,0,1,148.48,30,1106.08,0,0
2026-02-03 21:05:09,4,0,1,1,0,35.03,109,25148.9,0,0
2026-02-03 21:21:40,0,1,1,0,1,258.03,84,4982.72,0,0
2026-02-03 21:33:05,1,0,0,0,0,133.33,54,3542.97,0,0
2026-02-03 22:41:18,1,0,0,0,0,111.7,182,32737.7,0,0
2026-02-04 00:09:59,1,0,0,0,0,14.54,223,6271.43,0,0
2026-02-04 02:55:34,0,0,0,0,0,6.12,124,1565.73,0,0
2026-02-04 03:55:20,0,0,0,0,0,62.8,157,31759.32,0,0
2026-02-04 05:09:11,3,0,1,0,0,21.76,181,16592.78,0,1
2026-02-04 05:32:12,0,0,1,1,1,12.26,222,11474.83,0,0
2026-02-04 05:57:14,3,0,0,0,0,30.69,31,8128.55,0,0
2026-02-04 06:28:03,1,0,0,0,0,24.24,4,4177.37,0,0
2026-02-04 08:00:22,2,0,0,0,0,115.51,157,245.03,0,0
2026-02-04 10:33:25,2,0,1,0,0,197.23,44,9770.37,0,0
2026-02-04 10:44:02,0,0,0,0,0,27.13,94,18267.97,0,0
2026-02-04 11:01:39,1,0,0,1,0,25.24,127,6201.42,0,0
2026-02-04 11:06:30,3,1,0,0,0,49.06,249,3041.07,0,0
2026-02-04 11:57:52,0,0,0,0,0,18.94,22,9986.43,0,0
2026-02-04 13:21:36,6,0,0,0,0,293.4,247,16595.47,0,1
2026-02-04 14:24:35,0,0,0,1,0,27.91,126,38750.12,0,0
2026-02-04 15:27:00,0,0,0,0,0,9.8,96,11108.18,0,0
2026-02-04 16:17:24,0,0,0,0,0,81.39,140,1950.9,0,0
2026-02-04 17:13:30,5,0,0,0,0,77.14,30,1233.35,0,0
2026-02-04 20:45:59,0,0,0,0,0,99.94,5,14392.4,0,0
2026-02-04 23:05:45,3,0,0,0,0,340.23,194,6036.23,0,0
2026-02-04 23:16:12,4,0,1,1,0,39.08,123,8364.42,0,1
2026-02-05 01:17:11,0,0,0,0,0,44.56,198,34257.5,0,0
2026-02-05 02:35:49,0,1,1,1,1,616.56,107,10275.38,0,0
2026-02-05 03:38:19,2,0,1,0,0,99.06,107,62.5,0,0
2026-02-05 04:31:07,0,0,0,1,0,92.65,163,2779.05,0,0
2026-02-05 04:49:01,2,0,0,0,0,75.25,74,21814.6,0,0
2026-02-05 06:27:42,0,0,1,1,1,679.6,80,5882.92,0,0
2026-02-05 07:01:56,0,0,0,0,0,55.8,48,26061.62,0,0
2026-02-05 08:09:40,2,0,1,0,0,157.27,214,4118.27,0,1
2026-02-05 08:10:07,0,0,1,0,0,93.97,179,6035.52,0,0
2026-02-05 13:14:00,0,0,0,0,0,125.99,78,10298.13,0,0
2026-02-05 15:39:49,0,0,0,1,0,32.4,232,3560.53,0,0
2026-02-05 15:46:01,0,0,0,0,0,242.47,144,16742.72,0,0
2026-02-05 15:51:31,1,0,0,0,0,3.58,48,529.58,0,0
2026-02-05 15:56:02,3,0,0,0,0,90.56,167,21934.08,0,0
2026-02-05 17:16:16,0,0,1,0,0,167.32,129,9187.32,0,0
2026-02-05 18:35:30,1,1,1,0,0,201.2,125,3747.68,0,0
2026-02-05 19:30:35,1,0,0,1,0,38.5,16,12926.92,0,0
2026-02-05 20:34:16,0,0,1,0,0,61.57,20,3218.58,0,0
2026-02-05 20:59:15,0,0,0,0,0,3.55,160,10252.37,0,0
2026-02-05 21:16:21,5,0,0,0,0,155.95,130,3470.17,0,0
2026-02-05 21:38:03,2,0,1,0,0,13.3,59,20122.15,0,0
2026-02-05 21:50:41,1,0,0,1,0,55.88,187,19007.93,0,0
2026-02-05 22:45:58,1,0,0,1,0,468.95,214,876.3,0,0
2026-02-06 00:04:51,0,0,0,0,0,249.78,5,1638.87,0,0
2026-02-06 02:33:32,1,0,0,1,0,40.05,194,1647.78,0,0
2026-02-06 03:29:11,1,1,1,0,0,25.34,241,4661.92,0,1
2026-02-06 04:09:14,1,1,1,0,0,28.99,167,733.2,0,0
2026-02-06 04:49:08,0,0,1,0,0,115.45,44,2535.72,0,0
2026-02-06 05:00:11,0,1,1,0,0,129.39,169,27494.05,0,0
2026-02-06 05:26:25,0,0,0,0,0,24.4,96,2279.42,0,0
2026-02-06 06:04:53,5,0,0,0,0,27.44,121,18991.13,0,1
2026-02-06 06:20:11,0,0,1,0,0,39.07,62,5121.92,0,0
2026-02-06 07:42:25,0,0,0,0,0,56.77,75,5854.0,0,0
2026-02-06 07:52:24,0,1,1,1,1,3741.91,26,18615.15,0,1
2026-02-06 09:25:11,0,0,0,0,0,2.69,51,13697.42,0,0
2026-02-06 10:24:47,2,0,0,0,0,101.67,95,20125.3,0,0
2026-02-06 11:31:22,1,0,0,1,0,197.83,207,35913.75,0,0
2026-02-06 18:43:45,1,1,0,1,0,128.51,140,3026.35,0,0
2026-02-06 18:45:02,0,0,1,0,0,24.43,246,5553.97,0,0
2026-02-06 20:39:50,2,1,1,0,0,64.77,218,19610.05,0,0
2026-02-06 21:53:09,0,0,1,1,0,241.11,175,7092.45,0,0
2026-02-06 23:42:21,0,0,1,0,0,12.3,49,14963.93,0,0
2026-02-06 23:52:20,0,0,0,0,0,438.29,75,969.92,0,0
2026-02-07 00:37:19,0,0,0,0,0,15.5,113,9911.9,0,0
2026-02-07 01:17:53,0,0,0,0,0,15.36,214,1591.92,0,0
2026-02-07 02:20:28,1,0,0,0,0,167.59,220,7986.87,0,0
2026-02-07 03:40:16,1,0,0,0,0,176.23,22,3822.4,0,0
2026-02-07 04:28:03,3,0,0,0,0,3.87,85,9039.85,0,0
2026-02-07 05:31:02,0,0,0,0,0,18.43,108,28093.3,0,0
2026-02-07 08:57:08,0,0,0,0,0,296.67,182,4935.83,0,0
2026-02-07 09:26:26,0,0,0,0,0,32.76,74,3157.42,0,0
2026-02-07 09:33:05,7,0,0,0,0,1.23,53,10368.27,0,0
2026-02-07 09:54:12,1,0,1,1,1,439.63,38,8934.41,1,0
2026-02-07 10:39:52,2,0,0,0,0,132.97,25,10463.02,0,0
2026-02-07 11:47:34,0,0,0,0,0,248.24,103,8934.41,1,0
2026-02-07 11:52:16,1,0,0,0,0,16.86,142,6863.03,0,0
2026-02-07 15:08:18,0,0,0,0,0,25.41,240,8161.25,0,0
2026-02-07 16:33:35,1,1,0,0,0,58.26,35,20011.53,0,0
2026-02-07 16:46:21,4,0,1,1,1,2069.29,73,32483.58,0,0
2026-02-07 18:55:08,6,1,1,0,0,107.5,166,26835.92,0,0
2026-02-07 19:20:02,1,0,0,1,0,39.68,190,25104.32,0,0
2026-02-07 20:23:29,0,0,0,0,0,6.87,101,18079.25,0,0
2026-02-07 21:18:43,5,0,1,1,1,437.46,4,5210.67,0,0
2026-02-07 22:29:06,1,0,1,0,0,24.79,79,6660.48,0,0
2026-02-08 00:08:57,0,0,0,0,0,2.13,157,5288.58,0,0
2026-02-08 00:18:41,0,0,0,0,0,369.05,202,8934.41,1,0
2026-02-08 01:04:53,0,0,0,0,0,29.49,33,29950.95,0,0
2026-02-08 02:11:10,0,0,1,1,1,2716.74,135,6457.28,0,0
2026-02-08 02:26:27,0,0,0,0,0,66.33,245,9032.7,0,0
2026-02-08 02:48:51,1,0,0,0,0,358.6,81,8142.15,0,0
2026-02-08 03:29:44,0,0,0,0,0,16.2,4,371.02,0,0
2026-02-08 03:54:51,0,0,1,1,1,175.94,202,216.17,0,1
2026-02-08 04:58:26,1,0,0,0,0,0.25,193,23746.17,0,0
2026-02-08 05:03:14,3,0,0,0,0,126.74,106,6901.63,0,0
2026-02-08 05:32:11,1,0,0,0,0,36.58,84,6250.52,0,0
2026-02-08 05:36:29,0,0,0,0,0,204.3,199,18732.47,0,0
2026-02-08 06:01:00,5,0,1,0,1,1506.88,9,21597.32,0,1
2026-02-08 06:13:30,4,0,0,0,0,86.14,32,20283.2,0,0
2026-02-08 06:48:55,0,0,0,0,0,66.73,28,36448.87,0,0
2026-02-08 08:39:04,0,0,1,1,1,447.96,220,1818.6,0,1
2026-02-08 08:44:52,2,0,1,0,0,6.69,62,3024.68,0,0
2026-02-08 09:59:04,3,0,0,0,0,58.62,2,11048.7,0,0
2026-02-08 11:41:55,6,0,1,0,0,10.44,124,6286.35,0,1
2026-02-08 12:56:22,4,1,0,1,0,236.16,132,13753.13,0,0
2026-02-08 13:15:22,1,0,0,0,0,176.8,81,626.52,0,0
2026-02-08 13:17:48,1,0,0,0,0,96.7,70,15271.1,0,0
2026-02-08 15:20:42,0,0,0,0,0,60.23,8,7199.17,0,0
2026-02-08 15:50:16,0,0,1,0,0,60.55,174,12835.02,0,0
2026-02-08 16:17:41,0,0,1,0,0,62.46,140,2733.93,0,0
2026-02-08 16:53:34,1,0,0,0,0,136.83,127,6111.92,0,0
2026-02-08 16:57:30,1,0,0,0,0,13.49,147,28552.38,0,0
2026-02-08 17:06:09,2,0,0,0,0,75.78,123,5389.95,0,0
2026-02-08 17:29:05,0,0,1,0,1,2512.3,221,11408.47,0,0
2026-02-08 18:54:38,1,0,0,0,0,71.36,224,27404.35,0,0
2026-02-08 19:10:14,0,0,0,0,0,1.38,156,26136.8,0,0
2026-02-08 19:48:33,0,0,0,0,0,28.06,133,37669.95,0,0
2026-02-08 22:38:15,2,0,0,0,0,110.44,171,16678.27,0,0
2026-02-08 23:10:12,1,0,0,0,0,272.11,113,2792.88,0,0
2026-02-09 00:02:00,7,0,1,1,0,224.19,12,35093.1,0,0
2026-02-09 00:31:24,0,0,0,1,0,172.99,69,9015.95,0,0
2026-02-09 00:47:35,0,0,0,0,0,299.9,33,1422.7,0,0
2026-02-09 00:54:23,0,1,1,1,0,32.84,181,6945.2,0,0
2026-02-09 02:46:09,0,0,0,0,0,1.25,31,7008.92,0,0
2026-02-09 03:59:33,3,1,1,0,1,656.3,153,11140.42,0,0
2026-02-09 04:22:37,1,0,0,0,0,86.04,135,1571.45,0,0
2026-02-09 04:41:41,4,0,0,0,0,38.05,231,42047.3,0,0
2026-02-09 05:14:05,0,0,0,0,0,4.52,153,74.53,0,0
2026-02-09 07:04:09,3,0,0,0,0,70.76,157,1855.2,0,0
2026-02-09 08:50:47,0,0,0,1,0,22.28,203,37666.58,0,0
2026-02-09 08:51:01,4,0,1,0,0,130.04,21,24814.62,0,1
2026-02-09 12:14:14,0,0,0,0,0,9.34,56,15734.13,0,0
2026-02-09 12:51:11,0,0,0,0,0,317.31,23,11840.83,0,0
2026-02-09 16:12:55,1,0,0,0,0,209.3,6,19721.22,0,1
2026-02-09 17:42:52,5,1,1,0,0,207.03,230,16788.5,0,0
2026-02-09 17:43:02,0,0,0,0,0,156.01,215,11858.63,0,0
2026-02-09 17:54:38,0,0,0,0,0,100.4,74,3388.2,0,0
2026-02-09 18:09:15,3,0,0,1,0,5.49,124,1827.33,0,0
2026-02-09 18:46:12,0,0,0,0,0,108.6,163,6615.08,0,0
2026-02-09 19:09:10,0,0,1,1,0,137.41,133,1400.62,0,0
2026-02-09 19:21:29,0,0,0,1,0,14.02,62,2076.62,0,1
2026-02-09 20:41:24,0,1,0,0,0,95.65,82,26639.18,0,0
2026-02-09 21:57:58,4,0,1,0,0,65.18,85,3929.92,0,0
2026-02-09 22:42:36,2,0,0,0,0,63.95,79,2893.5,0,0
2026-02-09 23:06:54,1,0,1,1,1,333.71,204,14705.8,0,0
2026-02-09 23:54:33,7,0,1,0,0,134.49,40,28253.52,0,1
2026-02-10 00:10:53,0,0,0,0,0,259.19,126,7786.3,0,0
2026-02-10 00:25:21,0,0,0,0,0,155.02,199,2568.87,0,0
2026-02-10 03:53:12,0,0,1,0,0,46.05,220,2594.13,0,0
2026-02-10 04:22:30,0,0,1,1,1,6219.47,227,9832.88,0,0
2026-02-10 04:24:48,0,0,0,0,0,45.28,125,6349.3,0,0
2026-02-10 06:06:23,5,0,0,0,0,26.71,135,1543.77,0,0
2026-02-10 08:03:21,2,0,0,0,0,344.47,146,19939.57,0,0
2026-02-10 08:31:09,0,0,0,0,0,155.98,48,6759.63,0,0
2026-02-10 08:42:59,1,0,0,0,0,143.23,212,42063.92,0,0
2026-02-10 09:17:09,2,0,1,0,0,8.06,218,5077.32,0,0
2026-02-10 10:44:39,5,0,0,1,0,21.32,98,29454.52,0,1
2026-02-10 11:16:45,4,0,0,0,0,1.87,231,1835.07,0,0
2026-02-10 11:37:11,1,0,0,0,0,149.9,229,40381.17,0,0
2026-02-10 13:05:57,2,0,1,1,0,32.61,206,22456.82,0,0
2026-02-10 13:12:28,1,0,0,0,0,14.18,79,869.87,0,0
2026-02-10 15:44:24,1,0,0,0,0,20.08,80,7756.7,0,0
2026-02-10 18:33:30,0,0,1,1,0,102.48,249,9087.0,0,0
2026-02-10 19:38:57,0,0,1,1,0,56.75,23,1847.77,0,0
2026-02-10 20:30:01,1,0,0,0,0,283.7,98,585.37,0,0
2026-02-10 21:01:14,0,0,0,0,0,45.55,212,738.25,0,0
2026-02-10 21:42:30,0,0,1,0,1,2692.52,19,17653.03,0,0
2026-02-10 23:50:15,2,0,0,0,1,1186.02,138,10831.72,0,0
2026-02-11 03:50:10,0,0,0,0,0,122.2,178,24907.27,0,0
2026-02-11 07:05:45,1,0,0,0,0,18.47,34,21676.47,0,0
2026-02-11 09:57:06,1,1,1,1,1,2073.36,104,18528.58,0,0
2026-02-11 11:45:02,6,0,0,0,0,8.95,230,2522.17,0,0
2026-02-11 14:20:58,0,0,0,0,0,117.48,179,9010.85,0,0
2026-02-11 15:12:50,0,1,1,1,1,939.68,72,17151.15,0,0
2026-02-11 15:21:46,1,0,1,1,0,25.95,51,7556.58,0,1
2026-02-11 15:52:17,3,0,0,0,0,65.47,213,15383.67,0,0
2026-02-11 15:57:45,7,0,0,0,0,193.57,193,4979.32,0,0
2026-02-11 16:15:52,0,0,0,1,1,252.13,45,14383.43,0,0
2026-02-11 18:32:14,0,0,1,0,0,18.59,113,4042.03,0,0
2026-02-11 18:41:24,4,0,0,0,0,76.36,170,17784.12,0,0
2026-02-11 18:42:16,0,1,1,1,1,1472.26,124,2913.02,0,0
2026-02-11 19:30:00,1,0,0,0,0,54.51,82,2808.6,0,0
2026-02-11 19:30:10,0,0,0,1,0,30.98,59,8512.12,0,0
2026-02-11 20:20:52,0,0,1,1,1,104.33,119,11917.48,0,1
2026-02-11 21:57:00,0,0,0,0,0,5.11,49,7094.65,0,0
2026-02-11 22:08:58,0,0,0,0,0,4.17,151,24988.52,0,0
2026-02-11 22:30:25,1,0,0,1,0,231.55,144,9044.4,0,0
2026-02-11 23:07:34,5,0,0,0,0,14.08,47,18515.58,0,0
2026-02-12 01:03:52,0,0,1,0,0,34.97,170,382.47,0,0
2026-02-12 02:30:20,3,0,0,0,0,426.1,153,4156.25,0,0
2026-02-12 03:36:11,0,0,0,0,0,262.38,69,4504.78,0,0
2026-02-12 04:04:48,1,0,0,0,0,4.38,75,7452.47,0,0
2026-02-12 05:00:04,0,0,0,0,0,80.13,43,14862.35,0,0
2026-02-12 05:09:31,5,0,0,0,0,100.38,110,48867.93,0,0
2026-02-12 05:40:44,2,0,0,0,0,5.56,134,28121.12,0,0
2026-02-12 05:51:26,1,0,1,0,0,130.24,239,38144.57,0,0
2026-02-12 06:16:27,3,0,0,0,0,441.21,142,6864.18,0,1
2026-02-12 08:39:45,1,0,0,0,0,56.1,236,20540.75,0,0
2026-02-12 09:01:46,6,0,1,0,0,59.68,26,8709.37,0,1
2026-02-12 09:14:57,2,0,0,0,0,107.69,219,32197.82,0,0
2026-02-12 09:19:00,4,0,0,0,0,133.39,247,11277.4,0,0
2026-02-12 10:25:44,1,0,0,0,0,155.96,142,249.28,0,0
2026-02-12 10:29:29,0,0,1,1,1,121.13,124,947.22,0,0
2026-02-12 10:58:00,1,0,0,0,0,161.29,56,4243.77,0,0
2026-02-12 12:04:37,0,0,0,0,0,199.56,107,10586.3,0,0
2026-02-12 12:35:53,1,0,1,1,1,69.42,157,4651.73,0,0
2026-02-12 13:50:21,0,0,0,0,0,3.99,210,20231.65,0,0
2026-02-12 14:34:22,1,0,0,0,0,80.05,210,44.02,0,0
2026-02-12 14:44:50,0,0,0,0,0,68.68,206,2978.88,0,0
2026-02-12 15:18:29,0,0,0,0,0,391.69,128,32058.5,0,0
2026-02-12 16:43:44,0,0,1,0,0,34.87,185,32722.23,0,0
2026-02-12 17:55:05,5,1,1,0,1,1338.13,246,8590.05,0,1
2026-02-12 18:03:13,0,0,0,0,0,70.66,71,23733.25,0,0
2026-02-12 18:39:21,0,1,1,1,0,76.73,92,27053.97,0,0
2026-02-12 18:42:56,2,0,0,0,0,107.78,5,9758.08,0,1
2026-02-12 19:36:31,1,0,0,0,0,77.13,49,1299.52,0,0
2026-02-12 20:29:50,0,0,0,0,0,0.7,104,2072.73,0,0
2026-02-12 22:10:54,0,0,0,0,0,185.6,61,15582.45,0,0
2026-02-12 22:39:48,0,0,0,0,0,22.46,177,28287.33,0,0
2026-02-12 22:59:44,6,0,0,0,0,26.29,207,9328.37,0,0
2026-02-12 23:52:35,0,0,1,0,0,104.4,49,256.07,0,0
2026-02-13 00:12:09,0,0,0,0,0,64.96,98,3102.13,0,0
2026-02-13 01:06:34,0,0,0,0,0,85.44,69,1290.38,0,0
2026-02-13 02:09:06,0,0,0,0,0,68.82,116,37362.82,0,0
2026-02-13 04:59:09,2,0,1,0,0,54.1,68,25854.05,0,1
2026-02-13 05:29:02,0,0,0,0,0,66.03,145,21155.77,0,0
2026-02-13 06:44:29,0,0,0,0,0,15.21,129,10888.22,0,0
2026-02-13 07:13:16,0,0,0,0,0,348.37,61,542.37,0,0
2026-02-13 07:41:58,0,0,0,0,0,85.51,10,36526.47,0,0
2026-02-13 09:59:58,0,0,0,0,1,507.03,162,15979.52,0,0
2026-02-13 10:05:31,3,0,0,0,0,124.77,125,4660.72,0,0
2026-02-13 11:52:54,2,0,0,0,0,212.11,189,33436.28,0,0
2026-02-13 12:54:35,4,0,0,0,0,35.16,178,3424.42,0,0
2026-02-13 13:17:04,3,0,1,0,0,39.23,33,6509.48,0,0
2026-02-13 13:50:56,1,0,1,0,0,57.72,170,2207.07,0,0
2026-02-13 15:59:23,0,0,0,0,0,24.5,91,15653.52,0,0
2026-02-13 16:00:11,2,0,0,0,0,165.96,216,17896.6,0,0
2026-02-13 16:02:42,3,0,0,0,0,87.75,243,36840.73,0,0
2026-02-13 16:48:22,2,0,0,0,0,5.87,184,46426.35,0,0
2026-02-13 17:15:41,1,0,1,0,0,571.51,117,21049.03,0,0
2026-02-13 17:48:57,0,0,0,0,0,85.56,107,1784.33,0,0
2026-02-13 19:03:19,3,0,0,0,0,220.67,92,1463.97,0,1
2026-02-13 20:19:00,2,1,0,0,0,69.64,211,37568.55,0,0
2026-02-13 20:29:23,7,0,0,0,0,87.33,182,9332.25,0,0
2026-02-13 21:33:44,0,0,0,0,0,60.6,194,11220.2,0,0
2026-02-13 21:38:12,0,0,0,0,0,54.95,187,11507.52,0,0
2026-02-13 23:38:35,0,0,0,0,0,24.63,129,1014.1,0,0
2026-02-13 23:46:00,2,0,1,0,0,327.34,173,19500.87,0,1
2026-02-13 23:49:46,0,0,1,1,0,20.06,25,9429.9,0,0
2026-02-14 00:46:49,0,0,0,1,0,74.74,3,37412.53,0,0
2026-02-14 02:09:55,7,0,0,0,0,9.11,199,5864.57,0,0
2026-02-14 03:14:30,0,0,0,0,0,501.72,89,29330.95,0,0
2026-02-14 03:45:44,3,0,1,0,0,81.12,79,5193.27,0,0
2026-02-14 04:17:22,0,0,0,0,0,168.51,116,1568.27,0,0
2026-02-14 05:21:27,3,1,1,0,0,82.77,57,46322.02,0,0
2026-02-14 05:21:28,1,0,0,0,0,163.47,68,1462.32,0,0
2026-02-14 05:52:07,4,0,0,0,0,76.44,130,12035.77,0,0
2026-02-14 06:11:13,4,0,0,0,0,58.87,6,6598.3,0,1
2026-02-14 07:27:13,0,0,0,0,0,60.86,121,11602.33,0,0
2026-02-14 07:55:21,0,0,0,0,0,0.23,227,5972.85,0,0
2026-02-14 08:42:58,0,0,1,1,0,46.31,34,4417.22,0,0
2026-02-14 09:04:02,1,0,1,0,0,303.54,85,6426.07,0,0
2026-02-14 09:26:38,4,0,0,0,0,112.57,125,1401.12,0,0
2026-02-14 10:09:47,0,0,0,1,0,251.73,119,3708.92,0,0
2026-02-14 10:37:27,1,0,0,0,0,22.35,59,3787.28,0,0
2026-02-14 11:20:11,0,0,0,0,0,67.56,22,10539.92,0,0
2026-02-14 11:52:08,3,0,0,0,0,3.51,180,30505.18,0,0
2026-02-14 12:11:14,6,0,0,0,0,113.03,105,37397.97,0,0
2026-02-14 14:22:01,0,0,1,0,0,153.26,221,8452.93,0,0
2026-02-14 14:22:19,0,0,1,1,0,137.75,241,12173.13,0,0
2026-02-14 15:16:40,0,0,1,0,0,9.08,14,61588.38,0,1
2026-02-14 16:40:07,1,1,1,1,1,426.59,238,30775.55,0,0
2026-02-14 16:42:54,1,0,1,0,0,106.66,170,1611.97,0,0
2026-02-14 17:20:44,0,0,0,0,0,142.29,241,178.42,0,0
2026-02-14 18:34:12,0,0,0,0,0,32.05,71,2910.98,0,0
2026-02-14 20:30:16,0,0,0,1,0,52.13,197,16735.95,0,0
2026-02-14 20:35:54,1,0,1,1,0,43.27,143,16387.93,0,0
2026-02-14 21:06:30,1,0,0,0,0,0.46,52,17935.75,0,0
2026-02-14 21:19:23,0,1,0,0,0,85.92,240,10451.08,0,0
2026-02-14 21:45:28,2,1,1,0,0,110.6,206,3300.63,0,0
2026-02-14 22:03:13,2,0,1,1,0,32.36,229,6386.03,0,0
2026-02-14 22:17:37,0,0,1,0,0,116.41,35,10424.03,0,0
2026-02-14 22:22:29,0,0,0,0,0,27.81,61,2349.22,0,0
2026-02-14 23:33:22,2,0,1,0,0,125.71,113,4621.13,0,0
2026-02-14 23:36:53,5,0,1,1,1,916.49,121,969.67,0,0
2026-02-14 23:43:28,0,0,1,0,0,205.52,92,1720.15,0,0
2026-02-15 00:52:31,0,0,0,0,0,78.69,101,10349.03,0,0
2026-02-15 01:42:22,0,0,0,0,0,20.41,90,16434.77,0,0
2026-02-15 02:12:38,1,0,0,0,0,172.6,198,14455.45,0,0
2026-02-15 02:28:57,0,1,0,0,0,150.36,176,17582.42,0,0
2026-02-15 02:49:50,0,1,1,1,1,131.98,47,4542.27,0,0
2026-02-15 02:56:46,1,0,0,0,0,4.92,200,25533.27,0,0
2026-02-15 03:26:19,1,0,0,0,0,14.65,202,10051.47,0,0
2026-02-15 03:43:23,0,1,1,0,0,186.64,46,20558.93,0,0
2026-02-15 04:08:28,0,0,0,0,0,38.62,22,1008.28,0,0
2026-02-15 05:18:49,1,0,0,0,0,70.27,202,112.5,0,0
2026-02-15 06:25:46,0,0,0,0,1,1385.6,83,20270.0,0,0
2026-02-15 06:55:42,0,0,0,0,0,136.06,32,10122.2,0,0
2026-02-15 10:08:02,4,0,1,0,0,177.17,142,4302.3,0,0
2026-02-15 11:18:03,0,0,0,0,0,72.54,24,33024.08,0,0
2026-02-15 12:43:37,2,1,1,0,1,806.16,18,8934.41,1,0
2026-02-15 13:41:10,4,0,1,1,1,327.13,247,4582.17,0,0
2026-02-15 14:20:25,0,0,0,0,0,93.53,118,28507.42,0,0
2026-02-15 15:14:23,0,0,0,0,0,79.82,27,46595.78,0,0
2026-02-15 16:32:06,1,0,1,0,0,34.41,18,228.48,0,0
2026-02-15 16:46:41,4,0,0,0,0,59.1,126,8195.8,0,1
2026-02-15 19:06:18,5,0,0,0,0,134.57,68,2264.83,0,0
2026-02-15 20:27:56,2,0,0,0,0,98.64,157,4792.05,0,0
2026-02-15 21:02:15,0,0,1,0,0,65.73,159,20885.15,0,0
2026-02-16 00:47:46,1,0,0,0,0,31.79,131,47664.87,0,0
2026-02-16 01:11:42,0,0,0,1,0,110.26,81,10796.33,0,0
2026-02-16 04:08:04,0,0,0,0,0,98.79,195,24014.38,0,1
2026-02-16 04:50:18,0,0,0,1,0,61.29,71,2056.1,0,0
2026-02-16 05:09:02,0,0,1,1,0,27.25,159,486.78,0,0
2026-02-16 07:01:34,2,0,1,0,1,288.33,219,5626.62,0,0
2026-02-16 07:56:21,0,0,0,0,0,41.46,126,909.67,0,0
2026-02-16 09:22:26,0,0,0,0,0,239.38,230,7057.4,0,0
2026-02-16 10:00:42,0,0,0,0,0,140.2,131,552.93,0,0
2026-02-16 10:53:02,3,0,0,0,0,221.7,205,19032.1,0,0
2026-02-16 11:52:16,2,0,1,0,0,184.9,18,1160.17,0,0
2026-02-16 13:58:53,0,0,0,0,0,61.41,126,362.53,0,0
2026-02-16 14:39:47,0,0,0,0,0,75.6,86,24274.37,0,0
2026-02-16 15:51:04,0,0,0,0,0,18.58,173,3845.07,0,0
2026-02-16 16:10:54,4,0,0,0,0,127.61,140,11513.22,0,0
2026-02-16 16:18:43,1,0,0,0,0,54.81,39,40545.45,0,0
2026-02-16 16:44:09,1,0,0,0,0,17.59,178,4549.57,0,0
2026-02-16 17:04:11,1,0,0,1,0,10.02,190,12824.15,0,0
2026-02-16 17:13:25,0,0,0,0,0,119.12,183,8934.41,1,0
2026-02-16 18:21:19,3,1,1,1,1,987.26,19,8438.82,0,1
2026-02-16 19:02:22,1,0,0,0,0,0.9,174,11712.1,0,0
2026-02-16 21:32:19,0,0,1,0,0,174.02,94,17928.28,0,0
2026-02-16 21:42:59,0,0,0,0,0,96.62,118,1882.57,0,0
2026-02-16 22:30:47,1,1,1,1,1,58.7,53,13737.7,0,0
2026-02-16 23:11:33,5,0,0,0,0,36.34,108,14020.52,0,0
2026-02-16 23:27:28,0,0,1,0,0,128.16,124,6537.98,0,0
2026-02-17 00:41:49,3,0,0,0,0,6.08,223,18751.83,0,0
2026-02-17 01:56:24,2,0,0,0,0,133.28,209,19915.15,0,0
2026-02-17 02:05:16,0,0,0,0,0,70.3,220,9972.07,0,0
2026-02-17 02:33:48,0,0,0,0,0,152.72,233,37741.83,0,0
2026-02-17 02:58:15,0,0,0,0,0,193.27,68,1911.95,0,0
2026-02-17 04:41:56,2,0,0,0,0,146.0,5,6359.0,0,0
2026-02-17 05:10:41,0,0,1,0,0,8.13,163,10704.48,0,0
2026-02-17 06:39:12,0,0,0,0,0,61.69,135,10112.82,0,0
2026-02-17 08:11:24,1,0,0,0,0,38.38,144,7780.98,0,0
2026-02-17 08:41:37,2,1,1,0,0,71.03,90,3299.25,0,0
2026-02-17 09:31:17,0,0,0,0,0,337.56,148,29156.22,0,0
2026-02-17 11:03:32,0,0,1,0,0,13.28,132,12847.17,0,0
2026-02-17 11:04:33,0,0,1,0,1,3010.38,96,16178.13,0,0
2026-02-17 11:19:59,1,1,1,1,0,469.43,201,30542.15,0,0
2026-02-17 11:35:53,3,0,1,1,1,6911.06,131,1535.18,0,1
2026-02-17 12:20:23,0,0,0,0,0,159.3,189,5787.48,0,0
2026-02-17 13:24:30,3,0,0,1,0,62.66,117,5528.82,0,0
2026-02-17 13:30:04,1,0,1,0,0,19.6,115,20360.78,0,0
2026-02-17 13:32:25,1,0,0,0,0,93.7,224,12637.78,0,0
2026-02-17 15:15:41,1,0,0,1,0,94.26,109,19810.53,0,0
2026-02-17 15:16:51,0,0,0,0,0,38.04,50,24278.8,0,0
2026-02-17 15:52:03,0,0,0,0,0,95.93,54,19818.97,0,0
2026-02-17 18:53:04,1,0,0,0,0,12.39,184,5884.7,0,0
2026-02-17 19:37:59,1,0,0,0,0,100.51,117,373.48,0,0
2026-02-17 20:30:08,1,0,1,0,0,227.03,130,5198.02,0,0
2026-02-17 20:41:54,0,0,0,0,0,63.88,220,1116.63,0,0
2026-02-17 21:14:30,4,0,0,0,0,144.63,197,4364.23,0,0
2026-02-17 21:31:26,1,0,0,0,0,100.96,14,4694.77,0,0
2026-02-17 21:48:09,0,0,1,0,0,0.31,45,8972.28,0,0
2026-02-17 22:56:43,0,0,0,0,0,13.01,202,3937.9,0,0
2026-02-18 00:28:07,2,0,0,0,1,2236.39,44,17018.98,0,0
2026-02-18 01:16:25,2,0,1,1,0,4.13,160,17537.17,0,0
2026-02-18 01:18:43,0,0,0,0,0,312.92,230,2396.28,0,0
2026-02-18 01:21:32,4,0,0,0,0,224.5,175,16048.38,0,0
2026-02-18 02:14:59,0,0,1,0,0,45.0,92,4471.52,0,0
2026-02-18 02:15:04,0,1,1,0,0,37.16,1,28968.25,0,1
2026-02-18 02:35:32,4,1,1,0,0,94.92,190,2011.35,0,0
2026-02-18 02:47:43,4,0,0,0,0,94.62,131,911.83,0,0
2026-02-18 03:09:09,1,0,0,0,0,9.32,103,15321.58,0,0
2026-02-18 05:18:09,3,0,0,0,0,24.26,25,6088.38,0,0
2026-02-18 05:21:40,0,0,0,0,0,101.19,30,19448.17,0,0
2026-02-18 06:22:43,3,0,0,0,0,161.33,120,35256.38,0,0
2026-02-18 07:48:02,0,0,0,0,0,21.32,100,8934.41,1,0
2026-02-18 08:41:05,0,1,1,1,0,121.04,230,442.37,0,1
2026-02-18 09:11:43,0,0,1,1,0,204.39,58,21116.83,0,0
2026-02-18 09:17:36,0,0,0,0,0,12.53,158,26875.88,0,0
2026-02-18 09:35:26,0,0,0,1,0,57.82,15,26498.4,0,0
2026-02-18 10:10:39,0,0,0,0,0,190.08,223,2008.83,0,0
2026-02-18 10:14:16,0,0,0,0,0,46.3,171,13656.02,0,0
2026-02-18 11:34:51,0,0,1,0,0,31.4,217,30098.82,0,0
2026-02-18 12:44:20,1,0,0,0,0,136.89,125,5957.7,0,0
2026-02-18 13:59:31,0,0,0,0,0,51.21,23,11180.57,0,0
2026-02-18 19:00:45,0,0,0,0,0,122.52,238,5900.63,0,0
2026-02-18 19:19:54,2,0,0,0,0,13.51,218,12122.75,0,0
2026-02-18 19:20:03,4,0,0,0,0,80.63,64,22842.15,0,0
2026-02-18 19:33:55,2,0,0,0,0,47.72,187,7075.72,0,0
2026-02-18 19:45:46,0,0,0,0,0,591.64,50,1708.92,0,0
2026-02-18 20:20:59,2,1,1,1,0,89.5,150,41389.4,0,0
2026-02-18 20:30:38,0,0,1,1,1,1719.34,144,2179.23,0,0
2026-02-18 20:48:22,0,0,1,1,0,14.05,248,40587.5,0,0
2026-02-18 21:55:56,0,0,0,0,0,482.45,81,4124.23,0,0
2026-02-18 22:25:39,3,0,0,0,0,5.28,155,44160.4,0,0
2026-02-18 22:46:55,0,1,1,0,0,7.35,145,8237.88,0,0
2026-02-18 23:00:13,0,0,1,0,0,7.88,81,64.28,0,0
2026-02-18 23:03:27,0,0,0,0,0,204.49,84,15451.27,0,0
2026-02-19 02:09:21,3,0,0,0,0,130.41,130,1779.22,0,0
2026-02-19 02:44:20,1,0,0,0,0,361.39,119,6754.55,0,0
2026-02-19 05:54:09,0,0,0,0,0,6.89,164,33431.02,0,0
2026-02-19 06:35:41,1,0,0,0,1,1764.9,23,996.17,0,0
2026-02-19 07:13:42,1,0,0,0,0,76.2,92,1738.72,0,0
2026-02-19 07:52:26,1,1,0,0,0,101.93,218,752.53,0,0
2026-02-19 08:33:43,0,0,0,0,0,71.93,107,8084.77,0,0
2026-02-19 09:16:28,3,0,0,0,0,112.5,242,54507.63,0,0
2026-02-19 09:36:13,0,0,0,0,0,237.58,173,3945.15,0,0
2026-02-19 11:04:05,1,0,0,1,0,88.55,51,11262.32,0,0
2026-02-19 11:24:52,0,0,0,0,0,226.74,76,31088.52,0,0
2026-02-19 13:00:28,0,0,1,0,0,152.4,81,840.25,0,0
2026-02-19 13:04:10,0,0,0,0,0,200.19,169,19203.98,0,0
2026-02-19 14:56:22,1,0,0,0,0,107.66,220,2534.47,0,0
2026-02-19 15:47:27,0,0,1,0,0,73.11,139,26117.32,0,0
2026-02-19 15:51:37,2,0,0,1,0,7.21,230,1870.53,0,0
2026-02-19 16:55:39,0,0,1,0,0,180.12,237,25697.48,0,0
2026-02-19 17:38:04,1,0,0,0,0,27.71,139,110.62,0,0
2026-02-19 18:41:55,3,0,0,0,0,3.73,207,9822.18,0,0
2026-02-19 18:55:54,1,0,0,0,1,1098.05,154,27798.92,0,0
2026-02-19 19:27:57,2,0,0,0,0,100.11,157,5700.02,0,0
2026-02-19 20:01:05,1,0,1,0,0,108.42,154,65.18,0,0
2026-02-19 20:08:00,0,0,1,0,0,110.78,23,812.32,0,0
2026-02-19 20:24:46,3,0,0,0,0,106.05,203,15093.98,0,0
2026-02-19 23:10:48,0,0,0,0,0,165.13,132,3607.27,0,0
2026-02-19 23:25:22,1,0,0,1,0,146.69,116,8348.0,0,0
2026-02-19 23:33:40,2,0,0,0,0,167.58,202,2916.95,0,0
2026-02-19 23:50:53,0,0,0,0,0,61.67,234,26744.78,0,0
2026-02-20 00:37:32,0,0,0,0,0,6.49,189,3617.15,0,0
2026-02-20 00:43:46,0,0,0,0,0,102.05,232,20703.95,0,0
2026-02-20 01:17:40,3,0,0,0,0,23.6,33,9360.6,0,0
2026-02-20 02:01:48,4,1,0,0,0,196.27,123,16375.65,0,0
2026-02-20 04:18:38,1,1,1,0,0,127.89,183,4985.22,0,0
2026-02-20 04:24:28,1,0,0,0,0,145.19,196,32850.72,0,0
2026-02-20 05:14:03,4,0,0,0,0,33.75,228,26225.2,0,0
2026-02-20 06:02:27,0,0,1,0,0,100.25,8,16721.75,0,0
2026-02-20 07:09:20,0,0,0,1,0,75.1,214,19071.45,0,0
2026-02-20 07:55:30,2,0,1,0,0,31.26,21,15784.48,0,0
2026-02-20 11:58:09,3,1,0,0,0,167.25,94,5185.83,0,1
2026-02-20 14:10:47,3,1,0,0,0,79.84,121,8073.9,0,0
2026-02-20 14:28:13,0,1,1,1,1,317.54,188,24428.13,0,0
2026-02-20 15:45:51,0,0,0,0,0,36.42,94,227.7,0,0
2026-02-20 17:26:34,0,0,0,0,0,25.76,144,2695.93,0,0
2026-02-20 19:27:00,0,0,0,0,0,37.45,174,5784.63,0,0
2026-02-20 19:50:01,0,0,0,0,0,20.85,66,25347.0,0,0
2026-02-20 20:44:03,2,0,0,0,0,46.38,23,1476.05,0,1
2026-02-20 23:38:33,0,0,0,1,0,118.41,34,9535.58,0,0
2026-02-21 00:30:49,3,0,1,1,0,320.15,192,27439.88,0,0
2026-02-21 00:31:25,0,0,0,1,0,23.64,222,24179.22,0,0
2026-02-21 00:49:12,1,0,0,0,0,35.64,64,3209.15,0,0
2026-02-21 01:17:34,0,0,0,0,0,0.22,156,17647.33,0,0
2026-02-21 01:31:27,0,0,0,0,0,25.53,133,16222.28,0,0
2026-02-21 01:48:23,0,0,0,0,0,54.21,163,5557.7,0,0
2026-02-21 01:55:59,6,0,1,0,0,61.94,137,41088.3,0,0
2026-02-21 04:13:10,3,0,1,0,1,464.55,246,12138.08,0,0
2026-02-21 04:23:21,0,0,1,0,0,16.29,38,19829.15,0,0
2026-02-21 04:26:15,0,0,0,0,0,82.8,238,3445.5,0,0
2026-02-21 04:34:48,5,0,0,0,0,52.63,83,8529.03,0,0
2026-02-21 05:30:19,0,0,0,0,0,55.56,169,2426.15,0,0
2026-02-21 06:10:22,0,0,0,0,0,225.36,60,34837.42,0,0
2026-02-21 06:11:30,1,1,1,1,0,82.43,7,38112.97,0,0
2026-02-21 06:31:39,5,0,0,0,0,49.16,190,4556.12,0,0
2026-02-21 08:41:17,0,0,0,0,0,29.27,117,5103.3,0,0
2026-02-21 10:22:58,0,0,1,0,0,55.97,26,13041.2,0,0
2026-02-21 10:41:50,5,0,0,0,0,197.95,78,22887.83,0,0
2026-02-21 11:22:01,0,0,0,0,0,335.53,224,5629.6,0,0
2026-02-21 14:57:56,0,1,0,0,0,47.36,39,7119.22,0,0
2026-02-21 15:45:58,1,0,0,0,0,23.44,158,4708.37,0,0
2026-02-21 15:50:18,3,1,1,0,0,245.95,74,17155.67,0,0
2026-02-21 16:05:44,0,0,1,0,0,15.6,2,19086.67,0,0
2026-02-21 16:19:10,7,0,0,0,0,35.29,38,715.82,0,0
2026-02-21 16:35:34,1,0,1,0,0,22.83,69,12449.0,0,0
2026-02-21 16:37:51,0,0,0,0,0,83.43,198,9505.22,0,0
2026-02-21 16:53:43,7,0,0,0,0,52.53,28,19324.8,0,0
2026-02-21 17:29:13,0,0,1,0,0,33.85,15,4793.78,0,0
2026-02-21 18:30:14,0,0,1,0,0,146.07,29,52096.85,0,0
2026-02-21 18:37:27,1,0,0,0,0,109.1,158,171.48,0,0
2026-02-21 19:00:43,0,0,0,0,0,540.62,44,5432.6,0,0
2026-02-21 22:43:18,0,0,1,0,0,37.39,248,4434.93,0,0
2026-02-22 00:45:11,0,0,0,0,0,186.61,236,13925.43,0,0
2026-02-22 02:26:12,0,0,0,0,0,36.03,95,22561.42,0,0
2026-02-22 03:49:14,3,0,1,1,1,13.62,95,83.03,0,1
2026-02-22 04:56:19,1,0,0,0,0,16.36,35,10478.7,0,0
2026-02-22 04:59:44,7,0,0,0,0,71.02,154,3418.65,0,0
2026-02-22 05:37:50,0,0,0,0,0,166.08,120,5715.12,0,0
2026-02-22 05:40:07,0,0,1,1,1,88.69,73,20933.77,0,0
2026-02-22 05:45:52,0,1,1,1,0,178.39,181,19011.48,0,0
2026-02-22 06:52:42,0,0,0,0,0,125.9,240,10653.32,0,0
2026-02-22 07:56:13,0,0,0,0,0,3.51,181,130.35,0,0
2026-02-22 08:32:15,2,0,0,0,0,11.24,7,1580.75,0,0
2026-02-22 08:41:45,4,0,0,0,0,7.86,13,30706.43,0,0
2026-02-22 11:04:48,6,0,1,1,0,113.63,84,5041.35,0,0
2026-02-22 12:01:59,0,0,1,0,0,82.33,243,12719.28,0,0
2026-02-22 12:24:14,4,0,1,0,0,44.45,189,3586.7,0,0
2026-02-22 12:31:11,0,0,0,1,0,9.25,220,4174.82,0,0
2026-02-22 12:52:50,0,0,0,0,0,49.92,111,27196.83,0,0
2026-02-22 14:39:43,3,0,0,0,0,114.62,222,2288.3,0,0
2026-02-22 15:02:05,1,0,0,0,0,9.81,243,180.1,0,0
2026-02-22 17:46:06,0,0,0,0,0,194.2,41,33830.2,0,0
2026-02-22 19:32:47,0,0,0,0,0,6.5,219,9391.22,0,0
2026-02-22 19:44:30,0,0,0,0,0,93.7,250,36609.13,0,0
2026-02-22 21:12:26,2,0,0,0,0,20.97,177,14312.63,0,0
2026-02-22 23:23:53,0,1,1,0,0,9.61,222,524.17,0,0
2026-02-22 23:43:58,7,0,1,1,1,657.69,169,2533.65,0,0
2026-02-23 00:14:41,0,0,0,0,0,109.94,152,33043.35,0,0
2026-02-23 01:18:17,0,0,0,0,0,12.9,30,6956.62,0,0
2026-02-23 01:35:46,0,0,1,1,0,64.57,129,13077.18,0,1
2026-02-23 01:41:55,1,0,0,0,0,52.11,24,10943.87,0,0
2026-02-23 02:32:14,0,0,0,1,0,55.77,20,24837.97,0,0
2026-02-23 02:38:47,2,0,0,0,0,287.2,182,13329.4,0,0
2026-02-23 02:56:04,3,0,0,0,0,42.93,136,27919.22,0,0
2026-02-23 03:12:03,5,0,1,0,0,478.3,209,8715.65,0,0
2026-02-23 03:34:47,3,0,0,0,0,77.3,95,1425.55,0,0
2026-02-23 04:21:17,3,0,0,0,0,184.82,196,4316.82,0,1
2026-02-23 05:48:28,1,1,1,1,0,42.9,98,14736.32,0,0
2026-02-23 06:03:40,3,0,0,1,0,8.86,33,4606.0,0,0
2026-02-23 06:15:31,0,0,0,0,0,8.82,221,12473.5,0,0
2026-02-23 08:35:46,0,1,0,0,0,85.37,116,4870.4,0,0
2026-02-23 09:12:18,0,0,0,0,0,265.81,60,3061.93,0,0
2026-02-23 09:47:46,0,0,1,0,0,7.39,83,3192.97,0,0
2026-02-23 11:30:50,0,0,0,0,0,116.83,78,2929.0,0,0
2026-02-23 11:33:12,6,0,1,0,0,82.84,89,13458.7,0,0
2026-02-23 12:03:00,0,0,0,0,0,105.63,129,627.23,0,0
2026-02-23 12:09:02,0,0,0,0,0,24.28,123,4927.23,0,0
2026-02-23 12:20:36,1,1,1,1,1,109.68,150,6719.62,0,0
2026-02-23 13:44:16,0,0,0,0,0,7.77,238,3438.02,0,0
2026-02-23 14:10:32,0,0,0,0,0,28.33,132,5219.73,0,0
2026-02-23 14:57:58,0,0,1,0,1,360.51,180,13145.83,0,1
2026-02-23 16:09:30,0,0,0,0,0,13.51,99,52455.88,0,0
2026-02-23 16:37:02,0,0,0,0,0,30.75,178,10072.88,0,1
2026-02-23 18:01:21,2,1,1,0,0,76.35,244,29927.37,0,1
2026-02-23 18:21:29,2,0,0,0,0,298.61,119,6697.15,0,0
2026-02-23 20:15:24,0,1,1,1,0,255.45,103,8226.25,0,0
2026-02-23 20:53:39,0,0,0,0,0,31.71,225,33194.3,0,0
2026-02-23 20:59:58,0,0,0,0,0,6.85,16,26009.38,0,0
2026-02-23 21:48:13,2,0,0,0,0,543.38,186,32578.32,0,0
2026-02-23 21:50:51,0,0,0,0,0,64.7,237,6055.2,0,0
2026-02-23 22:27:41,0,1,1,1,0,383.05,35,2491.37,0,1
2026-02-23 22:43:49,2,0,1,1,0,77.14,204,20136.92,0,0
2026-02-23 23:29:14,0,0,0,0,0,217.47,100,8141.2,0,0
2026-02-24 01:53:32,0,0,0,0,0,59.28,115,9383.47,0,0
2026-02-24 02:13:04,0,0,0,0,0,97.29,46,12869.68,0,0
2026-02-24 03:38:34,5,0,0,0,0,76.73,182,1499.78,0,0
2026-02-24 05:12:26,3,0,0,0,0,24.83,71,11542.13,0,1
2026-02-24 06:21:22,2,0,0,0,0,144.31,132,970.83,0,0
2026-02-24 06:32:13,0,0,1,0,0,5.64,76,6907.35,0,0
2026-02-24 12:37:55,1,0,0,0,0,45.01,71,445.48,0,0
2026-02-24 13:13:19,6,0,0,0,0,203.95,174,5386.32,0,0
2026-02-24 13:33:06,6,0,0,0,0,69.85,79,14987.37,0,0
2026-02-24 15:17:22,0,0,0,0,0,8.08,70,23159.57,0,0
2026-02-24 15:45:40,3,0,0,0,0,23.26,145,8218.75,0,0
2026-02-24 18:05:41,0,0,1,0,1,174.19,209,2333.63,0,0
2026-02-24 19:01:11,0,0,1,1,0,32.52,236,3976.0,0,0
2026-02-24 19:38:39,1,0,0,0,1,271.05,4,24008.92,0,0
2026-02-24 20:17:17,0,0,0,0,0,124.46,135,10898.08,0,0
2026-02-24 20:30:00,5,0,0,0,0,107.71,100,1260.77,0,0
2026-02-24 20:40:39,0,0,0,0,1,217.68,71,482.73,0,0
2026-02-24 22:32:51,1,0,1,0,0,58.88,166,24697.72,0,0
2026-02-24 23:03:04,4,0,0,0,0,35.08,36,37923.08,0,0
2026-02-25 00:21:32,4,0,1,0,0,41.13,106,24198.3,0,0
2026-02-25 00:43:39,0,0,0,0,0,85.8,184,10430.58,0,0
2026-02-25 00:57:49,0,0,1,0,1,3434.34,225,1684.17,0,0
2026-02-25 01:06:16,1,0,0,0,0,227.62,23,6022.22,0,1
2026-02-25 03:33:32,0,0,1,0,0,53.28,220,3782.35,0,0
2026-02-25 06:46:55,6,0,0,0,0,49.95,28,5153.2,0,0
2026-02-25 07:03:41,4,1,1,1,0,72.98,33,2940.02,0,0
2026-02-25 07:54:10,0,0,0,0,0,64.27,214,7244.83,0,0
2026-02-25 08:34:43,0,0,0,1,1,95.66,39,5376.78,0,1
2026-02-25 09:25:56,0,0,1,0,0,86.45,22,14717.47,0,0
2026-02-25 10:38:07,4,0,0,0,0,87.88,189,4213.88,0,0
2026-02-25 10:44:51,0,0,0,0,0,59.85,196,3263.57,0,0
2026-02-25 10:52:44,0,0,0,0,0,53.44,88,38383.67,0,0
2026-02-25 12:45:27,0,0,1,0,1,4193.99,187,9671.53,0,0
2026-02-25 12:59:53,1,0,1,0,0,91.84,248,5176.58,0,0
2026-02-25 13:10:12,0,0,0,0,0,169.43,208,73796.6,0,0
2026-02-25 13:43:56,0,0,1,1,1,4613.5,242,8907.47,0,1
2026-02-25 15:07:05,5,0,1,1,0,166.13,110,19317.57,0,0
2026-02-25 15:36:03,4,0,0,0,0,286.43,61,15433.57,0,0
2026-02-25 15:57:59,2,1,1,1,0,142.42,141,68430.28,0,0
2026-02-25 16:20:33,0,0,0,0,0,18.65,207,8498.63,0,0
2026-02-25 17:24:07,0,1,1,1,0,25.74,225,986.3,0,0
2026-02-25 17:48:49,1,0,0,1,0,21.55,222,3984.93,0,0
2026-02-25 18:18:31,0,0,0,0,0,38.88,184,1054.87,0,0
2026-02-25 18:37:55,4,0,0,0,0,43.85,215,23094.88,0,0
2026-02-25 19:50:16,1,0,1,0,0,166.7,106,1168.73,0,0
2026-02-25 21:13:46,0,0,0,0,0,44.76,187,508.32,0,0
2026-02-25 22:32:57,4,0,0,0,0,129.91,50,10247.18,0,0
2026-02-26 02:01:50,5,0,1,0,0,234.15,197,11807.33,0,0
2026-02-26 02:44:47,0,0,0,0,0,12.17,245,25938.33,0,0
2026-02-26 03:27:05,1,0,1,0,0,0.03,167,28757.85,0,0
2026-02-26 04:20:42,0,0,0,1,0,219.52,226,34668.38,0,1
2026-02-26 04:52:00,0,0,1,1,0,27.21,169,4628.03,0,0
2026-02-26 05:00:47,0,0,1,0,1,249.86,121,8090.0,0,0
2026-02-26 05:42:19,1,0,0,0,0,34.99,197,220.48,0,0
2026-02-26 06:05:19,5,0,0,0,0,20.58,59,17007.87,0,0
2026-02-26 06:21:22,1,0,1,0,0,157.82,189,1183.25,0,0
2026-02-26 08:33:56,0,1,1,0,0,100.65,178,3836.9,0,0
2026-02-26 09:46:34,1,0,1,1,0,18.31,236,2325.38,0,0
2026-02-26 10:41:12,0,0,0,0,0,87.6,183,9022.57,0,0
2026-02-26 11:58:59,3,0,0,0,0,23.33,132,3217.62,0,0
2026-02-26 12:34:40,0,0,1,1,1,330.14,16,3814.7,0,1
2026-02-26 14:04:44,0,0,0,0,0,90.5,203,9699.97,0,0
2026-02-26 17:09:24,0,0,0,0,0,109.27,243,5887.32,0,0
2026-02-26 17:40:59,2,0,0,0,0,42.5,155,11235.33,0,0
2026-02-26 17:47:24,0,0,1,1,0,144.14,151,21338.43,0,0
2026-02-26 17:51:06,2,0,1,0,0,181.53,119,4289.62,0,1
2026-02-26 19:37:27,0,0,0,0,0,248.1,225,1573.33,0,0
2026-02-26 19:49:36,0,0,0,0,0,98.37,87,34426.6,0,0
2026-02-26 20:51:18,0,0,0,0,0,24.85,13,6489.55,0,0
2026-02-26 23:52:54,5,0,1,1,0,138.02,122,37743.13,0,0
2026-02-27 01:01:16,5,0,0,0,0,11.41,69,7705.7,0,0
2026-02-27 02:26:34,0,1,0,0,0,19.99,224,8104.55,0,0
2026-02-27 03:16:40,0,0,0,0,0,178.85,55,44714.63,0,0
2026-02-27 03:18:30,0,0,0,0,0,241.72,232,10234.73,0,0
2026-02-27 03:19:52,1,0,1,1,0,6.9,202,10306.2,0,0
2026-02-27 05:28:25,0,0,1,0,0,37.41,207,2227.87,0,0
2026-02-27 05:39:29,4,0,0,0,0,99.2,79,3846.38,0,0
2026-02-27 06:51:39,5,0,0,0,0,279.11,60,5619.35,0,0
2026-02-27 07:34:35,0,0,0,1,0,84.57,215,2216.67,0,0
2026-02-27 08:03:19,0,0,0,0,0,172.03,173,11427.1,0,0
2026-02-27 10:17:08,4,0,0,0,0,256.08,58,13025.42,0,0
2026-02-27 10:18:34,3,0,1,0,1,1097.97,64,9209.37,0,0
2026-02-27 11:10:50,0,0,0,0,0,134.88,162,20230.87,0,0
2026-02-27 12:23:31,0,1,0,0,0,108.59,132,1464.53,0,0
2026-02-27 12:46:49,0,0,0,0,0,111.28,246,9153.65,0,0
2026-02-27 14:04:27,0,0,0,0,0,72.79,77,8934.41,1,0
2026-02-27 15:35:39,0,0,1,0,0,97.6,221,6320.13,0,0
2026-02-27 15:41:02,0,0,1,0,0,80.83,73,7800.92,0,0
2026-02-27 15:45:05,1,0,0,0,0,101.54,69,883.82,0,0
2026-02-27 15:54:02,0,0,1,0,0,70.36,140,15823.13,0,0
2026-02-27 16:34:05,0,1,1,1,1,377.5,226,2173.38,0,0
2026-02-27 17:28:16,0,0,0,1,1,1774.39,180,5910.3,0,0
2026-02-27 18:05:04,3,0,1,0,0,48.46,8,10802.62,0,0
2026-02-27 18:22:41,3,0,0,0,0,13.67,212,24321.45,0,0
2026-02-27 20:38:31,0,0,0,0,0,190.6,16,1923.85,0,0
2026-02-27 21:10:45,0,1,1,0,0,20.01,216,20470.57,0,1
2026-02-27 21:25:45,6,0,1,1,0,77.81,148,15114.47,0,0
2026-02-27 21:40:28,0,1,1,0,0,127.7,72,23427.63,0,0
2026-02-27 21:49:21,0,0,0,0,0,104.33,29,8839.12,0,0
2026-02-27 22:16:38,0,0,1,1,1,263.07,19,16075.32,0,0
2026-02-27 22:20:31,0,0,1,0,1,323.76,180,292.25,0,0
2026-02-27 22:30:58,0,0,0,0,0,16.12,170,19068.07,0,0
2026-02-28 01:23:59,4,0,0,0,0,7.53,217,13789.13,0,0
2026-02-28 02:59:43,1,1,1,1,1,499.59,37,43189.22,0,0
2026-02-28 04:02:44,0,0,1,0,0,74.26,67,35609.57,0,0
2026-02-28 04:40:35,5,0,0,0,1,284.84,127,28067.02,0,0
2026-02-28 04:47:07,0,0,1,1,1,5303.43,147,28069.62,0,1
2026-02-28 05:57:41,0,0,0,0,0,120.01,52,19251.18,0,0
2026-02-28 05:59:53,1,0,0,0,0,87.57,63,45071.95,0,0
2026-02-28 09:11:56,1,0,0,0,0,114.39,98,7403.47,0,0
2026-02-28 09:20:42,0,1,1,0,0,57.26,135,5103.42,0,0
2026-02-28 10:47:38,0,0,1,1,0,63.47,55,1890.97,0,0
2026-02-28 11:14:06,1,0,1,0,0,219.52,9,29113.1,0,0
2026-02-28 11:38:47,1,0,0,0,0,127.99,8,1053.72,0,0
2026-02-28 12:22:49,1,0,0,0,0,88.72,211,21123.82,0,0
2026-02-28 12:28:13,0,0,0,0,0,300.0,101,19415.7,0,0
2026-02-28 12:41:01,0,0,0,0,0,108.66,200,19304.25,0,0
2026-02-28 13:27:47,0,0,0,0,0,50.86,47,19357.95,0,0
2026-02-28 13:58:20,0,0,0,0,0,4.86,24,7936.42,0,0
2026-02-28 15:15:12,5,0,1,1,0,49.54,66,11245.18,0,1
2026-02-28 15:20:47,0,0,0,0,0,258.77,29,1051.43,0,0
2026-02-28 16:22:01,0,0,0,0,0,4.57,140,1467.98,0,0
2026-02-28 16:51:55,2,0,0,1,0,20.4,49,22619.33,0,0
2026-02-28 18:19:58,0,0,0,0,0,165.42,112,36491.67,0,0
2026-02-28 19:37:00,0,0,0,1,0,45.41,197,3714.68,0,0
2026-02-28 20:09:29,3,0,0,0,0,20.57,65,37606.75,0,0
2026-02-28 20:28:41,3,0,1,0,0,169.1,77,1824.23,0,0
2026-02-28 21:07:48,1,0,0,0,0,81.74,103,7252.4,0,0
2026-02-28 21:28:59,0,0,0,0,0,79.51,8,590.2,0,0
2026-02-28 22:39:52,1,0,0,0,0,34.78,123,7830.83,0,1
2026-02-28 22:49:48,2,0,0,0,0,112.43,54,16257.75,0,0
2026-03-01 00:25:54,0,0,0,0,0,197.92,19,1569.27,0,0
2026-03-01 02:29:23,0,1,0,0,0,138.71,238,7965.12,0,0
2026-03-01 02:49:02,4,0,0,0,0,94.78,156,11611.47,0,1
2026-03-01 03:05:28,0,0,0,0,0,43.16,10,22763.5,0,0
2026-03-01 05:09:36,2,1,0,0,0,192.97,177,9117.17,0,0
2026-03-01 05:22:14,0,0,1,0,0,83.5,50,4729.28,0,0
2026-03-01 05:55:22,0,0,0,0,0,220.35,98,1243.43,0,0
2026-03-01 06:40:32,0,1,1,1,1,439.9,74,10970.23,0,0
2026-03-01 06:49:54,3,1,1,1,1,1593.26,18,18417.63,0,0
2026-03-01 07:02:44,0,0,0,0,0,273.63,10,237.27,0,0
2026-03-01 07:33:15,1,0,0,1,0,46.85,213,25420.97,0,0
2026-03-01 07:50:19,1,0,0,0,0,302.14,66,995.12,0,0
2026-03-01 09:06:37,2,0,0,0,0,49.83,9,1312.52,0,0
2026-03-01 09:06:58,5,1,0,0,0,57.57,127,1706.38,0,1
2026-03-01 09:18:24,1,0,0,0,0,164.22,240,10225.7,0,0
2026-03-01 10:10:07,0,0,1,0,1,453.22,38,11150.95,0,0
2026-03-01 10:17:19,5,0,0,0,0,122.37,135,1496.62,0,0
2026-03-01 11:13:17,1,0,0,0,0,35.44,3,22226.47,0,0
2026-03-01 13:53:01,0,0,1,0,0,90.08,154,10613.28,0,0
2026-03-01 14:25:34,0,0,0,0,0,149.59,135,248.25,0,0
2026-03-01 15:07:10,3,0,0,0,0,2.65,116,9031.4,0,0
2026-03-01 15:30:35,0,0,0,0,0,9.26,40,28296.03,0,0
2026-03-01 15:40:48,1,0,0,0,0,272.38,89,8887.6,0,0
2026-03-01 16:11:12,0,0,0,0,0,169.19,101,1662.98,0,0
2026-03-01 16:25:58,0,0,0,0,0,209.56,99,8656.47,0,0
2026-03-01 16:56:10,1,0,0,0,0,57.79,174,7422.85,0,0
2026-03-01 18:54:39,0,0,0,0,0,126.0,27,20380.27,0,0
2026-03-01 19:22:53,0,1,1,0,0,636.27,230,14611.27,0,0
2026-03-01 20:54:46,1,0,1,0,1,849.85,227,22379.42,0,0
2026-03-01 20:57:16,0,0,1,0,1,2813.82,118,18674.28,0,0
2026-03-01 23:25:30,2,0,0,0,0,8.26,71,7364.85,0,0
2026-03-02 00:08:22,3,1,1,0,0,78.5,166,7295.52,0,1
2026-03-02 00:29:33,2,0,0,0,0,40.53,148,3063.8,0,0
2026-03-02 02:34:38,0,0,1,0,0,74.04,215,4020.05,0,0
2026-03-02 02:36:18,0,0,1,0,0,12.11,114,46083.17,0,0
2026-03-02 03:27:47,1,0,1,1,1,687.54,221,3592.13,0,0
2026-03-02 03:57:25,5,1,0,0,0,7.96,181,11281.2,0,0
2026-03-02 07:26:06,3,0,1,0,0,60.35,182,8867.53,0,0
2026-03-02 09:06:53,3,0,1,0,1,874.54,86,19827.1,0,1
2026-03-02 09:11:32,0,0,0,0,0,40.0,149,49710.05,0,0
2026-03-02 09:52:54,0,0,1,1,0,296.25,234,15002.02,0,0
2026-03-02 10:46:38,0,0,0,0,0,8.66,69,4021.55,0,0
2026-03-02 11:12:49,0,0,0,0,0,174.23,168,52464.9,0,0
2026-03-02 12:05:28,0,1,1,0,0,43.84,181,488.05,0,0
2026-03-02 12:18:18,5,0,0,0,0,22.23,175,17936.77,0,0
2026-03-02 13:00:52,0,0,0,0,0,31.82,240,1662.47,0,0
2026-03-02 14:46:36,0,0,1,0,0,232.17,235,42599.83,0,0
2026-03-02 15:05:31,0,0,0,0,0,174.24,54,2415.72,0,0
2026-03-02 15:53:38,4,0,1,1,1,23.82,202,5073.77,0,0
2026-03-02 16:01:24,1,0,1,0,1,239.07,33,7737.72,0,0
2026-03-02 16:32:14,1,0,0,0,0,112.4,193,27394.48,0,0
2026-03-02 16:36:02,4,0,0,0,0,38.19,241,22995.3,0,1
2026-03-02 17:53:20,0,0,1,0,0,251.5,100,8483.33,0,0
2026-03-02 17:56:15,1,0,0,0,0,154.41,80,28931.85,0,1
2026-03-02 18:24:55,0,0,0,0,0,207.98,211,3242.1,0,0
2026-03-02 19:06:47,0,0,0,0,0,21.43,69,500.15,0,0
2026-03-02 19:26:14,3,0,1,0,0,16.33,151,5858.83,0,0
2026-03-02 19:30:24,2,0,0,0,0,268.72,54,264.88,0,1
2026-03-02 19:30:30,0,0,0,1,0,51.78,3,1937.22,0,0
2026-03-02 22:38:01,0,0,1,0,0,53.74,174,1781.85,0,0
2026-03-02 23:12:08,1,0,0,0,0,115.38,50,2509.9,0,0
2026-03-03 00:30:25,0,0,0,0,0,50.66,18,2500.52,0,0
2026-03-03 00:41:04,0,1,1,0,0,208.1,3,310.57,0,0
2026-03-03 01:46:16,0,0,0,0,0,319.6,106,7556.0,0,0
2026-03-03 01:57:00,0,1,1,0,1,606.37,115,10083.47,0,0
2026-03-03 02:58:11,3,0,0,0,0,23.33,3,137.12,0,0
2026-03-03 03:19:39,0,0,0,0,0,7.83,142,22631.62,0,0
2026-03-03 03:23:11,0,0,0,0,0,24.13,136,11547.12,0,0
2026-03-03 03:37:02,1,0,0,0,0,15.02,32,22841.33,0,0
2026-03-03 04:51:53,3,1,0,1,1,44.33,94,15186.03,0,0
2026-03-03 05:22:10,0,0,0,0,0,4.78,19,3176.27,0,1
2026-03-03 05:38:37,0,0,0,0,0,71.21,6,24447.4,0,0
2026-03-03 07:23:10,0,0,0,0,0,123.03,73,5262.13,0,0
2026-03-03 08:15:01,2,0,1,0,0,408.98,48,30223.87,0,0
2026-03-03 08:35:58,1,0,0,0,0,16.92,222,8087.15,0,0
2026-03-03 08:39:32,3,0,0,0,0,119.81,184,8061.02,0,1
2026-03-03 09:19:03,5,0,0,0,0,80.74,70,9721.68,0,1
2026-03-03 09:22:00,2,0,0,1,0,65.03,61,8265.95,0,0
2026-03-03 09:28:29,1,0,0,0,0,127.96,176,23459.53,0,0
2026-03-03 10:56:32,0,0,0,0,0,27.27,31,32170.38,0,0
2026-03-03 11:24:59,0,0,0,0,0,37.29,170,5094.02,0,0
2026-03-03 11:41:10,7,0,0,0,0,48.55,245,7736.38,0,1
2026-03-03 12:52:21,0,0,1,0,1,302.07,213,3199.1,0,1
2026-03-03 13:18:51,0,0,1,0,0,65.13,40,2748.27,0,0
2026-03-03 13:53:05,1,0,0,0,0,14.14,183,7391.88,0,0
2026-03-03 15:07:32,0,0,0,0,0,38.29,79,6328.05,0,0
2026-03-03 17:17:40,1,0,0,0,0,12.01,235,1591.07,0,0
2026-03-03 17:21:29,1,0,0,0,0,3.65,21,16405.98,0,0
2026-03-03 17:25:52,0,0,0,0,0,43.88,43,28105.8,0,0
2026-03-03 17:43:53,3,0,0,0,0,96.12,206,24238.42,0,0
2026-03-03 18:35:55,0,0,0,0,0,16.47,58,6258.78,0,0
2026-03-03 20:57:34,0,0,0,0,0,502.94,166,2689.2,0,0
2026-03-03 21:23:37,1,1,1,0,0,32.07,128,27725.13,0,0
2026-03-03 22:37:06,1,0,1,1,1,34.43,204,11513.28,0,1
2026-03-03 23:19:02,2,0,0,0,0,2.84,125,19354.7,0,1
2026-03-03 23:53:50,0,0,1,0,1,1647.48,15,14784.62,0,0
2026-03-04 00:31:39,1,0,0,0,0,110.83,189,8290.28,0,0
2026-03-04 00:44:22,0,0,0,1,0,233.0,37,5624.65,0,1
2026-03-04 01:59:58,5,0,1,0,0,9.52,11,49751.52,0,0
2026-03-04 03:28:57,0,0,0,0,0,47.22,94,1357.07,0,0
2026-03-04 06:05:50,2,0,0,1,0,220.07,121,8705.05,0,0
2026-03-04 07:48:55,0,1,1,0,0,159.79,118,3531.65,0,0
2026-03-04 08:09:19,0,0,1,1,0,26.59,99,3823.35,0,0
2026-03-04 10:59:24,0,0,0,0,0,220.7,163,16391.02,0,0
2026-03-04 11:21:02,3,0,0,0,0,114.2,170,1436.05,0,0
2026-03-04 11:41:09,1,0,0,0,0,30.7,42,50266.73,0,0
2026-03-04 12:54:12,4,0,1,0,0,4.59,52,6176.52,0,0
2026-03-04 14:24:07,0,0,1,1,0,68.8,101,4212.92,0,0
2026-03-04 14:25:53,0,0,0,0,0,124.85,28,10538.97,0,0
2026-03-04 14:44:21,0,0,0,0,0,31.29,233,22330.55,0,0
2026-03-04 15:07:43,3,0,0,0,0,18.48,138,31157.47,0,0
2026-03-04 15:25:19,0,1,1,0,0,7.83,203,8720.58,0,0
2026-03-04 16:39:35,4,0,1,0,0,184.53,2,15873.85,0,0
2026-03-04 16:55:55,4,0,0,1,0,5.63,130,19606.57,0,0
2026-03-04 17:15:52,5,0,0,0,0,94.01,238,5206.48,0,0
2026-03-04 18:16:09,1,0,0,0,0,144.07,81,19035.68,0,0
2026-03-04 20:53:39,1,0,0,0,0,151.63,191,42182.12,0,0
2026-03-04 22:44:44,2,0,0,0,0,106.04,232,8366.23,0,0
2026-03-04 22:45:57,0,0,0,0,1,1586.76,113,25872.58,0,0
2026-03-04 22:57:13,1,0,0,0,0,64.26,205,23764.18,0,0
2026-03-04 23:08:27,0,0,0,0,0,53.91,166,1570.88,0,0
2026-03-04 23:23:59,0,1,1,0,0,14.78,66,5253.67,0,0
2026-03-05 00:35:15,0,0,0,0,0,76.65,185,29271.52,0,0
2026-03-05 00:54:01,0,0,0,0,0,7.37,52,719.82,0,0
2026-03-05 02:04:12,0,0,0,0,0,63.15,218,19811.77,0,0
2026-03-05 02:46:14,0,0,0,0,0,131.27,155,9185.25,0,0
2026-03-05 03:24:43,1,0,0,0,0,58.49,245,2383.55,0,0
2026-03-05 03:29:30,0,0,0,0,0,70.99,114,4373.2,0,0
2026-03-05 04:31:41,1,0,0,0,0,184.65,53,23400.9,0,0
2026-03-05 04:46:28,0,0,1,0,0,104.01,167,10159.38,0,0
2026-03-05 05:23:30,1,0,0,0,0,13.65,165,52047.38,0,0
2026-03-05 05:26:50,1,0,1,1,0,78.29,225,9229.38,0,0
2026-03-05 08:27:40,1,0,1,0,0,45.35,185,472.42,0,0
2026-03-05 09:24:53,2,1,1,0,1,347.58,210,29930.52,0,0
2026-03-05 09:40:47,0,0,1,0,1,1566.05,29,6860.0,0,0
2026-03-05 09:54:38,2,0,0,0,0,48.86,68,23456.38,0,0
2026-03-05 10:32:20,0,0,0,0,0,145.8,112,6732.37,0,0
2026-03-05 12:51:04,0,1,0,0,0,88.31,222,3135.1,0,0
2026-03-05 12:53:32,1,0,0,1,0,11.01,166,825.08,0,0
2026-03-05 13:49:12,0,0,0,0,0,43.13,81,1173.05,0,0
2026-03-05 14:59:51,1,0,0,1,0,31.45,121,1974.02,0,0
2026-03-05 15:12:43,1,0,0,0,0,16.25,176,3224.23,0,0
2026-03-05 15:39:53,0,0,0,0,0,161.05,249,32946.38,0,0
2026-03-05 16:59:41,0,1,1,0,1,713.5,232,1094.95,0,0
2026-03-05 20:13:09,0,0,1,0,0,95.0,121,313.3,0,0
2026-03-05 21:44:12,4,0,0,0,0,213.72,13,10132.9,0,0
2026-03-05 22:53:53,1,1,1,0,0,78.31,212,8911.2,0,1
2026-03-05 23:50:46,0,0,0,0,0,29.85,185,923.1,0,0
2026-03-06 00:46:50,0,0,0,0,0,156.39,228,19892.78,0,0
2026-03-06 01:02:06,1,1,1,0,0,57.23,5,24260.17,0,0
2026-03-06 02:22:46,3,0,0,0,0,82.97,246,9455.95,0,1
2026-03-06 02:35:17,0,0,0,0,0,232.36,27,6220.63,0,0
2026-03-06 02:36:44,0,0,0,0,0,67.19,215,5762.1,0,0
2026-03-06 02:54:30,4,0,1,0,1,611.26,11,2934.53,0,0
2026-03-06 03:35:11,0,0,1,1,1,1949.59,35,14707.5,0,1
2026-03-06 04:41:50,0,0,0,0,0,14.33,210,1156.95,0,0
2026-03-06 04:51:34,5,0,0,0,0,245.02,108,24820.02,0,0
2026-03-06 06:23:32,1,0,0,0,0,247.16,53,1551.85,0,0
2026-03-06 06:38:55,0,0,0,0,0,86.61,250,16494.42,0,0
2026-03-06 07:50:05,0,0,0,0,0,16.76,195,26142.02,0,0
2026-03-06 07:50:21,0,0,0,1,0,60.16,31,4133.82,0,0
2026-03-06 08:09:16,0,1,1,0,1,825.66,107,21575.55,0,1
2026-03-06 08:14:37,4,0,1,0,0,35.43,143,28058.72,0,0
2026-03-06 08:27:48,0,0,0,0,0,19.25,227,6453.03,0,0
2026-03-06 08:45:12,2,0,0,0,0,30.61,231,34408.45,0,0
2026-03-06 09:01:07,4,0,0,0,0,81.09,6,4522.5,0,0
2026-03-06 09:10:32,0,0,0,0,0,115.74,221,6102.75,0,0
2026-03-06 10:40:17,0,1,0,0,0,389.2,91,29920.9,0,0
2026-03-06 12:14:54,1,0,1,0,0,24.3,220,13481.37,0,0
2026-03-06 12:44:37,4,0,0,0,0,22.82,131,23636.9,0,0
2026-03-06 13:44:39,3,0,0,0,0,12.45,151,5418.42,0,0
2026-03-06 14:37:46,0,0,0,0,0,279.68,90,24836.15,0,0
2026-03-06 15:11:03,1,0,0,1,0,48.1,27,755.77,0,0
2026-03-06 15:16:21,1,0,0,0,0,257.68,122,11003.45,0,0
2026-03-06 18:11:35,4,0,0,0,0,220.22,134,32430.85,0,0
2026-03-06 18:35:26,0,0,1,1,1,67.46,161,54405.2,0,0
2026-03-06 20:45:27,1,0,0,0,0,32.82,78,16394.62,0,0
2026-03-06 20:58:46,3,0,0,0,0,36.03,245,2494.05,0,0
2026-03-07 03:15:45,0,0,0,0,0,32.48,116,7928.58,0,0
2026-03-07 03:29:33,0,0,0,1,0,55.4,3,5791.37,0,0
2026-03-07 04:06:01,0,0,0,0,0,69.18,147,10038.9,0,0
2026-03-07 04:13:33,0,0,1,1,0,141.96,104,32143.72,0,0
2026-03-07 07:02:59,0,0,1,0,0,31.16,147,176.97,0,0
2026-03-07 08:34:55,5,0,0,0,0,35.49,155,3228.68,0,0
2026-03-07 08:59:53,0,0,0,1,0,91.28,178,12985.95,0,0
2026-03-07 09:32:32,0,0,0,0,0,19.76,165,3129.03,0,0
2026-03-07 09:59:04,1,0,1,0,1,961.38,186,16570.85,0,0
2026-03-07 10:37:17,0,0,0,0,0,28.9,243,12567.88,0,0
2026-03-07 10:56:18,0,1,1,0,0,22.06,170,4295.27,0,0
2026-03-07 11:53:16,2,1,0,0,0,158.79,48,5978.25,0,0
2026-03-07 13:33:09,3,0,0,0,0,122.8,51,23189.07,0,1
2026-03-07 14:08:32,1,0,0,0,0,28.74,104,594.98,0,0
2026-03-07 15:43:25,1,0,0,0,0,53.64,105,30452.18,0,0
2026-03-07 16:18:39,0,0,0,0,0,16.75,194,31364.92,0,0
2026-03-07 17:38:07,5,0,0,0,0,5.46,173,12094.8,0,0
2026-03-07 17:46:20,0,1,1,1,1,1320.01,14,25694.9,0,0
2026-03-07 18:00:20,2,0,0,0,0,45.19,177,9410.73,0,0
2026-03-07 18:51:00,0,0,0,0,0,23.22,56,33593.0,0,0
2026-03-07 19:32:01,5,0,0,0,0,12.17,156,9642.98,0,0
2026-03-07 20:03:58,2,0,1,0,0,113.95,58,5848.05,0,0
2026-03-07 20:08:25,2,0,0,0,0,31.67,138,4620.7,0,0
2026-03-07 21:19:56,0,0,1,1,0,237.93,166,3386.4,0,0
2026-03-07 21:23:34,0,0,0,1,0,21.42,156,111.55,0,0
2026-03-07 22:56:58,1,0,0,0,0,27.94,13,2952.77,0,0
2026-03-07 23:00:48,2,0,1,0,1,2863.13,249,3320.92,0,0
2026-03-07 23:37:28,0,0,0,0,0,84.96,220,2122.57,0,0
2026-03-08 00:16:34,6,1,1,0,0,11.47,237,17425.72,0,0
2026-03-08 01:38:17,4,0,0,0,0,79.73,145,16432.62,0,0
2026-03-08 02:01:56,0,0,0,0,0,36.84,127,9654.97,0,0
2026-03-08 02:19:14,3,0,0,0,0,133.54,197,10482.23,0,0
2026-03-08 05:03:42,1,0,1,1,0,8.1,175,8205.4,0,0
2026-03-08 05:03:46,0,0,0,1,0,249.96,197,164.53,0,0
2026-03-08 05:53:21,0,0,0,0,0,65.05,19,7231.18,0,0
2026-03-08 06:26:10,1,0,0,0,0,132.53,226,12352.08,0,0
2026-03-08 07:13:14,2,0,1,1,0,121.96,233,5308.88,0,0
2026-03-08 07:46:25,0,0,0,0,0,19.63,107,2857.15,0,0
2026-03-08 09:13:50,1,0,0,0,0,212.1,167,4587.37,0,0
2026-03-08 09:46:20,1,1,0,0,0,26.49,127,464.4,0,0
2026-03-08 10:07:32,2,0,0,0,0,21.14,192,22176.72,0,0
2026-03-08 11:08:53,0,1,1,0,1,1102.96,95,19174.1,0,0
2026-03-08 11:17:46,3,0,1,0,0,416.99,153,35087.43,0,0
2026-03-08 12:29:32,0,1,0,0,0,37.6,51,1376.38,0,0
2026-03-08 12:40:35,0,0,1,0,0,333.68,193,8408.35,0,0
2026-03-08 13:06:33,0,0,0,1,0,57.11,114,4897.05,0,0
2026-03-08 13:18:03,0,0,0,0,0,179.98,214,16163.88,0,0
2026-03-08 14:00:10,4,0,0,0,0,75.5,166,1000.23,0,0
2026-03-08 14:09:31,0,0,0,0,0,22.97,240,8708.65,0,0
2026-03-08 15:58:39,2,0,0,0,0,212.02,93,57686.05,0,0
2026-03-08 21:21:17,0,0,0,0,0,7.47,194,1742.63,0,0
2026-03-08 22:09:57,0,0,0,0,0,114.81,105,1826.53,0,0
2026-03-08 22:26:22,7,0,0,0,0,177.64,106,8440.1,0,0
2026-03-08 23:01:07,2,0,0,0,0,178.39,222,4930.05,0,0
2026-03-08 23:17:45,0,0,0,0,0,106.51,145,1299.47,0,0
2026-03-09 00:23:53,1,0,0,0,0,28.9,164,25589.73,0,1
2026-03-09 03:15:45,0,1,0,0,0,75.86,180,13255.23,0,0
2026-03-09 04:54:26,0,0,0,0,0,99.3,14,2108.1,0,0
2026-03-09 05:37:21,2,0,1,1,1,3306.75,17,65121.68,0,0
2026-03-09 05:48:21,2,0,0,0,0,17.4,28,6682.47,0,1
2026-03-09 06:49:25,0,0,0,1,0,62.53,117,22928.13,0,0
2026-03-09 06:56:15,4,0,0,0,0,40.52,134,3644.67,0,0
2026-03-09 09:16:24,1,0,0,0,0,55.81,137,23480.42,0,0
2026-03-09 10:20:38,0,1,0,0,1,303.26,139,25482.57,0,0
2026-03-09 11:33:15,1,0,1,1,1,367.76,72,13792.78,0,0
2026-03-09 12:13:21,1,0,0,0,0,146.9,47,12885.57,0,0
2026-03-09 13:26:36,1,0,0,0,0,65.08,180,610.85,0,0
2026-03-09 14:09:01,0,0,0,0,0,72.18,246,5026.25,0,0
2026-03-09 15:44:07,1,0,0,0,0,227.77,23,18157.85,0,0
2026-03-09 16:07:46,0,0,0,0,0,27.44,198,23009.92,0,0
2026-03-09 17:59:44,3,0,0,0,0,39.94,213,8947.38,0,0
2026-03-09 19:10:46,1,0,1,1,1,553.59,209,18785.08,0,0
2026-03-09 19:16:44,0,0,0,0,0,107.66,167,2042.9,0,0
2026-03-09 19:18:58,2,0,0,0,0,82.66,203,7433.65,0,1
2026-03-09 20:54:35,5,0,0,1,0,63.78,231,5049.38,0,0
2026-03-09 23:12:34,5,0,0,0,0,110.26,5,5650.47,0,1
2026-03-10 00:01:33,0,0,0,0,0,66.15,95,2212.67,0,0
2026-03-10 00:43:29,0,0,0,0,0,169.26,80,10487.23,0,0
2026-03-10 01:35:26,1,0,0,0,0,52.8,76,19863.22,0,0
2026-03-10 01:54:09,0,0,1,0,0,221.28,158,23476.7,0,0
2026-03-10 03:29:34,5,0,0,0,0,12.74,153,2411.8,0,0
2026-03-10 03:46:34,0,0,0,0,0,9.87,204,8949.47,0,0
2026-03-10 04:11:38,0,0,0,0,0,106.62,67,14408.9,0,0
2026-03-10 05:39:04,0,0,0,0,0,49.38,81,6709.87,0,0
2026-03-10 05:42:05,0,0,0,0,0,60.83,181,11136.62,0,0
2026-03-10 06:34:45,2,0,1,0,0,119.08,68,7000.12,0,0
2026-03-10 06:35:31,0,0,1,1,0,24.15,70,9916.47,0,0
2026-03-10 08:32:30,0,0,1,0,0,4.49,50,10640.37,0,0
2026-03-10 09:02:06,0,0,0,0,0,57.78,112,7109.77,0,0
2026-03-10 09:15:53,1,0,0,0,0,225.12,15,9202.05,0,0
2026-03-10 10:35:18,0,0,0,0,0,59.92,160,29358.88,0,0
2026-03-10 10:47:43,1,0,0,0,0,84.85,213,1007.98,0,0
2026-03-10 12:06:46,1,0,0,0,0,23.37,184,10287.23,0,0
2026-03-10 14:07:49,2,0,1,0,0,62.38,184,121.05,0,0
2026-03-10 14:50:43,5,0,0,0,0,65.52,124,31163.25,0,0
2026-03-10 14:59:51,4,0,0,0,0,26.81,194,2498.57,0,1
2026-03-10 16:24:21,5,0,0,0,0,17.89,238,8588.48,0,0
2026-03-10 17:31:11,0,0,0,0,0,43.12,112,509.08,0,0
2026-03-10 17:48:54,0,1,1,0,0,3.96,195,6358.82,0,1
2026-03-10 18:44:14,0,0,0,0,0,18.21,153,914.67,0,0
2026-03-10 19:49:54,4,1,0,0,0,131.44,155,4994.98,0,0
2026-03-10 19:59:08,6,0,0,0,0,104.74,219,23066.35,0,0
2026-03-10 20:44:12,3,0,0,0,0,37.51,87,17334.6,0,0
2026-03-10 22:03:52,0,0,0,0,0,80.11,9,13737.25,0,0
2026-03-10 22:07:58,5,0,1,1,0,176.83,189,9936.32,0,0
2026-03-11 01:31:46,0,0,0,1,0,182.73,36,20308.7,0,0
2026-03-11 05:49:07,0,0,0,0,0,106.24,11,7374.62,0,0
2026-03-11 06:02:39,0,0,0,0,0,13.25,39,20007.93,0,0
2026-03-11 06:12:23,0,0,0,0,0,17.78,135,13906.82,0,0
2026-03-11 07:03:49,1,0,1,0,0,34.48,13,4806.85,0,0
2026-03-11 07:21:39,0,0,0,0,0,111.08,199,36311.73,0,0
2026-03-11 08:15:05,0,0,0,0,0,29.84,234,12862.18,0,0
2026-03-11 09:06:16,1,0,1,1,1,936.64,47,2692.92,0,0
2026-03-11 09:10:02,3,0,0,0,0,174.6,235,11032.37,0,0
2026-03-11 09:18:54,1,0,1,0,1,3335.3,77,15170.22,0,0
2026-03-11 09:30:02,0,1,0,0,0,182.35,117,3040.62,0,0
2026-03-11 10:03:24,3,0,1,0,1,185.69,6,7262.28,0,0
2026-03-11 11:13:44,4,0,0,0,0,241.64,132,17210.22,0,0
2026-03-11 11:18:16,0,0,1,1,0,115.25,43,11152.4,0,0
2026-03-11 13:30:24,1,0,0,0,0,96.44,25,30732.25,0,0
2026-03-11 13:32:14,0,0,0,0,0,28.44,212,8078.35,0,0
2026-03-11 16:11:17,0,0,1,0,0,263.43,73,12048.12,0,0
2026-03-11 16:40:56,1,0,1,0,0,1.75,25,190.53,0,0
2026-03-11 17:24:53,3,0,1,0,0,8.58,229,35721.67,0,0
2026-03-11 18:09:48,0,0,1,0,0,16.69,73,118.52,0,0
2026-03-11 20:18:42,3,1,0,0,0,118.46,41,24632.6,0,0
2026-03-11 21:55:02,3,0,0,0,0,97.51,108,8223.47,0,0
2026-03-11 22:11:35,4,0,1,1,0,289.46,83,23783.82,0,0
2026-03-11 23:10:01,0,0,0,0,0,42.92,140,16248.0,0,0
2026-03-11 23:51:51,4,0,0,0,0,42.71,163,10852.45,0,0
2026-03-12 01:04:25,0,0,0,1,1,1660.88,68,2549.67,0,0
2026-03-12 04:08:23,1,0,1,1,0,19.14,56,6317.38,0,0
2026-03-12 06:55:29,0,0,0,0,0,62.37,211,13710.57,0,0
2026-03-12 08:07:14,0,1,1,1,0,1.56,50,2854.73,0,0
2026-03-12 09:25:50,2,0,0,0,0,89.66,44,26785.12,0,0
2026-03-12 10:39:28,0,0,0,0,0,153.24,110,21332.38,0,0
2026-03-12 11:58:31,0,0,1,1,1,341.77,6,1555.12,0,1
2026-03-12 12:54:27,0,0,0,0,0,36.7,159,35025.42,0,0
2026-03-12 13:18:49,1,0,1,0,0,14.14,111,25945.98,0,0
2026-03-12 13:31:36,0,0,0,0,0,95.63,243,7374.32,0,0
2026-03-12 13:37:00,3,0,0,0,0,83.02,96,33272.45,0,0
2026-03-12 13:38:11,0,0,0,0,0,175.1,201,33258.2,0,0
2026-03-12 14:20:28,0,0,0,0,0,351.81,250,9101.55,0,0
2026-03-12 15:35:28,0,0,0,0,0,411.31,121,9802.32,0,0
2026-03-12 15:58:45,0,0,0,1,0,11.34,48,7445.48,0,0
2026-03-12 17:27:25,0,0,0,0,0,80.55,90,8809.65,0,0
2026-03-12 18:05:00,0,0,0,0,0,155.9,6,366.48,0,0
2026-03-12 18:16:30,6,0,0,0,0,107.58,37,12572.13,0,0
2026-03-12 18:45:18,1,0,0,0,0,227.29,235,2015.27,0,0
2026-03-12 18:49:22,0,0,1,0,0,58.29,226,6503.2,0,0
2026-03-12 19:41:40,0,0,0,0,0,55.7,232,10241.98,0,0
2026-03-12 19:58:42,3,0,1,0,0,2.65,115,14041.7,0,0
2026-03-12 21:02:49,0,0,1,0,0,1.58,149,15111.28,0,0
2026-03-12 21:09:12,0,0,0,0,0,117.98,234,2214.12,0,0
2026-03-12 22:37:19,2,0,0,0,0,63.76,91,9357.03,0,0
2026-03-13 00:27:42,1,0,1,0,0,107.95,126,35188.82,0,0
2026-03-13 00:40:21,1,0,0,0,0,27.21,52,11506.33,0,0
2026-03-13 01:22:33,0,0,1,1,1,2982.67,211,1107.07,0,1
2026-03-13 01:33:16,0,0,0,0,0,233.16,91,175.95,0,0
2026-03-13 02:26:32,1,0,0,0,0,108.56,67,4214.9,0,0
2026-03-13 02:28:46,0,0,0,0,0,32.55,217,18784.78,0,0
2026-03-13 05:09:01,1,0,1,0,0,24.35,34,29130.47,0,0
2026-03-13 05:35:12,1,0,1,0,0,98.22,179,42674.23,0,1
2026-03-13 05:52:59,0,0,0,0,0,282.65,149,530.17,0,0
2026-03-13 06:12:18,5,0,0,0,0,86.3,128,13488.68,0,0
2026-03-13 08:49:20,3,0,1,0,1,2742.37,203,5130.37,0,0
2026-03-13 09:29:23,2,0,0,0,0,83.33,155,3699.48,0,0
2026-03-13 10:44:09,0,0,1,1,1,1684.06,156,8000.58,0,0
2026-03-13 11:15:43,0,0,0,0,0,83.88,4,23977.07,0,0
2026-03-13 14:59:03,0,0,0,0,0,85.65,108,2464.02,0,0
2026-03-13 15:05:53,0,0,0,0,0,134.42,169,22213.88,0,0
2026-03-13 16:22:47,6,0,1,1,1,756.88,53,10679.25,0,0
2026-03-13 16:32:36,0,0,1,1,0,234.34,48,1473.85,0,0
2026-03-13 16:37:04,0,0,1,1,0,199.14,218,12392.87,0,0
2026-03-13 16:53:16,0,0,0,0,0,129.21,85,39349.23,0,0
2026-03-13 16:53:20,1,0,1,0,0,136.03,39,3530.68,0,0
2026-03-13 18:12:31,0,0,1,0,0,53.31,196,23487.67,0,0
2026-03-13 18:24:06,0,0,0,0,0,178.69,229,2939.22,0,0
2026-03-13 18:27:33,0,0,0,0,0,269.73,49,18815.63,0,0
2026-03-13 18:50:58,4,0,1,0,0,158.55,192,7723.43,0,0
2026-03-13 20:38:34,0,0,0,1,0,14.27,183,14805.48,0,0
2026-03-13 21:11:55,4,0,0,0,0,154.47,107,8005.5,0,0
2026-03-13 22:17:04,3,0,1,0,0,62.47,196,244.55,0,0
2026-03-13 22:41:14,0,0,0,1,0,93.83,50,2314.0,0,0
2026-03-14 00:15:14,2,0,1,0,0,472.85,151,10710.58,0,0
2026-03-14 01:37:39,0,0,0,0,0,44.53,184,5009.83,0,0
2026-03-14 01:43:38,6,0,1,0,0,42.85,9,4539.77,0,1
2026-03-14 01:55:40,1,0,0,0,0,30.53,104,9347.13,0,0
2026-03-14 02:53:39,0,0,0,0,0,13.6,152,27518.97,0,0
2026-03-14 03:18:59,0,0,0,0,0,18.41,120,28661.15,0,0
2026-03-14 03:46:48,0,0,0,0,0,72.21,29,12606.02,0,0
2026-03-14 04:28:13,7,0,0,0,0,240.57,7,28555.97,0,0
2026-03-14 04:59:55,0,0,0,0,0,166.02,146,45896.57,0,0
2026-03-14 05:25:27,1,0,1,0,1,302.24,194,5185.6,0,0
2026-03-14 06:18:10,0,0,0,0,0,82.48,28,7229.82,0,0
2026-03-14 09:23:17,5,0,0,0,0,187.68,43,4205.02,0,0
2026-03-14 10:17:18,0,0,0,0,0,77.54,169,1151.42,0,0
2026-03-14 11:28:14,1,0,0,0,0,242.4,63,20488.35,0,0
2026-03-14 11:28:25,0,0,0,0,0,238.47,29,461.62,0,0
2026-03-14 13:28:44,2,0,0,0,0,42.81,173,9830.62,0,0
2026-03-14 13:40:16,0,0,1,0,0,207.09,17,7682.92,0,0
2026-03-14 14:01:11,0,0,0,0,0,87.98,95,6599.63,0,0
2026-03-14 15:38:40,0,0,1,1,1,980.45,145,8180.92,0,0
2026-03-14 16:03:22,2,0,1,1,1,2232.59,159,3068.92,0,0
2026-03-14 16:39:17,0,0,0,0,0,155.88,87,5515.08,0,0
2026-03-14 16:48:48,1,0,0,0,0,112.52,138,9880.38,0,0
2026-03-14 16:54:06,0,0,1,0,0,166.54,198,7246.33,0,0
2026-03-14 17:13:47,3,0,1,1,0,302.46,102,93221.18,0,0
2026-03-14 17:47:31,5,0,0,0,0,206.43,120,868.53,0,0
2026-03-14 17:51:28,1,1,1,0,0,7.72,239,43920.03,0,0
2026-03-14 19:55:18,0,0,0,0,0,189.73,155,2065.92,0,0
2026-03-14 20:43:45,0,1,1,0,1,2281.64,75,44198.95,0,0
2026-03-14 21:10:42,0,0,1,1,1,3920.64,148,18521.15,0,0
2026-03-14 21:51:32,0,0,1,0,0,134.54,46,27098.47,0,0
2026-03-14 23:02:25,1,0,0,0,0,210.25,69,17515.63,0,0
2026-03-14 23:27:16,1,0,0,0,0,1.03,160,6531.97,0,0
2026-03-15 00:05:17,5,0,1,0,0,380.79,69,62.87,0,1
2026-03-15 00:48:34,0,0,1,0,0,21.18,190,31336.92,0,0
2026-03-15 00:50:08,1,0,0,0,0,199.68,214,9332.08,0,0
2026-03-15 01:55:27,0,0,0,0,0,265.37,193,9434.87,0,0
2026-03-15 02:06:08,1,0,1,1,0,0.22,126,2978.43,0,0
2026-03-15 03:28:27,0,0,0,0,0,244.97,148,377.75,0,0
2026-03-15 05:29:41,0,0,0,0,0,176.73,51,9660.15,0,0
2026-03-15 05:31:30,0,0,1,0,0,255.64,79,16703.97,0,0
2026-03-15 06:20:34,2,0,1,0,0,19.47,75,576.82,0,0
2026-03-15 07:09:21,5,0,1,0,0,150.26,32,17492.32,0,0
2026-03-15 08:05:56,0,0,0,1,0,66.84,187,25132.17,0,0
2026-03-15 09:54:29,0,0,0,0,0,29.8,183,2235.92,0,0
2026-03-15 10:11:42,0,0,0,0,0,141.13,220,10714.23,0,0
2026-03-15 11:29:24,1,0,0,0,0,64.1,28,1751.23,0,0
2026-03-15 13:23:41,0,0,0,0,0,230.14,145,1305.02,0,0
2026-03-15 13:37:08,2,0,0,1,0,124.04,162,23186.3,0,0
2026-03-15 13:39:41,7,0,1,0,1,224.74,188,33071.47,0,0
2026-03-15 13:43:25,5,0,1,0,0,28.87,59,24938.1,0,1
2026-03-15 16:48:32,0,0,1,0,0,30.73,188,188.85,0,0
2026-03-15 18:47:05,3,0,0,0,0,42.17,216,22896.33,0,0
2026-03-15 18:54:07,2,0,0,0,0,109.8,194,2248.67,0,0
2026-03-15 20:05:15,0,0,0,0,0,224.75,188,196.72,0,0
2026-03-15 20:11:18,1,1,0,0,0,90.07,91,3998.03,0,0
2026-03-15 22:54:50,3,0,0,0,0,139.35,128,3882.53,0,0
2026-03-15 23:07:39,0,0,1,0,1,571.3,9,2724.02,0,0
2026-03-15 23:56:44,0,1,1,1,1,1108.68,52,4276.38,0,1
2026-03-16 01:13:06,0,0,1,0,0,70.14,83,5941.52,0,0
2026-03-16 02:53:23,1,1,0,0,0,120.75,164,10229.5,0,0
2026-03-16 06:20:38,0,0,0,0,0,72.97,57,43259.18,0,0
2026-03-16 06:31:55,4,0,0,0,0,40.68,119,25240.82,0,0
2026-03-16 06:41:05,1,0,0,0,0,27.96,221,14250.55,0,0
2026-03-16 08:25:59,1,0,0,0,0,29.4,11,7356.87,0,0
2026-03-16 08:32:22,0,0,0,0,0,395.73,32,1523.02,0,0
2026-03-16 09:04:48,1,0,1,0,0,44.24,219,7985.67,0,0
2026-03-16 09:18:15,0,0,0,1,0,164.3,180,9831.65,0,0
2026-03-16 09:34:59,0,0,0,1,1,111.06,125,17895.95,0,0
2026-03-16 09:42:20,1,0,0,0,0,9.39,39,3889.0,0,0
2026-03-16 11:18:43,0,0,0,0,0,115.88,216,991.63,0,0
2026-03-16 11:36:29,1,1,1,1,0,61.1,91,925.18,0,0
2026-03-16 11:54:06,0,0,1,1,0,212.44,64,24575.53,0,0
2026-03-16 12:45:22,0,0,0,0,0,198.21,27,14254.32,0,0
2026-03-16 12:53:30,0,0,0,0,0,140.92,168,20260.68,0,0
2026-03-16 15:43:39,7,0,0,0,0,168.91,96,5886.65,0,0
2026-03-16 17:23:02,1,0,0,0,0,204.41,109,39007.35,0,0
2026-03-16 19:56:17,1,0,1,0,0,153.05,108,4617.23,0,0
2026-03-16 21:08:43,0,0,0,0,0,74.84,86,20881.83,0,1
2026-03-16 21:57:32,0,0,1,0,0,30.75,123,22997.67,0,0
2026-03-16 22:02:53,6,0,1,0,0,154.83,177,13202.55,0,0
2026-03-16 23:34:03,0,0,0,0,0,38.23,234,5904.85,0,0
2026-03-17 00:18:13,0,0,0,0,0,28.08,224,25791.65,0,0
2026-03-17 00:42:12,1,0,0,0,0,18.83,123,164.67,0,0
2026-03-17 01:13:47,0,0,0,0,0,98.67,123,31.58,0,0
2026-03-17 01:15:31,3,0,0,0,0,27.77,176,16442.8,0,0
2026-03-17 03:17:58,1,0,1,0,0,46.97,238,9293.62,0,0
2026-03-17 04:01:43,0,0,0,0,0,123.46,99,18472.4,0,0
2026-03-17 06:00:32,0,1,1,0,1,2368.58,118,18611.62,0,0
2026-03-17 06:26:56,0,0,0,1,0,37.8,193,3151.48,0,0
2026-03-17 07:55:26,4,0,1,1,0,185.02,117,8545.4,0,0
2026-03-17 08:00:50,1,0,0,0,0,5.97,34,5931.82,0,0
2026-03-17 08:00:56,0,1,0,0,0,425.97,1,39225.87,0,1
2026-03-17 08:27:05,0,0,0,0,0,53.94,42,18525.93,0,0
2026-03-17 08:47:14,1,0,1,0,0,39.29,60,26035.58,0,0
2026-03-17 09:00:40,1,0,1,0,0,257.28,227,15872.87,0,0
2026-03-17 09:35:24,0,0,0,0,0,14.2,93,12576.75,0,0
2026-03-17 10:10:16,0,0,0,0,0,44.29,146,4630.35,0,0
2026-03-17 10:59:45,0,0,1,0,0,44.46,198,3965.65,0,1
2026-03-17 11:34:49,1,0,1,0,0,55.23,134,11798.57,0,0
2026-03-17 12:22:39,6,0,0,0,0,188.61,219,1637.85,0,0
2026-03-17 13:02:05,0,0,1,0,0,189.3,167,11145.35,0,0
2026-03-17 15:20:23,1,0,0,0,0,89.56,55,24752.75,0,0
2026-03-17 16:17:35,0,0,0,0,0,479.86,117,502.15,0,0
2026-03-17 19:08:14,0,0,0,0,0,185.89,147,15125.25,0,0
2026-03-17 19:19:06,0,0,0,0,0,114.28,166,13278.93,0,0
2026-03-17 19:28:11,3,0,1,0,0,22.25,131,16243.57,0,0
2026-03-17 20:50:35,0,0,0,0,0,79.79,117,273.0,0,0
2026-03-17 21:06:08,1,1,0,0,0,24.07,115,7267.43,0,0
2026-03-17 21:09:28,0,0,0,0,0,35.9,102,4555.68,0,0
2026-03-17 21:55:47,0,0,0,0,0,115.79,20,32843.55,0,0
2026-03-17 22:04:02,0,0,0,0,0,20.39,121,7588.57,0,0
2026-03-17 23:01:05,2,0,0,0,0,9.52,66,18697.1,0,0
2026-03-17 23:49:52,0,1,1,0,0,75.83,71,23064.37,0,0
2026-03-18 00:53:52,1,0,1,0,1,1.43,133,35962.42,0,0
2026-03-18 01:42:11,0,0,1,0,0,93.88,25,9181.25,0,0
2026-03-18 02:27:53,0,1,1,0,1,3474.14,234,1613.83,0,1
2026-03-18 02:35:16,0,0,1,0,0,21.1,53,6372.48,0,0
2026-03-18 02:50:51,0,0,1,0,0,48.25,205,18953.63,0,0
2026-03-18 03:32:17,0,0,0,0,0,248.13,140,8902.27,0,0
2026-03-18 06:19:14,0,0,0,0,0,121.7,69,4693.95,0,0
2026-03-18 07:21:03,1,1,1,1,1,218.08,140,228.77,0,1
2026-03-18 07:21:50,1,0,0,0,0,48.13,210,17440.0,0,0
2026-03-18 08:38:39,0,1,1,0,0,141.06,67,7572.12,0,0
2026-03-18 09:28:20,0,1,0,0,0,109.3,54,22437.93,0,0
2026-03-18 10:59:09,0,0,0,0,0,16.92,132,10065.42,0,0
2026-03-18 11:31:52,0,0,1,0,1,96.78,235,8206.57,0,0
2026-03-18 11:54:40,0,0,1,0,0,114.47,19,14761.32,0,0
2026-03-18 12:43:28,4,0,0,0,0,93.91,85,6950.2,0,0
2026-03-18 13:45:20,0,0,1,0,0,6.12,217,7876.57,0,0
2026-03-18 14:57:21,0,0,0,0,0,368.14,67,378.7,0,0
2026-03-18 15:39:26,0,0,0,1,0,29.09,135,10647.05,0,0
2026-03-18 16:19:29,0,1,0,0,0,48.78,137,13383.08,0,0
2026-03-18 16:27:35,1,0,0,1,0,19.55,4,7511.87,0,0
2026-03-18 16:39:39,0,0,0,0,0,176.33,183,4725.17,0,0
2026-03-18 16:48:44,0,0,0,1,0,328.52,23,13024.62,0,0
2026-03-18 17:50:04,1,0,0,0,0,23.99,75,5009.5,0,0
2026-03-18 18:15:42,0,0,0,0,0,33.29,211,8213.15,0,0
2026-03-18 19:47:20,2,0,0,0,0,122.59,65,25897.85,0,0
2026-03-18 19:52:15,1,0,0,0,0,75.05,4,204.67,0,0
2026-03-18 19:55:55,0,0,1,1,0,11.1,9,4128.27,0,0
2026-03-18 20:53:40,1,0,1,0,0,263.97,42,2186.58,0,0
2026-03-18 22:18:25,0,0,0,0,0,94.46,71,1348.55,0,0
2026-03-19 01:58:28,1,1,1,0,0,35.85,154,25205.45,0,0
2026-03-19 02:34:24,0,0,0,0,0,67.3,246,13705.38,0,0
2026-03-19 02:38:34,0,0,1,1,0,69.36,21,22157.08,0,0
2026-03-19 05:06:43,1,0,0,0,0,74.53,112,12215.53,0,0
2026-03-19 05:08:38,3,0,0,0,0,68.78,123,3114.85,0,0
2026-03-19 05:55:06,7,0,1,1,0,82.51,138,6546.3,0,0
2026-03-19 07:19:15,1,1,1,0,0,49.98,10,25936.52,0,0
2026-03-19 08:05:35,0,0,0,1,1,237.02,190,6197.02,0,0
2026-03-19 09:41:06,0,0,1,1,1,1638.57,193,3074.17,0,0
2026-03-19 10:05:42,0,0,0,0,0,157.26,100,24012.37,0,0
2026-03-19 11:47:13,0,0,0,0,0,183.9,67,1249.87,0,0
2026-03-19 12:42:21,0,0,0,0,0,2.22,99,3400.63,0,0
2026-03-19 12:52:24,4,0,1,1,0,51.86,237,16595.83,0,0
2026-03-19 13:02:24,0,0,1,0,0,383.68,12,55500.4,0,0
2026-03-19 14:06:00,0,0,0,1,0,6.46,91,4469.52,0,0
2026-03-19 14:47:04,0,0,0,0,0,153.97,209,14136.3,0,0
2026-03-19 17:05:01,3,0,0,0,0,13.48,147,2756.78,0,0
2026-03-19 17:58:46,1,0,0,0,0,174.09,202,24605.13,0,0
2026-03-19 19:14:15,1,1,1,0,0,111.54,43,7790.97,0,0
2026-03-19 20:07:55,0,0,0,1,1,1936.66,90,10240.5,0,0
2026-03-19 20:27:31,3,0,1,0,0,378.63,136,24064.33,0,0
2026-03-19 22:20:15,0,0,1,1,1,4207.27,180,5102.0,0,0
2026-03-19 23:15:49,3,0,0,0,0,36.29,231,14541.23,0,0
2026-03-19 23:28:40,1,0,1,1,0,47.04,2,22009.08,0,0
2026-03-19 23:56:53,0,0,1,1,1,784.3,76,14301.45,0,0
2026-03-20 00:00:02,0,0,0,0,0,19.92,167,3537.95,0,0
2026-03-20 00:54:31,1,0,0,0,0,47.99,54,2366.18,0,0
2026-03-20 04:12:30,0,0,0,0,0,386.44,120,7824.98,0,0
2026-03-20 05:53:23,3,0,0,0,0,67.25,168,5339.88,0,0
2026-03-20 07:29:34,0,0,0,0,0,304.92,223,43038.92,0,0
2026-03-20 07:52:47,0,0,0,0,0,7.41,157,41064.83,0,0
2026-03-20 08:06:59,0,0,0,0,0,4.01,72,15633.73,0,0
2026-03-20 09:28:49,0,0,0,0,0,85.64,15,14412.93,0,0
2026-03-20 12:37:52,0,0,0,0,0,133.28,26,39014.9,0,0
2026-03-20 13:28:22,0,0,0,0,0,24.52,176,5052.85,0,0
2026-03-20 14:22:48,1,0,0,0,0,69.99,100,1697.1,0,0
2026-03-20 18:18:00,0,0,0,0,0,206.31,169,9120.7,0,0
2026-03-20 18:28:17,6,0,0,0,0,143.43,248,33448.4,0,0
2026-03-20 19:43:03,1,0,0,0,0,26.37,68,12638.63,0,0
2026-03-20 19:53:25,3,1,1,0,0,40.72,114,17686.87,0,0
2026-03-20 22:05:53,0,1,1,0,1,547.47,161,20370.45,0,0
2026-03-20 22:08:42,0,0,0,0,0,127.12,140,3767.65,0,0
2026-03-20 23:10:03,0,1,1,1,0,344.77,178,19570.17,0,0
2026-03-21 00:28:19,1,0,0,0,0,32.86,245,20369.55,0,0
2026-03-21 01:01:53,3,0,1,0,0,88.75,203,11052.55,0,0
2026-03-21 03:16:28,0,0,0,0,0,447.05,222,17535.35,0,0
2026-03-21 03:56:29,0,0,1,0,0,17.15,53,4401.22,0,0
2026-03-21 04:17:03,3,0,1,0,0,107.61,237,2364.65,0,0
2026-03-21 04:55:08,0,0,0,0,0,40.34,90,1967.22,0,0
2026-03-21 05:43:12,1,1,1,0,0,478.77,178,393.15,0,0
2026-03-21 06:52:02,1,0,0,0,0,11.52,30,37773.75,0,0
2026-03-21 07:16:43,3,0,0,0,0,60.01,228,21989.88,0,0
2026-03-21 07:35:02,0,1,1,0,0,29.43,248,786.75,0,1
2026-03-21 08:01:40,0,0,0,0,0,3.22,225,23194.83,0,0
2026-03-21 08:36:44,1,0,0,0,0,331.31,237,259.68,0,0
2026-03-21 08:40:25,5,0,0,0,0,83.97,159,9637.05,0,0
2026-03-21 08:54:18,0,0,1,0,1,1809.9,2,2005.63,0,0
2026-03-21 09:33:11,0,0,0,1,0,96.83,79,8881.68,0,0
2026-03-21 10:19:18,1,0,1,0,0,16.07,194,8125.18,0,1
2026-03-21 11:33:38,5,0,0,0,0,18.7,53,457.15,0,0
2026-03-21 12:31:19,3,0,0,0,0,98.47,204,16364.75,0,0
2026-03-21 14:15:13,7,0,1,1,0,151.33,210,4733.38,0,0
2026-03-21 15:28:09,0,0,1,0,1,1416.53,72,1881.17,0,1
2026-03-21 15:53:19,0,0,0,0,0,84.48,195,15724.42,0,0
2026-03-21 18:55:28,1,0,0,0,0,137.03,99,3253.12,0,0
2026-03-21 20:01:13,3,1,0,0,0,27.92,184,11183.57,0,0
2026-03-21 20:13:30,0,0,1,1,0,131.54,161,1327.62,0,0
2026-03-21 22:32:06,0,0,0,0,0,52.97,159,831.68,0,0
2026-03-22 00:21:23,2,1,0,0,0,112.1,196,11644.32,0,0
2026-03-22 00:24:22,0,0,0,1,0,32.12,23,4775.63,0,1
2026-03-22 00:29:04,0,0,1,0,0,14.79,101,25084.95,0,0
2026-03-22 00:42:30,1,0,0,0,0,2.96,173,10753.77,0,0
2026-03-22 01:54:23,1,0,1,1,0,162.7,109,7711.35,0,0
2026-03-22 01:54:49,2,0,0,0,0,21.94,35,22939.63,0,0
2026-03-22 02:11:15,0,0,1,0,1,677.57,104,11535.58,0,0
2026-03-22 02:11:19,1,0,0,0,0,146.47,117,6080.73,0,1
2026-03-22 02:46:23,1,0,0,0,0,59.82,230,29243.5,0,0
2026-03-22 02:54:56,1,1,1,0,1,367.99,193,3913.83,0,1
2026-03-22 02:59:55,1,0,0,0,0,21.66,131,6211.73,0,0
2026-03-22 03:51:17,0,0,0,0,0,52.41,10,4112.03,0,0
2026-03-22 04:37:35,0,0,1,0,0,83.28,244,38076.23,0,0
2026-03-22 04:58:29,0,0,1,0,0,49.82,222,1542.02,0,0
2026-03-22 05:22:24,0,0,0,0,0,234.94,122,22446.05,0,0
2026-03-22 05:44:27,1,1,1,1,1,5.76,122,22.05,0,1
2026-03-22 05:49:33,3,1,1,0,0,51.42,28,9740.15,0,0
2026-03-22 06:01:45,2,0,0,0,0,135.8,80,17598.27,0,0
2026-03-22 06:06:06,2,0,0,1,0,221.54,4,4933.85,0,0
2026-03-22 06:08:26,0,0,0,0,0,44.38,117,237.12,0,0
2026-03-22 06:36:14,0,1,1,0,0,111.96,112,4409.52,0,0
2026-03-22 07:41:45,0,0,0,0,0,86.83,109,347.37,0,0
2026-03-22 08:07:25,0,0,0,0,0,22.51,185,23536.65,0,0
2026-03-22 08:24:23,0,0,0,0,0,114.24,196,483.0,0,0
2026-03-22 08:55:21,1,0,0,0,0,28.71,23,510.98,0,0
2026-03-22 11:35:57,7,1,1,1,0,153.2,104,564.7,0,0
2026-03-22 13:50:48,0,0,0,0,0,200.92,151,12335.57,0,0
2026-03-22 13:59:25,0,0,0,0,0,65.09,178,1936.22,0,0
2026-03-22 14:02:24,2,0,0,0,0,5.56,79,1709.22,0,0
2026-03-22 14:38:25,0,0,1,0,1,2005.41,77,16159.52,0,1
2026-03-22 15:52:09,3,0,1,0,0,62.96,1,7671.22,0,0
2026-03-22 16:25:38,2,0,0,0,0,9.93,101,956.57,0,0
2026-03-22 17:56:50,5,0,0,0,0,40.22,24,31918.5,0,0
2026-03-22 18:22:20,0,0,1,0,0,34.34,172,72456.95,0,0
2026-03-22 19:17:20,1,0,1,1,0,129.59,65,5730.0,0,0
2026-03-22 19:30:52,0,0,0,0,0,55.18,45,47382.72,0,0
2026-03-22 19:53:24,1,1,1,0,0,88.44,242,36369.47,0,0
2026-03-22 19:58:16,0,0,0,0,0,69.53,109,736.52,0,0
2026-03-22 20:12:00,0,0,1,1,1,1932.43,205,6801.15,0,0
2026-03-22 20:32:25,1,0,0,0,0,126.6,249,21451.62,0,0
2026-03-22 21:50:07,1,0,1,0,0,59.56,166,7351.02,0,0
2026-03-22 22:59:51,3,1,1,0,0,14.51,209,4812.78,0,0
2026-03-23 00:16:06,2,0,0,0,0,52.4,184,1694.88,0,0
2026-03-23 00:57:17,1,0,0,1,0,17.45,179,14122.08,0,0
2026-03-23 01:09:47,0,0,0,0,0,319.8,30,2537.75,0,0
2026-03-23 02:47:23,2,0,0,0,0,299.86,84,41262.58,0,0
2026-03-23 05:25:55,1,0,1,1,1,915.1,106,20579.55,0,0
2026-03-23 06:30:55,4,0,1,0,0,2.8,5,19158.35,0,0
2026-03-23 06:31:02,4,0,1,0,0,46.94,233,21557.8,0,0
2026-03-23 06:38:56,0,0,0,0,0,225.47,69,7219.7,0,0
2026-03-23 07:48:12,3,0,0,0,0,33.97,118,8747.67,0,0
2026-03-23 10:20:55,0,0,0,0,0,97.28,238,9062.95,0,0
2026-03-23 11:31:19,0,1,0,1,0,20.33,247,51710.15,0,1
2026-03-23 11:48:26,1,1,0,0,0,174.39,165,23175.9,0,0
2026-03-23 12:07:29,0,0,0,0,0,222.47,208,37377.28,0,0
2026-03-23 13:11:40,2,0,0,0,0,95.48,149,14838.68,0,0
2026-03-23 13:12:07,0,0,0,0,0,97.75,226,15502.75,0,0
2026-03-23 17:05:03,0,0,0,0,0,47.57,238,404.13,0,0
2026-03-23 17:26:23,1,0,0,0,0,122.79,114,4172.97,0,0
2026-03-23 19:22:12,2,0,0,0,0,65.1,70,19486.68,0,0
2026-03-23 22:35:01,4,0,0,0,0,136.84,234,8407.13,0,0
2026-03-23 23:05:30,2,0,0,0,0,345.81,127,22399.17,0,0
2026-03-23 23:16:52,1,0,0,0,0,172.81,70,234.67,0,1
2026-03-23 23:40:10,0,0,0,0,0,72.84,202,6101.4,0,0
2026-03-23 23:56:49,0,0,0,0,0,385.79,223,5307.25,0,0
2026-03-24 00:18:24,0,0,1,0,0,93.42,134,9403.58,0,1
2026-03-24 01:11:49,1,0,0,0,0,6.71,67,6564.6,0,0
2026-03-24 01:26:15,1,0,0,0,0,131.07,249,1733.83,0,0
2026-03-24 04:49:33,0,0,0,0,0,171.51,44,17003.72,0,1
2026-03-24 05:03:03,2,0,0,0,0,14.48,183,7943.4,0,0
2026-03-24 05:07:10,1,0,0,0,0,113.72,52,11830.43,0,0
2026-03-24 07:44:06,0,0,0,0,0,253.73,89,32643.3,0,0
2026-03-24 08:45:55,0,0,1,0,0,28.96,84,1798.53,0,0
2026-03-24 10:16:22,3,0,0,0,0,87.95,227,10155.7,0,0
2026-03-24 12:35:44,2,0,0,0,0,32.1,193,3460.8,0,0
2026-03-24 13:15:08,4,0,1,0,0,148.9,180,6654.88,0,1
2026-03-24 13:30:56,0,0,1,0,0,86.91,159,3778.83,0,0
2026-03-24 14:13:49,7,0,0,0,0,55.87,206,30029.93,0,0
2026-03-24 18:52:27,0,0,1,0,0,2.94,67,1060.63,0,0
2026-03-24 19:01:54,0,0,0,0,0,289.68,80,3660.15,0,0
2026-03-24 19:53:26,7,0,1,0,0,68.86,206,339.62,0,0
2026-03-24 19:58:40,0,0,0,0,0,163.02,67,66.22,0,0
2026-03-24 22:34:25,1,0,0,0,0,49.74,134,1336.02,0,0
2026-03-25 00:44:37,0,0,1,0,1,2836.74,9,8928.7,0,0
2026-03-25 02:12:36,1,0,0,0,0,17.44,225,5410.93,0,0
2026-03-25 02:16:31,4,0,1,1,0,26.33,233,2625.48,0,0
2026-03-25 02:51:19,0,0,1,1,1,608.33,12,8028.92,0,1
2026-03-25 03:47:52,1,0,0,0,0,9.28,66,10366.78,0,0
2026-03-25 03:51:55,0,0,0,0,0,58.67,64,12477.82,0,0
2026-03-25 03:53:17,1,0,0,0,0,66.54,43,7719.03,0,1
2026-03-25 06:54:02,0,0,0,0,0,12.19,110,18494.57,0,0
2026-03-25 07:45:07,0,0,0,0,0,55.7,188,13659.87,0,0
2026-03-25 08:04:22,0,0,0,0,0,21.98,67,725.7,0,0
2026-03-25 09:13:45,0,0,1,1,0,208.11,77,3995.33,0,0
2026-03-25 09:19:36,4,0,0,0,0,71.19,31,27449.25,0,0
2026-03-25 09:32:27,0,0,0,0,0,303.58,201,18474.27,0,0
2026-03-25 12:16:49,0,0,0,0,0,41.77,168,7583.43,0,0
2026-03-25 16:20:57,0,0,0,0,0,41.76,105,24131.0,0,0
2026-03-25 16:53:44,0,0,1,0,0,41.36,72,5845.58,0,0
2026-03-25 18:49:47,2,0,1,0,0,31.24,22,40883.85,0,0
2026-03-25 19:05:14,6,1,0,1,0,153.36,218,17428.17,0,0
2026-03-25 20:32:16,0,0,1,1,1,498.48,249,2586.02,0,0
2026-03-25 21:00:13,3,0,0,0,0,33.97,125,13645.23,0,0
2026-03-25 21:51:43,1,0,0,0,0,4.8,208,3464.23,0,0
2026-03-25 22:56:57,0,1,0,0,0,336.28,224,12878.73,0,0
2026-03-25 23:38:20,1,1,1,0,0,217.41,163,20146.48,0,0
2026-03-26 02:10:06,1,0,0,0,0,34.6,100,7907.3,0,0
2026-03-26 02:16:35,1,0,1,1,1,1103.36,193,2260.85,0,0
2026-03-26 03:35:18,4,0,0,0,0,65.92,71,10396.88,0,1
2026-03-26 03:51:16,0,0,0,1,0,9.18,178,5151.85,0,0
2026-03-26 04:00:03,4,0,0,0,0,75.76,113,30554.1,0,0
2026-03-26 06:36:09,2,0,0,0,0,12.03,40,32717.3,0,0
2026-03-26 06:38:25,0,0,1,1,0,56.93,234,3363.4,0,1
2026-03-26 07:09:37,1,0,1,0,0,9.19,112,5793.38,0,0
2026-03-26 07:24:28,0,0,0,0,0,88.9,75,10894.4,0,0
2026-03-26 07:43:07,7,0,0,0,0,5.03,11,14357.13,0,0
2026-03-26 09:03:33,1,0,0,0,0,99.0,205,5091.55,0,0
2026-03-26 10:46:45,0,0,0,0,0,122.83,41,21028.05,0,0
2026-03-26 11:50:59,0,0,0,0,0,84.6,4,6104.88,0,0
2026-03-26 12:48:13,1,0,0,0,0,63.39,217,11462.88,0,0
2026-03-26 15:10:03,0,0,0,0,0,6.27,3,28060.5,0,0
2026-03-26 16:02:40,0,0,0,0,0,1.14,120,9350.17,0,0
2026-03-26 17:29:43,0,0,0,0,0,41.92,74,36649.18,0,0
2026-03-26 17:38:25,0,0,0,1,0,147.51,197,26674.65,0,0
2026-03-26 17:55:53,0,0,0,0,0,104.21,76,9719.0,0,0
2026-03-26 18:26:28,0,0,1,0,0,13.39,162,16129.33,0,0
2026-03-26 19:35:41,0,1,1,0,1,1746.84,76,99.8,0,0
2026-03-26 20:13:15,1,0,0,0,0,85.55,53,7719.62,0,0
2026-03-26 20:23:26,1,0,0,0,0,18.24,38,36613.32,0,0
2026-03-26 21:28:21,0,0,1,1,0,140.77,207,39839.93,0,0
2026-03-26 22:50:38,0,0,0,0,0,177.37,85,12127.17,0,0
2026-03-27 00:50:00,1,1,1,1,0,26.47,247,5118.68,0,0
2026-03-27 01:12:20,0,0,0,0,0,101.03,4,801.35,0,0
2026-03-27 02:05:48,0,0,1,1,0,47.5,203,8703.92,0,0
2026-03-27 02:15:32,0,0,0,0,0,6.02,122,6991.08,0,0
2026-03-27 02:16:47,3,0,0,0,0,197.58,74,527.07,0,0
2026-03-27 02:32:52,2,0,0,0,0,171.89,199,22751.22,0,0
2026-03-27 02:53:41,2,0,1,1,0,38.26,73,22123.88,0,0
2026-03-27 03:12:46,2,0,0,0,0,75.82,18,34722.35,0,0
2026-03-27 03:15:40,1,1,1,0,0,71.82,47,22689.4,0,0
2026-03-27 03:50:04,0,0,0,0,0,19.54,155,17754.77,0,1
2026-03-27 04:10:55,1,1,1,0,0,15.74,107,19139.0,0,0
2026-03-27 07:24:43,0,0,1,1,1,2789.43,28,7295.17,0,0
2026-03-27 09:01:59,1,0,0,0,0,202.01,185,7254.57,0,0
2026-03-27 09:17:06,2,1,0,0,0,129.16,224,2060.15,0,1
2026-03-27 09:58:53,1,1,1,0,0,7.55,74,462.1,0,0
2026-03-27 13:52:59,0,0,1,1,1,3597.69,226,5800.87,0,0
2026-03-27 14:15:50,0,0,0,0,0,395.04,247,805.83,0,0
2026-03-27 14:24:33,1,0,0,0,0,149.44,133,13770.68,0,0
2026-03-27 16:12:04,1,0,0,0,0,43.6,148,18043.62,0,0
2026-03-27 16:54:12,3,0,0,0,0,52.05,55,14493.82,0,0
2026-03-27 18:52:59,0,0,0,0,0,203.74,94,34044.03,0,0
2026-03-27 19:03:40,2,0,0,0,0,32.88,33,36182.27,0,0
2026-03-27 19:21:58,1,0,0,0,0,15.3,192,20191.0,0,0
2026-03-27 21:31:13,4,0,0,0,0,173.05,147,11786.2,0,0
2026-03-27 21:43:32,1,0,0,0,0,21.48,2,9409.23,0,1
2026-03-27 21:43:55,1,0,0,0,0,237.84,210,9088.7,0,0
2026-03-27 23:06:50,1,0,0,1,0,90.56,78,30381.38,0,0
2026-03-27 23:08:17,2,0,1,0,1,1215.77,197,1769.87,0,0
2026-03-27 23:47:25,6,0,0,0,0,149.5,189,24579.45,0,0
2026-03-28 00:59:36,0,0,0,0,0,1.66,58,29095.63,0,0
2026-03-28 00:59:40,0,0,0,0,0,125.02,146,15289.4,0,0
2026-03-28 01:28:17,5,0,1,0,0,91.25,173,8685.78,0,0
2026-03-28 01:45:54,1,0,1,0,0,74.19,243,22334.3,0,0
2026-03-28 02:08:16,1,0,1,0,1,367.56,79,7925.87,0,0
2026-03-28 04:22:33,0,0,0,0,0,176.86,151,8071.75,0,0
2026-03-28 05:20:07,0,0,0,0,0,28.85,50,20558.88,0,1
2026-03-28 05:55:47,2,1,0,0,0,67.29,132,14096.63,0,0
2026-03-28 07:18:08,2,0,1,0,0,17.21,98,38962.77,0,0
2026-03-28 07:23:05,0,0,0,0,0,363.86,24,8006.25,0,0
2026-03-28 09:05:31,0,0,0,0,0,21.63,12,4694.2,0,0
2026-03-28 09:38:26,3,0,0,1,0,162.57,29,20050.02,0,0
2026-03-28 10:01:51,0,0,1,1,0,30.53,6,22556.85,0,0
2026-03-28 10:40:10,4,0,0,0,0,29.58,152,20626.52,0,0
2026-03-28 12:14:07,0,1,1,0,0,54.77,111,22975.3,0,0
2026-03-28 13:43:41,1,0,0,0,0,186.98,86,16834.97,0,0
2026-03-28 14:37:38,5,0,0,0,0,116.33,145,18793.95,0,0
2026-03-28 15:32:07,1,0,0,0,0,205.29,57,17831.48,0,0
2026-03-28 15:49:05,0,0,0,0,0,4.84,32,17716.72,0,0
2026-03-28 16:38:11,1,0,1,0,0,311.66,89,6294.08,0,0
2026-03-28 17:58:15,0,0,1,0,0,8.03,125,4138.03,0,0
2026-03-28 18:15:10,0,0,1,0,0,127.68,181,26673.08,0,0
2026-03-28 19:04:26,7,0,1,0,0,23.22,26,11906.57,0,0
2026-03-28 19:36:00,2,0,1,0,1,2756.81,219,16273.35,0,1
2026-03-28 20:14:36,1,0,0,0,0,198.31,199,2501.73,0,0
2026-03-28 20:46:31,0,0,0,0,0,80.13,35,9771.7,0,0
2026-03-28 21:22:04,0,0,1,0,1,773.43,226,1889.08,0,0
2026-03-29 00:06:41,0,1,1,0,0,157.68,27,17961.32,0,0
2026-03-29 00:50:17,1,0,1,0,1,3107.58,136,13222.77,0,1
2026-03-29 04:55:04,2,0,0,0,0,134.04,163,4636.73,0,1
2026-03-29 05:32:45,1,0,1,1,0,237.43,18,3019.98,0,0
2026-03-29 05:50:12,3,0,1,0,0,98.49,151,1527.65,0,0
2026-03-29 06:22:49,0,0,1,0,1,1665.14,94,2129.83,0,1
2026-03-29 06:53:06,0,0,0,0,0,84.83,16,42374.58,0,0
2026-03-29 07:04:02,0,0,0,0,0,66.97,159,6813.1,0,0
2026-03-29 07:19:19,0,0,0,0,0,106.38,61,37317.32,0,0
2026-03-29 07:53:09,0,0,0,0,0,82.36,121,16429.12,0,0
2026-03-29 10:18:45,5,0,0,0,0,131.39,230,10532.37,0,0
2026-03-29 10:19:34,0,0,1,0,0,272.17,126,20653.43,0,0
2026-03-29 11:11:05,4,0,0,0,0,46.69,242,9557.68,0,0
2026-03-29 12:35:16,0,0,0,0,0,52.96,34,17554.43,0,0
2026-03-29 13:39:51,7,0,1,1,0,1.51,129,49056.85,0,0
2026-03-29 14:19:30,1,1,1,0,0,74.87,73,3565.82,0,0
2026-03-29 16:03:07,5,0,1,1,1,211.31,228,12046.4,0,0
2026-03-29 16:15:27,0,0,1,0,1,1888.18,236,45028.88,0,0
2026-03-29 16:28:46,2,0,1,0,0,151.23,196,10564.38,0,0
2026-03-29 17:50:02,4,0,0,0,0,128.28,173,2421.75,0,0
2026-03-29 18:29:14,0,1,1,1,1,1186.62,128,19894.4,0,0
2026-03-29 18:59:13,0,0,0,0,0,76.4,58,2519.62,0,0
2026-03-29 19:41:16,0,0,0,0,0,104.0,20,17145.48,0,0
2026-03-29 19:42:48,5,0,1,0,0,80.9,237,12186.07,0,0
2026-03-29 19:46:13,1,0,1,1,0,138.75,209,9886.37,0,0
2026-03-29 21:57:33,1,0,0,0,0,224.93,172,10295.22,0,0
2026-03-29 22:08:57,0,0,0,0,0,76.81,138,15373.85,0,0
2026-03-29 22:09:45,0,0,0,0,0,11.69,46,21618.22,0,0
2026-03-29 22:11:53,3,0,0,0,0,14.04,107,3960.97,0,0
2026-03-29 23:35:23,0,0,1,0,0,47.15,126,795.82,0,1
2026-03-29 23:35:48,1,0,1,0,0,68.58,104,10799.85,0,0
2026-03-30 00:11:16,4,0,1,0,0,25.5,205,5227.72,0,0
2026-03-30 00:38:22,0,0,0,0,0,60.28,249,6006.1,0,0
2026-03-30 00:38:23,1,0,0,0,0,14.59,249,0.02,0,0
2026-03-30 01:43:07,0,0,0,0,0,27.55,185,3881.13,0,0
2026-03-30 01:52:44,1,0,0,0,0,132.41,166,10322.62,0,0
2026-03-30 02:17:12,0,0,0,0,0,423.85,108,19100.92,0,0
2026-03-30 02:48:07,2,0,0,0,0,20.6,16,1195.02,0,0
2026-03-30 03:14:56,0,0,0,0,0,41.41,167,14594.9,0,0
2026-03-30 04:55:58,0,0,0,0,0,43.18,97,86859.15,0,0
2026-03-30 05:23:31,1,0,1,1,0,25.27,155,4413.45,0,0
2026-03-30 06:42:19,0,1,1,0,0,22.82,229,23778.22,0,0
2026-03-30 06:49:02,2,0,0,0,0,14.12,128,739.8,0,0
2026-03-30 08:04:45,0,0,1,0,0,238.07,112,5815.13,0,0
2026-03-30 08:12:29,1,0,0,0,0,104.8,208,6380.77,0,0
2026-03-30 09:26:14,0,0,1,1,0,34.31,79,3317.97,0,0
2026-03-30 10:16:07,1,0,0,0,0,29.85,80,8114.22,0,0
2026-03-30 12:33:12,0,0,1,0,0,89.09,134,8038.78,0,0
2026-03-30 14:15:02,0,0,0,0,0,119.48,29,3156.6,0,0
2026-03-30 14:21:49,0,0,0,0,0,29.17,168,7325.0,0,0
2026-03-30 14:48:15,2,0,0,0,0,42.64,145,2890.62,0,0
2026-03-30 15:57:58,0,0,0,0,0,34.34,40,6321.82,0,0
2026-03-30 17:57:37,4,0,1,0,0,9.18,71,6622.32,0,0
2026-03-30 18:03:36,4,0,0,0,0,48.86,98,3525.47,0,0
2026-03-30 23:14:01,0,0,0,0,0,76.27,109,11715.75,0,0
2026-03-30 23:21:08,1,0,1,0,0,106.53,55,4706.93,0,0
2026-03-30 23:53:25,0,0,0,1,0,53.91,100,7063.32,0,1
2026-03-31 00:01:24,0,0,0,0,0,409.66,26,3176.97,0,0
2026-03-31 00:20:40,2,0,0,0,0,98.31,26,19.27,0,0
2026-03-31 00:28:52,1,0,0,0,0,217.67,139,31088.23,0,0
2026-03-31 02:16:48,1,0,0,0,0,247.68,246,17262.4,0,0
2026-03-31 04:11:34,0,0,0,0,0,172.26,25,18869.38,0,0
2026-03-31 04:18:12,0,0,0,0,0,31.47,100,264.78,0,0
2026-03-31 04:39:18,0,0,0,0,0,56.44,170,34183.0,0,0
2026-03-31 06:07:14,2,0,1,0,0,0.04,176,15398.87,0,0
2026-03-31 07:57:01,1,0,1,0,0,60.04,2,4933.48,0,0
2026-03-31 09:47:06,2,0,0,0,0,34.78,105,8246.15,0,0
2026-03-31 09:48:42,0,0,0,0,0,11.87,92,57755.0,0,0
2026-03-31 09:52:46,0,0,0,0,0,182.38,1,12600.62,0,0
2026-03-31 10:06:16,0,1,0,0,0,111.92,134,1293.07,0,0
2026-03-31 10:12:40,0,0,1,1,1,10525.59,247,5516.83,0,0
2026-03-31 10:21:30,0,0,0,0,0,68.99,40,1103.53,0,0
2026-03-31 11:18:22,3,0,1,1,0,40.15,36,29386.6,0,0
2026-03-31 12:08:28,4,0,0,0,0,30.63,1,135.7,0,0
2026-03-31 12:21:42,1,0,1,1,1,857.35,241,41505.67,0,0
2026-03-31 13:29:30,0,0,1,1,0,37.09,15,16080.68,0,0
2026-03-31 14:02:21,0,0,1,0,0,468.41,193,7905.77,0,0
2026-03-31 14:10:16,3,0,1,1,0,20.19,83,22377.17,0,0
2026-03-31 16:20:08,0,0,0,0,0,1.93,25,728.57,0,0
2026-03-31 17:25:42,5,0,0,0,0,13.93,78,5418.87,0,0
2026-03-31 18:46:42,0,0,0,1,0,222.13,86,4623.02,0,0
2026-03-31 19:18:00,0,0,1,0,0,118.39,87,24638.72,0,0
2026-03-31 21:27:04,4,0,1,0,0,153.23,190,18081.48,0,0
2026-03-31 23:54:39,0,0,0,0,0,38.64,71,1797.03,0,0
2026-03-31 23:57:52,1,0,0,0,0,97.47,34,3562.6,0,0
2026-04-01 00:45:48,1,0,0,0,0,123.07,11,8222.68,0,0
2026-04-01 04:36:30,0,0,0,0,0,39.51,80,2540.38,0,0
2026-04-01 05:38:44,0,0,0,0,1,1933.9,239,25187.27,0,0
2026-04-01 06:01:38,1,0,0,0,0,99.33,38,7778.2,0,0
2026-04-01 11:09:44,2,1,1,1,0,35.13,137,19850.25,0,1
2026-04-01 11:28:24,0,0,0,0,0,5.43,4,7816.07,0,0
2026-04-01 12:26:23,5,0,0,0,0,27.16,173,3996.35,0,0
2026-04-01 12:57:16,0,0,1,1,1,1449.55,56,29328.88,0,0
2026-04-01 14:18:14,0,0,0,0,0,91.39,104,3762.43,0,0
2026-04-01 15:17:18,0,0,0,0,0,70.86,35,5430.78,0,1
2026-04-01 16:08:32,0,1,0,0,0,28.97,151,4938.33,0,0
2026-04-01 17:29:01,0,1,1,0,0,58.8,24,6365.93,0,0
2026-04-01 17:48:50,7,0,0,1,0,15.55,118,13560.63,0,0
2026-04-01 19:13:39,0,0,0,0,0,108.58,4,465.25,0,0
2026-04-01 19:22:52,0,1,1,0,0,203.38,222,15264.38,0,0
2026-04-01 19:24:30,0,0,0,0,0,62.3,168,3182.68,0,0
2026-04-01 22:46:37,2,0,0,0,0,23.95,96,23462.97,0,0
2026-04-02 00:17:18,3,0,0,0,0,175.96,180,12182.17,0,0
2026-04-02 01:29:51,0,0,0,0,0,37.55,230,5231.1,0,0
2026-04-02 02:21:47,0,0,1,0,0,90.13,98,3378.18,0,0
2026-04-02 03:04:51,0,0,0,1,0,7.84,60,22697.62,0,0
2026-04-02 03:44:49,0,0,0,0,0,126.56,162,9198.35,0,0
2026-04-02 04:58:37,0,0,1,1,0,61.74,159,5634.58,0,0
2026-04-02 06:07:59,0,0,1,1,0,55.05,31,11328.38,0,0
2026-04-02 07:02:19,0,0,1,0,1,4096.28,160,26375.05,0,0
2026-04-02 09:26:43,1,0,0,0,0,67.63,36,2768.35,0,0
2026-04-02 10:14:44,0,0,0,0,0,1.69,86,2368.03,0,0
2026-04-02 11:24:58,5,0,0,0,0,321.44,147,8033.75,0,0
2026-04-02 11:34:29,4,0,0,1,0,1.23,173,1388.1,0,0
2026-04-02 11:40:28,1,0,1,0,0,76.76,35,1223.17,0,0
2026-04-02 11:57:57,0,0,0,0,0,100.4,166,4925.22,0,0
2026-04-02 12:29:46,0,0,1,0,1,3373.34,170,3350.47,0,0
2026-04-02 13:08:19,0,0,1,0,0,113.7,188,11843.2,0,0
2026-04-02 14:11:30,2,0,0,0,0,166.67,15,2922.0,0,0
2026-04-02 15:55:10,0,0,0,1,0,146.93,56,1617.9,0,0
2026-04-02 17:00:41,3,0,1,0,0,24.02,230,930.83,0,0
2026-04-02 21:53:58,5,0,0,1,1,1808.3,188,525.65,0,0
2026-04-02 23:15:55,0,0,0,0,0,101.5,136,7105.63,0,0
2026-04-02 23:49:00,1,0,0,0,0,27.97,224,9511.9,0,0
2026-04-02 23:59:05,0,0,0,0,0,13.73,228,6235.97,0,0
2026-04-03 00:00:38,0,0,1,1,0,139.29,101,16295.0,0,0
2026-04-03 00:33:26,0,0,0,0,0,354.48,222,1750.57,0,0
2026-04-03 01:47:09,0,0,0,0,0,134.11,243,8641.25,0,0
2026-04-03 03:36:53,3,0,0,0,0,138.41,240,36807.37,0,0
2026-04-03 03:46:06,0,0,0,0,0,18.24,23,16970.75,0,0
2026-04-03 04:20:43,0,0,1,0,0,28.38,235,22608.85,0,1
2026-04-03 05:16:41,1,0,0,0,0,88.13,71,3202.03,0,0
2026-04-03 06:16:19,1,0,0,0,0,3.19,150,55795.72,0,0
2026-04-03 06:32:48,0,0,0,0,0,110.24,36,1266.08,0,0
2026-04-03 07:06:51,3,0,0,0,0,15.64,167,5991.92,0,1
2026-04-03 09:05:12,1,0,1,0,1,800.11,92,4276.5,0,0
2026-04-03 09:36:12,0,0,0,0,0,38.59,204,18544.88,0,0
2026-04-03 09:37:19,0,1,0,0,0,11.26,195,18344.0,0,0
2026-04-03 09:37:21,0,0,0,0,0,86.46,109,4943.33,0,0
2026-04-03 09:43:43,3,1,0,1,0,44.82,38,3102.08,0,0
2026-04-03 10:13:40,1,0,0,1,0,4.5,44,14724.12,0,0
2026-04-03 10:53:24,3,0,0,1,0,58.77,164,26400.02,0,0
2026-04-03 13:24:03,0,0,1,0,0,89.22,149,15852.38,0,0
2026-04-03 14:38:02,0,0,0,0,0,13.97,22,12708.25,0,0
2026-04-03 14:56:59,0,0,0,0,0,87.95,151,2808.45,0,0
2026-04-03 16:48:12,0,0,0,0,0,35.96,135,23108.77,0,0
2026-04-03 17:39:29,1,1,1,0,1,450.94,7,29591.27,0,0
2026-04-03 19:16:45,2,0,0,0,0,158.71,21,22598.18,0,0
2026-04-03 19:52:44,0,0,0,0,0,63.06,172,7075.18,0,0
2026-04-03 19:54:57,0,0,0,0,0,47.47,78,4469.25,0,0
2026-04-03 21:16:47,0,1,1,0,0,167.68,42,23063.12,0,0
2026-04-03 21:52:02,0,0,0,0,0,241.18,135,303.83,0,0
2026-04-03 23:39:11,0,0,0,0,0,37.85,69,16860.25,0,0
2026-04-04 00:43:41,0,0,1,0,0,5.17,101,1483.05,0,0
2026-04-04 00:55:08,0,0,0,0,0,77.81,147,2250.17,0,0
2026-04-04 00:59:22,0,1,1,0,1,1883.71,89,9141.18,0,0
2026-04-04 01:36:19,0,0,0,0,0,88.62,140,20367.62,0,0
2026-04-04 02:24:06,0,0,0,0,0,116.49,9,14499.48,0,0
2026-04-04 03:20:52,1,0,1,0,0,104.05,129,8021.02,0,0
2026-04-04 03:34:16,0,0,0,0,0,312.34,52,15747.1,0,0
2026-04-04 04:13:38,6,0,1,0,0,200.93,171,64439.37,0,0
2026-04-04 04:57:28,0,0,0,0,0,14.14,93,25642.07,0,0
2026-04-04 05:21:55,0,0,1,0,0,60.26,235,1501.2,0,0
2026-04-04 07:07:13,0,0,1,0,1,909.82,83,5336.95,0,0
2026-04-04 08:03:40,0,0,0,0,0,60.94,15,2512.17,0,0
2026-04-04 09:06:27,3,0,0,0,0,266.94,100,6048.25,0,0
2026-04-04 10:47:17,0,1,1,0,0,39.63,82,74357.28,0,0
2026-04-04 12:23:43,5,1,1,0,0,95.26,191,44130.07,0,0
2026-04-04 12:35:52,4,0,0,0,0,226.64,150,1819.55,0,0
2026-04-04 13:18:43,1,0,0,0,0,5.19,22,1360.68,0,0
2026-04-04 15:25:36,1,0,0,0,0,210.83,222,2332.17,0,0
2026-04-04 15:36:03,1,0,0,0,0,144.8,199,9801.45,0,0
2026-04-04 17:58:52,0,0,0,0,0,23.3,240,2301.98,0,0
2026-04-04 18:11:46,1,0,0,0,0,39.38,61,9292.45,0,0
2026-04-04 18:47:53,0,0,0,0,0,37.19,190,5600.82,0,0
2026-04-04 19:01:10,0,0,0,0,0,25.01,6,10619.32,0,0
2026-04-04 20:41:38,0,0,0,0,0,101.76,13,35377.82,0,0
2026-04-04 20:45:16,1,0,0,0,0,406.45,184,18509.17,0,0
2026-04-04 21:06:24,4,0,1,0,0,18.23,244,19708.82,0,0
2026-04-04 21:21:14,0,0,0,0,0,26.42,206,15927.8,0,0
2026-04-04 22:54:14,3,0,1,1,1,514.53,194,20914.93,0,0
2026-04-04 23:40:59,0,0,0,0,0,277.37,234,13982.57,0,0
2026-04-04 23:58:05,0,0,1,0,0,98.3,208,8145.6,0,0
2026-04-05 00:02:37,0,0,0,1,1,358.66,39,28220.28,0,0
2026-04-05 01:32:05,0,0,1,0,0,162.96,110,15518.05,0,0
2026-04-05 01:42:27,0,0,0,0,0,256.23,161,20488.95,0,0
2026-04-05 02:56:02,1,0,0,1,0,51.66,129,1415.17,0,0
2026-04-05 03:49:00,3,1,0,0,0,18.97,94,9926.18,0,0
2026-04-05 04:58:00,0,0,0,0,0,37.09,203,13132.2,0,0
2026-04-05 05:16:34,0,0,0,0,0,24.48,14,38902.13,0,0
2026-04-05 07:04:07,3,0,0,0,0,22.49,165,18435.68,0,0
2026-04-05 08:35:13,2,0,0,0,0,18.73,37,33978.72,0,0
2026-04-05 08:41:25,0,0,1,0,0,208.79,245,22093.1,0,0
2026-04-05 08:45:13,0,0,0,0,0,8.98,227,17188.85,0,0
2026-04-05 12:02:42,4,0,0,0,0,53.33,14,406.13,0,0
2026-04-05 12:48:27,1,0,0,0,0,1.48,112,8923.7,0,0
2026-04-05 12:58:46,0,0,0,0,0,34.73,150,1462.9,0,0
2026-04-05 13:09:44,0,1,1,0,0,122.74,31,4741.75,0,0
2026-04-05 14:22:01,3,0,0,0,0,22.67,82,1654.73,0,0
2026-04-05 14:59:36,0,0,0,0,0,666.85,74,13260.72,0,0
2026-04-05 16:44:43,7,1,1,0,0,4.95,152,11884.55,0,0
2026-04-05 16:55:35,0,0,1,0,0,14.67,24,5726.57,0,0
2026-04-05 20:10:53,2,0,0,0,0,154.59,160,5108.57,0,0
2026-04-05 20:36:50,0,0,1,1,0,372.96,101,2633.15,0,0
2026-04-05 20:55:06,0,0,0,0,0,307.94,182,49769.0,0,0
2026-04-05 21:01:35,4,0,0,0,0,160.07,34,7023.72,0,0
2026-04-05 21:06:30,0,0,0,0,0,361.14,117,21058.07,0,0
2026-04-05 22:30:37,1,0,0,0,0,183.76,120,14787.95,0,0
2026-04-05 22:58:18,0,1,1,1,0,5.98,74,478.7,0,0
2026-04-06 00:02:29,0,0,0,0,0,186.84,174,49044.47,0,0
2026-04-06 00:25:17,0,0,0,0,0,66.12,206,1624.05,0,0
2026-04-06 00:48:00,1,0,0,0,0,61.02,215,44531.27,0,0
2026-04-06 02:35:16,0,0,1,1,0,0.25,32,12166.18,0,1
2026-04-06 03:40:52,0,0,0,0,0,96.83,188,4666.9,0,0
2026-04-06 04:01:42,0,0,0,0,0,111.35,47,14446.03,0,0
2026-04-06 05:24:49,1,0,0,0,0,156.41,127,19099.32,0,0
2026-04-06 05:45:36,2,1,1,0,0,39.45,249,10387.22,0,0
2026-04-06 06:34:51,0,0,0,0,0,13.71,204,4138.65,0,0
2026-04-06 07:24:39,0,0,0,1,0,57.96,41,15637.9,0,0
2026-04-06 07:29:15,5,0,1,0,0,44.99,88,57396.52,0,1
2026-04-06 09:29:44,0,0,1,0,0,139.89,34,748.15,0,0
2026-04-06 10:44:33,3,0,1,0,1,390.95,47,402.85,0,0
2026-04-06 11:02:32,3,0,0,1,1,223.05,20,11001.27,0,0
2026-04-06 15:43:25,2,0,0,0,0,58.01,93,3525.95,0,0
2026-04-06 16:49:01,0,0,1,1,1,1483.25,16,10920.9,0,0
2026-04-06 18:00:41,3,0,0,0,0,32.99,116,44084.93,0,0
2026-04-06 18:22:05,2,0,1,0,1,182.29,232,35920.42,0,0
2026-04-06 18:27:17,1,0,1,0,0,57.82,178,16716.02,0,0
2026-04-06 19:26:23,0,0,0,0,1,4900.42,106,21000.47,0,0
2026-04-06 20:24:07,0,0,0,0,0,342.08,137,7754.38,0,0
2026-04-06 20:52:41,0,0,0,0,0,123.34,108,11195.48,0,0
2026-04-06 21:22:40,1,0,0,0,0,150.13,178,175.38,0,0
2026-04-06 22:21:55,1,0,1,0,0,22.75,180,7084.62,0,0
2026-04-06 23:17:40,0,1,1,0,0,46.95,131,22817.75,0,0
2026-04-06 23:18:43,0,0,0,0,0,92.82,202,20138.55,0,0
2026-04-07 00:25:53,0,0,0,0,0,138.8,168,7501.38,0,0
2026-04-07 00:32:15,1,0,0,0,0,18.23,1,9383.78,0,0
2026-04-07 02:25:43,4,0,0,1,0,61.18,183,20002.67,0,0
2026-04-07 02:53:51,0,0,0,0,0,17.76,7,4874.37,0,0
2026-04-07 03:21:01,0,0,0,0,0,100.34,223,20364.2,0,0
2026-04-07 05:08:54,0,0,0,0,0,147.91,233,18892.38,0,0
2026-04-07 05:49:50,1,0,1,0,0,179.16,141,58431.85,0,0
2026-04-07 08:08:55,2,0,0,0,0,131.81,250,37068.45,0,0
2026-04-07 09:44:02,5,0,0,0,0,17.33,56,6828.87,0,0
2026-04-07 10:45:00,0,0,1,0,0,176.27,22,4166.28,0,0
2026-04-07 10:58:40,5,0,0,0,0,40.71,16,1089.65,0,0
2026-04-07 11:48:20,0,0,1,0,1,2709.7,22,63.33,0,1
2026-04-07 12:02:15,1,0,1,0,1,433.33,6,3901.08,0,0
2026-04-07 13:38:48,0,0,0,0,0,64.57,117,2432.3,0,0
2026-04-07 14:53:42,4,0,0,0,0,85.94,238,21468.65,0,0
2026-04-07 15:46:24,1,0,0,0,0,3.53,1,914.15,0,0
2026-04-07 15:47:25,1,0,0,0,0,234.02,2,10550.4,0,0
2026-04-07 16:01:50,3,1,1,0,0,71.65,219,14185.83,0,0
2026-04-07 16:57:05,0,0,0,0,0,21.32,204,2062.23,0,0
2026-04-07 17:39:16,0,1,1,0,0,17.53,70,21262.4,0,1
2026-04-07 18:42:15,3,0,0,0,0,116.01,194,4068.02,0,0
2026-04-07 20:32:32,0,0,0,0,0,8.53,37,3597.32,0,0
2026-04-07 20:53:17,0,0,0,0,0,57.95,202,1294.57,0,0
2026-04-07 21:04:22,0,0,0,0,0,77.71,17,35004.1,0,0
2026-04-07 21:54:56,1,0,1,1,1,398.16,145,11946.68,0,1
2026-04-07 22:35:41,0,0,0,0,1,207.51,6,633.43,0,0
2026-04-07 23:35:41,0,0,0,0,0,67.47,129,4119.65,0,0
2026-04-08 00:39:50,0,0,1,0,1,624.02,212,39547.6,0,1
2026-04-08 01:29:40,0,0,0,0,0,15.11,18,14156.92,0,0
2026-04-08 01:32:49,4,0,1,0,1,354.29,137,1748.7,0,0
2026-04-08 02:08:32,7,0,0,0,0,63.67,32,2853.27,0,0
2026-04-08 02:13:43,1,0,0,0,0,14.28,145,258.78,0,0
2026-04-08 08:23:59,0,0,0,0,0,275.07,147,6208.85,0,0
2026-04-08 08:38:03,4,0,0,0,0,149.37,247,11425.38,0,0
2026-04-08 09:33:44,1,0,1,0,1,590.8,49,36906.18,0,1
2026-04-08 09:36:38,0,0,0,0,0,29.89,141,1666.8,0,0
2026-04-08 10:07:13,4,0,0,0,0,207.38,1,1100.82,0,0
2026-04-08 10:34:25,2,0,1,0,0,55.67,109,7257.07,0,0
2026-04-08 11:25:28,2,0,1,0,0,198.57,38,7301.75,0,0
2026-04-08 11:48:29,2,0,0,0,0,135.66,236,14133.03,0,0
2026-04-08 12:17:01,0,0,0,0,0,9.66,38,51.55,0,0
2026-04-08 13:27:21,0,0,0,0,0,167.99,36,7614.55,0,0
2026-04-08 13:51:04,1,0,0,1,0,77.63,202,1017.78,0,0
2026-04-08 13:54:59,0,0,0,0,0,113.2,99,25619.52,0,0
2026-04-08 14:44:00,0,0,0,0,0,24.72,26,12383.33,0,0
2026-04-08 14:56:50,2,0,1,0,0,0.03,48,37344.23,0,0
2026-04-08 15:00:58,2,0,0,1,0,40.6,97,13565.0,0,0
2026-04-08 15:40:47,0,0,0,0,0,21.15,168,2354.9,0,0
2026-04-08 15:48:32,2,0,0,0,0,57.13,200,56347.52,0,0
2026-04-08 16:17:49,3,0,0,0,0,9.53,183,2272.1,0,0
2026-04-08 16:52:37,1,0,0,0,0,225.42,148,17320.55,0,0
2026-04-08 17:22:33,0,0,0,0,0,12.64,2,1535.13,0,1
2026-04-08 17:54:03,0,0,0,0,0,144.47,167,7847.2,0,0
2026-04-08 19:31:55,0,0,0,0,0,280.22,232,2949.83,0,0
2026-04-08 20:26:04,0,0,0,0,0,16.04,220,35174.37,0,0
2026-04-08 20:29:21,0,0,0,0,0,42.54,93,3165.93,0,0
2026-04-08 21:16:51,0,0,0,0,0,131.33,245,5075.43,0,0
2026-04-08 23:18:05,0,0,0,0,0,125.34,217,19349.87,0,0
2026-04-08 23:20:48,4,0,0,1,0,3.81,90,27025.67,0,0
2026-04-08 23:51:25,0,0,0,0,0,7.33,200,482.88,0,0
2026-04-09 00:27:45,2,0,0,0,0,12.8,94,5558.75,0,0
2026-04-09 00:44:32,1,0,0,1,0,83.94,61,6152.77,0,0
2026-04-09 03:12:28,0,0,0,1,0,5.66,116,3431.78,0,0
2026-04-09 03:41:13,4,0,0,0,0,88.77,186,47142.15,0,0
2026-04-09 05:13:34,1,0,0,0,0,41.93,57,16661.45,0,0
2026-04-09 07:18:55,0,0,0,1,1,1660.32,65,25201.58,0,0
2026-04-09 08:25:52,2,0,0,0,0,152.35,156,38741.72,0,0
2026-04-09 09:06:10,0,1,1,0,0,156.73,94,518.42,0,0
2026-04-09 09:30:24,1,0,1,1,1,57.54,13,6528.77,0,0
2026-04-09 10:11:42,0,0,0,0,0,294.12,233,3182.8,0,0
2026-04-09 10:52:57,3,0,0,0,0,88.35,177,33890.07,0,0
2026-04-09 10:53:24,0,1,0,0,0,226.05,149,8489.35,0,0
2026-04-09 11:05:50,1,0,0,0,0,95.49,61,621.3,0,0
2026-04-09 12:10:17,0,0,0,0,1,992.81,213,43282.57,0,0
2026-04-09 12:35:58,1,0,0,0,0,130.83,40,13094.47,0,0
2026-04-09 12:46:39,2,0,0,0,0,24.77,139,13697.78,0,0
2026-04-09 13:11:56,0,0,0,0,0,10.9,91,30185.93,0,0
2026-04-09 13:49:59,1,0,0,0,0,9.49,197,18161.7,0,0
2026-04-09 14:36:32,0,0,0,0,0,189.14,13,306.13,0,0
2026-04-09 16:28:28,4,0,0,1,0,243.55,204,2851.38,0,0
2026-04-09 16:39:31,0,0,0,0,0,168.42,168,1498.73,0,0
2026-04-09 16:50:35,3,0,1,1,1,3521.9,33,18586.92,0,1
2026-04-09 17:35:08,3,0,0,0,0,418.49,186,833.92,0,0
2026-04-09 18:51:18,0,1,1,1,1,1120.01,94,585.13,0,0
2026-04-09 19:00:40,0,0,0,0,0,16.71,195,9203.35,0,0
2026-04-09 19:12:06,0,0,0,0,0,93.63,48,1695.27,0,0
2026-04-09 19:28:53,3,0,0,0,0,43.68,215,5440.88,0,0
2026-04-09 21:24:51,0,0,0,0,0,42.53,223,3963.83,0,0
2026-04-09 21:58:30,1,0,1,0,0,130.12,134,13672.23,0,0
2026-04-09 22:11:25,3,0,0,0,0,9.5,75,21046.95,0,0
2026-04-09 22:25:00,0,0,0,0,0,3.83,37,2992.47,0,0
2026-04-09 23:27:26,1,0,0,0,0,118.83,39,7164.82,0,0
2026-04-09 23:29:55,0,0,0,0,0,30.21,175,47186.22,0,0
2026-04-09 23:40:42,0,0,1,1,1,730.42,237,16077.9,0,0
2026-04-10 00:42:15,2,0,1,1,0,36.76,165,6818.13,0,0
2026-04-10 00:44:15,0,1,0,1,0,95.41,167,1850.2,0,0
2026-04-10 01:39:16,0,0,0,0,0,16.78,122,20123.73,0,0
2026-04-10 04:07:18,3,0,0,0,0,127.51,115,33541.17,0,0
2026-04-10 04:39:57,0,0,0,0,0,258.93,134,401.45,0,0
2026-04-10 04:42:36,6,0,1,0,0,180.86,146,18942.93,0,0
2026-04-10 07:00:45,6,0,0,0,0,237.56,193,13978.4,0,0
2026-04-10 07:28:24,0,0,0,0,0,276.57,210,19304.48,0,0
2026-04-10 08:49:37,0,0,1,0,0,46.57,180,4947.7,0,0
2026-04-10 10:02:27,2,0,0,1,0,158.84,11,13516.65,0,0
2026-04-10 10:56:14,0,0,1,0,0,68.29,234,7875.25,0,0
2026-04-10 10:57:39,0,0,0,0,0,31.44,134,377.7,0,0
2026-04-10 11:46:00,2,0,1,0,0,137.39,197,1316.02,0,0
2026-04-10 14:50:09,0,0,0,0,0,27.99,24,7074.57,0,0
2026-04-10 16:04:34,3,0,1,0,0,11.61,66,23776.7,0,0
2026-04-10 16:51:35,0,1,1,0,1,1829.24,240,8572.72,0,0
2026-04-10 17:16:37,0,0,0,0,0,33.91,35,11856.15,0,0
2026-04-10 19:52:26,0,0,0,0,0,36.52,226,18630.37,0,0
2026-04-10 22:20:12,6,0,0,1,1,3194.5,106,5933.82,0,0
2026-04-10 22:35:39,1,0,0,0,0,14.56,2,3193.1,0,0
2026-04-10 23:24:32,3,0,0,0,0,144.75,244,8778.13,0,0
2026-04-11 00:02:25,0,0,0,1,0,48.81,140,9986.1,0,0
2026-04-11 00:49:39,0,0,0,0,0,223.5,2,134.0,0,0
2026-04-11 02:58:19,0,0,0,0,0,58.04,239,14239.58,0,0
2026-04-11 03:33:51,0,0,1,0,0,52.6,178,6131.18,0,0
2026-04-11 04:45:16,1,0,0,0,0,56.19,35,688.65,0,0
2026-04-11 05:02:24,1,0,1,0,0,181.83,93,3393.05,0,0
2026-04-11 05:25:22,0,0,1,0,0,1.06,97,3744.4,0,0
2026-04-11 06:09:09,5,0,0,0,0,122.03,5,27338.23,0,0
2026-04-11 07:32:06,0,1,1,1,0,22.97,107,17840.22,0,0
2026-04-11 08:10:41,6,0,0,0,0,213.81,116,3178.22,0,0
2026-04-11 08:22:58,0,0,0,0,0,47.15,107,50.87,0,0
2026-04-11 09:29:23,0,0,1,0,0,41.39,59,38625.97,0,0
2026-04-11 10:15:24,0,0,0,0,0,124.7,161,9152.95,0,0
2026-04-11 12:56:34,0,0,0,0,0,128.18,182,8161.47,0,0
2026-04-11 13:27:38,1,1,1,1,0,100.43,103,60019.83,0,1
2026-04-11 14:54:30,0,0,0,0,0,40.02,205,18163.23,0,0
2026-04-11 15:50:57,0,1,1,0,1,1413.77,31,8801.22,0,0
2026-04-11 17:05:24,2,0,1,0,0,5.58,228,12546.32,0,0
2026-04-11 17:50:25,1,0,0,0,0,310.51,19,34915.75,0,0
2026-04-11 17:53:54,3,0,0,0,1,904.17,25,15933.77,0,0
2026-04-11 18:00:13,0,0,0,0,0,36.31,107,577.25,0,0
2026-04-11 18:19:16,1,0,1,0,0,197.17,191,10435.55,0,0
2026-04-11 20:25:42,1,0,0,0,0,39.18,163,19650.63,0,0
2026-04-11 23:00:56,0,0,0,0,0,586.87,53,23207.68,0,0
2026-04-12 01:13:49,0,0,0,0,0,117.31,37,3048.82,0,0
2026-04-12 02:45:47,0,0,1,0,0,104.86,103,798.15,0,0
2026-04-12 03:08:43,0,0,0,1,0,16.47,225,25976.12,0,0
2026-04-12 03:24:36,0,0,0,0,0,94.13,43,25891.32,0,0
2026-04-12 03:34:47,0,1,1,0,0,16.86,131,7457.12,0,0
2026-04-12 04:47:42,1,0,1,1,1,2295.97,179,29030.42,0,1
2026-04-12 07:22:47,1,0,0,0,0,14.9,47,8438.23,0,0
2026-04-12 11:25:00,5,0,1,1,0,44.45,58,19705.78,0,1
2026-04-12 11:36:41,2,0,0,0,0,64.77,234,2920.45,0,0
2026-04-12 12:56:18,0,0,1,1,0,163.57,216,38977.58,0,0
2026-04-12 13:22:13,4,0,1,1,0,100.17,131,587.43,0,0
2026-04-12 13:27:01,3,1,0,0,0,137.82,71,13450.33,0,1
2026-04-12 17:48:49,0,0,1,1,0,27.97,77,26435.07,0,0
2026-04-12 18:08:09,1,0,0,1,0,27.08,57,5094.58,0,0
2026-04-12 18:09:25,6,0,0,0,0,47.9,24,3079.27,0,0
2026-04-12 18:36:20,1,0,0,0,0,1.89,102,37286.87,0,0
2026-04-12 19:20:15,4,0,1,1,1,2664.16,222,11754.65,0,0
2026-04-12 21:20:08,0,0,1,0,1,692.98,69,12820.95,0,0
2026-04-12 21:59:46,0,1,1,1,0,6.99,151,13382.78,0,0
2026-04-12 23:19:41,0,0,0,0,0,205.74,105,18092.58,0,0
2026-04-12 23:34:09,1,0,1,0,1,5154.91,172,13181.42,0,0
2026-04-12 23:45:40,3,0,0,0,0,104.01,54,34491.15,0,0
2026-04-13 00:53:15,7,0,0,0,0,44.1,155,19889.73,0,0
2026-04-13 01:12:44,0,0,0,0,0,53.4,191,1853.47,0,0
2026-04-13 02:23:57,0,0,0,0,0,29.59,123,35835.32,0,0
2026-04-13 02:25:49,3,0,1,1,1,1863.42,18,7256.15,0,0
2026-04-13 02:40:05,1,0,1,0,0,44.02,168,4920.57,0,0
2026-04-13 03:07:11,0,0,1,0,1,49.53,84,28461.27,0,1
2026-04-13 03:25:50,0,0,1,0,0,4.73,70,7786.57,0,0
2026-04-13 03:43:53,2,0,0,0,0,95.39,222,503.63,0,0
2026-04-13 05:00:52,2,0,0,0,0,34.3,242,21229.78,0,0
2026-04-13 05:18:44,0,0,1,0,0,18.46,125,22280.48,0,0
2026-04-13 06:37:01,0,0,0,0,0,80.38,70,191.18,0,0
2026-04-13 06:53:10,6,0,0,0,0,32.63,114,29606.78,0,0
2026-04-13 08:23:46,1,0,1,0,0,7.62,17,7879.4,0,0
2026-04-13 10:17:31,0,0,1,0,1,322.73,235,13255.6,0,1
2026-04-13 11:02:25,0,0,0,0,0,150.47,181,22607.25,0,0
2026-04-13 11:46:37,2,0,0,0,0,191.06,164,14453.22,0,0
2026-04-13 12:14:44,0,1,1,1,0,205.69,192,24052.77,0,0
2026-04-13 12:51:00,0,0,0,0,0,76.54,123,627.05,0,0
2026-04-13 13:01:30,1,0,0,0,0,301.49,207,25413.15,0,0
2026-04-13 13:12:49,0,0,1,0,0,16.45,52,13538.55,0,0
2026-04-13 13:22:15,1,1,1,0,1,1701.47,81,49423.18,0,0
2026-04-13 17:06:05,0,0,0,0,0,121.83,25,2832.18,0,0
2026-04-13 18:10:34,1,0,0,0,0,5.47,44,14876.9,0,0
2026-04-13 18:58:31,0,0,0,0,0,33.19,222,914.63,0,0
2026-04-13 19:55:27,0,0,0,0,0,297.69,235,577.93,0,0
2026-04-13 20:04:08,0,0,0,0,0,142.31,40,6208.17,0,0
2026-04-13 20:09:26,5,1,1,0,0,5.62,209,21623.22,0,0
2026-04-13 20:42:04,3,0,1,1,0,77.83,197,4856.07,0,0
2026-04-13 21:23:02,0,0,0,0,0,104.59,123,512.03,0,0
2026-04-13 21:41:12,2,0,0,0,0,361.5,44,210.63,0,0
2026-04-13 22:25:18,1,0,0,0,0,126.03,176,19698.07,0,0
2026-04-14 00:08:11,6,0,0,0,0,101.79,185,21505.07,0,0
2026-04-14 02:33:05,0,0,0,0,1,3587.57,240,4901.5,0,0
2026-04-14 03:12:42,1,0,0,0,0,108.16,113,27312.65,0,0
2026-04-14 03:14:12,0,0,0,0,0,269.0,42,14757.42,0,0
2026-04-14 04:02:22,0,0,0,0,0,67.88,234,2425.68,0,0
2026-04-14 08:37:44,6,0,0,0,0,126.79,163,3612.03,0,0
2026-04-14 09:54:05,1,0,0,0,0,99.9,139,7027.43,0,0
2026-04-14 10:38:12,0,0,0,0,0,80.41,28,26113.48,0,0
2026-04-14 11:37:27,0,0,0,0,0,39.17,172,2163.3,0,0
2026-04-14 12:48:46,2,0,0,0,0,234.11,20,11626.23,0,0
2026-04-14 12:57:30,1,0,0,0,0,31.48,128,21968.47,0,0
2026-04-14 14:17:48,0,0,0,0,0,17.36,130,58881.88,0,0
2026-04-14 17:07:00,5,0,0,0,0,124.5,105,2507.32,0,0
2026-04-14 17:27:29,0,0,1,0,1,1186.31,33,7236.9,0,0
2026-04-14 19:48:32,0,0,1,1,1,457.47,164,1921.92,0,0
2026-04-14 20:23:38,4,0,1,0,0,204.26,138,22934.68,0,0
2026-04-14 21:32:46,0,0,0,0,0,33.72,188,12591.9,0,0
2026-04-14 21:36:13,0,0,0,0,0,6.59,173,17881.73,0,0
2026-04-14 22:09:49,1,0,0,0,0,1.55,83,15302.6,0,0
2026-04-14 22:13:39,3,0,0,0,0,256.21,58,3528.65,0,0
2026-04-14 23:05:39,0,0,0,0,0,51.45,153,50661.42,0,0
2026-04-14 23:15:13,5,0,0,0,0,24.01,125,2516.48,0,0
2026-04-14 23:20:12,2,0,0,0,0,83.73,91,7808.27,0,0
2026-04-14 23:54:50,0,0,1,1,1,1003.81,35,5469.57,0,0
2026-04-15 00:25:14,2,0,0,0,0,875.71,87,20467.23,0,0
2026-04-15 00:58:58,0,0,0,0,0,219.38,235,1743.52,0,0
2026-04-15 01:21:39,0,0,0,0,0,31.62,34,12471.92,0,0
2026-04-15 01:58:39,2,0,0,0,0,119.64,136,17442.73,0,0
2026-04-15 02:25:59,6,0,0,0,0,48.97,194,10543.73,0,0
2026-04-15 03:15:54,0,0,0,0,0,45.32,186,7780.77,0,0
2026-04-15 03:36:44,0,0,0,0,0,45.75,89,15997.37,0,0
2026-04-15 04:54:41,0,0,1,0,1,1529.38,137,10281.87,0,0
2026-04-15 05:14:31,0,0,0,0,0,77.22,217,8996.43,0,0
2026-04-15 05:17:24,0,0,1,0,1,2110.05,45,33706.53,0,1
2026-04-15 06:06:51,0,1,1,1,0,16.6,93,5824.45,0,0
2026-04-15 06:18:24,1,0,0,0,0,55.41,22,11190.07,0,0
2026-04-15 07:14:58,0,0,0,0,0,196.84,247,9996.92,0,0
2026-04-15 08:04:13,0,0,0,0,0,0.32,142,62204.57,0,0
2026-04-15 08:17:28,3,0,0,0,1,1465.22,180,7167.85,0,1
2026-04-15 08:51:37,3,1,1,0,0,154.06,112,14163.17,0,0
2026-04-15 09:14:33,0,0,0,0,0,48.43,235,495.58,0,0
2026-04-15 12:42:50,0,0,0,0,0,215.09,48,8250.73,0,0
2026-04-15 13:53:36,1,0,0,0,0,133.06,75,8142.18,0,0
2026-04-15 13:59:09,0,1,0,0,0,93.15,242,3418.28,0,0
2026-04-15 15:53:52,0,0,1,0,0,22.1,243,18126.72,0,0
2026-04-15 16:15:04,2,0,0,0,0,110.9,179,5007.37,0,0
2026-04-15 18:39:48,0,0,1,0,1,2691.55,141,10623.17,0,1
2026-04-15 19:35:48,0,0,0,0,0,130.9,33,1568.32,0,0
2026-04-15 19:50:14,0,0,0,1,1,1282.99,131,4708.02,0,0
2026-04-15 19:58:03,0,0,1,0,0,125.38,239,6779.73,0,0
2026-04-15 21:10:26,0,0,1,0,0,376.74,180,772.97,0,0
2026-04-15 21:51:21,7,0,0,0,0,1.09,36,10584.0,0,0
2026-04-15 22:53:46,0,0,0,0,0,109.04,51,45684.08,0,0
2026-04-15 22:54:15,0,0,0,0,0,157.5,176,2908.95,0,0
2026-04-16 00:32:16,0,0,0,0,0,101.86,170,19442.5,0,0
2026-04-16 01:49:12,5,0,0,0,0,31.9,160,14738.32,0,0
2026-04-16 02:11:00,1,0,0,0,0,173.02,228,6305.6,0,0
2026-04-16 02:25:45,0,1,1,1,0,244.53,171,17172.12,0,1
2026-04-16 02:29:21,3,0,0,0,0,115.04,228,18.35,0,0
2026-04-16 03:36:06,0,0,0,1,0,71.54,227,15530.88,0,0
2026-04-16 04:35:03,0,0,0,0,0,45.62,5,7105.9,0,0
2026-04-16 05:17:24,0,0,1,1,1,600.84,140,7514.98,0,1
2026-04-16 06:06:04,0,0,0,0,0,128.46,211,41030.37,0,0
2026-04-16 06:36:21,0,0,0,0,0,93.43,191,4643.62,0,0
2026-04-16 08:19:08,1,0,0,0,0,17.06,232,10847.22,0,0
2026-04-16 10:18:16,0,0,0,0,0,15.21,27,26531.58,0,0
2026-04-16 10:26:49,1,0,0,0,0,7.38,163,2989.08,0,0
2026-04-16 12:14:35,0,0,0,1,0,115.05,128,2837.08,0,0
2026-04-16 16:49:42,0,0,1,1,0,37.74,74,15471.4,0,0
2026-04-16 18:09:04,0,0,0,0,0,2.05,115,9481.77,0,0
2026-04-16 18:14:42,5,1,1,0,0,41.2,248,38079.67,0,0
2026-04-16 19:38:13,0,0,0,0,0,178.45,28,3420.02,0,0
2026-04-16 19:53:09,1,0,0,0,0,28.46,97,8067.78,0,0
2026-04-16 20:03:40,0,0,0,0,0,100.39,175,9873.75,0,0
2026-04-16 20:19:15,0,0,0,0,0,57.92,175,15.58,0,0
2026-04-16 21:22:18,0,0,0,1,0,79.61,171,1136.55,0,0
2026-04-16 23:28:04,0,0,0,0,0,90.58,36,1536.72,0,0
2026-04-16 23:56:13,0,0,0,1,0,60.66,99,12121.23,0,0
2026-04-17 00:50:08,0,0,0,0,0,5.96,113,4177.43,0,0
2026-04-17 01:29:26,2,0,0,0,0,83.86,17,5345.67,0,0
2026-04-17 02:10:43,0,0,0,0,0,50.67,119,45818.8,0,0
2026-04-17 02:25:21,1,0,0,0,0,22.3,203,17127.35,0,0
2026-04-17 02:55:24,0,0,0,0,0,226.83,164,3306.87,0,0
2026-04-17 05:05:48,1,0,0,0,0,133.21,37,7431.98,0,0
2026-04-17 05:47:33,1,0,0,0,0,33.42,146,10144.95,0,0
2026-04-17 05:47:59,0,0,1,0,0,77.43,31,8037.03,0,0
2026-04-17 05:57:55,0,0,1,1,0,329.99,227,1581.82,0,0
2026-04-17 06:05:51,2,0,0,0,0,28.16,156,11379.98,0,0
2026-04-17 07:15:36,3,0,1,0,1,4417.12,65,11516.68,0,0
2026-04-17 07:34:25,0,0,0,0,0,115.0,159,21755.8,0,0
2026-04-17 07:34:47,0,0,0,0,0,77.83,116,8604.1,0,0
2026-04-17 08:56:57,4,0,0,0,0,408.68,155,6243.7,0,0
2026-04-17 09:25:00,0,0,0,0,0,40.6,40,5120.87,0,0
2026-04-17 11:55:52,1,0,0,0,0,32.61,140,1838.47,0,0
2026-04-17 12:08:54,0,0,1,0,1,622.35,204,11260.43,0,0
2026-04-17 12:27:49,0,0,0,0,0,138.97,91,3667.62,0,0
2026-04-17 12:35:39,1,0,0,0,0,41.1,27,1577.38,0,0
2026-04-17 14:59:27,1,0,0,0,0,10.84,189,29712.03,0,0
2026-04-17 17:21:55,0,0,0,0,0,103.37,115,1392.85,0,0
2026-04-17 17:45:35,0,0,0,0,0,25.23,110,18253.5,0,0
2026-04-17 18:04:42,2,0,0,1,0,0.42,81,6042.45,0,0
2026-04-17 18:07:24,1,0,0,0,0,22.21,244,9762.87,0,0
2026-04-17 22:50:58,0,0,0,0,0,171.01,153,4305.32,0,0
2026-04-17 23:02:34,1,0,1,0,1,4226.33,94,11771.27,0,0
2026-04-17 23:12:17,2,0,0,0,0,108.46,138,4488.65,0,0
2026-04-17 23:16:53,2,0,0,0,0,37.18,104,23578.65,0,0
2026-04-17 23:56:01,1,0,0,0,0,57.36,15,19672.35,0,0
2026-04-17 23:57:35,0,0,0,0,0,21.64,122,11418.32,0,0
2026-04-18 00:32:46,2,0,1,1,0,212.68,147,13928.78,0,0
2026-04-18 01:21:17,1,0,0,0,0,109.54,68,40658.23,0,0
2026-04-18 02:25:17,0,0,0,0,0,8.82,143,61570.67,0,0
2026-04-18 03:40:54,0,0,0,0,0,45.72,229,27178.58,0,0
2026-04-18 03:46:55,0,0,0,0,0,77.22,15,230.9,0,0
2026-04-18 04:09:26,1,0,1,0,1,2394.26,247,4134.47,0,0
2026-04-18 04:21:53,0,0,0,0,0,253.21,97,1948.73,0,1
2026-04-18 06:35:11,1,0,1,0,0,14.23,179,3740.12,0,0
2026-04-18 07:44:24,4,0,1,0,0,179.91,13,12547.87,0,0
2026-04-18 07:49:45,2,0,0,0,0,6.8,209,6460.32,0,0
2026-04-18 08:35:07,4,0,0,0,0,27.51,211,3029.05,0,0
2026-04-18 09:15:01,6,0,1,0,0,2.12,59,10065.63,0,0
2026-04-18 12:08:13,0,0,0,0,0,6.6,13,263.82,0,0
2026-04-18 12:24:21,1,0,0,0,0,3.3,198,46164.6,0,0
2026-04-18 15:43:54,0,0,0,0,0,15.78,57,8495.75,0,0
2026-04-18 16:28:08,3,0,0,0,0,209.17,182,10291.57,0,1
2026-04-18 16:36:52,0,0,0,0,0,33.38,40,1871.87,0,0
2026-04-18 16:53:20,7,0,0,0,0,65.34,94,1070.77,0,0
2026-04-18 16:54:08,1,0,1,0,0,66.77,100,20627.68,0,0
2026-04-18 17:02:47,2,0,1,0,0,535.23,31,2114.8,0,0
2026-04-18 17:10:07,0,0,0,0,0,45.36,181,7567.7,0,0
2026-04-18 17:34:52,0,0,0,0,0,30.8,13,326.65,0,0
2026-04-18 18:36:08,2,0,0,1,0,330.35,24,8666.72,0,0
2026-04-18 19:27:03,0,1,1,0,0,89.78,93,5120.2,0,0
2026-04-18 20:16:16,3,0,1,0,0,34.18,241,26394.57,0,0
2026-04-18 20:59:43,0,0,0,0,0,33.9,56,16515.68,0,0
2026-04-18 21:26:44,1,0,0,0,0,9.03,46,28756.98,0,0
2026-04-18 21:37:36,0,0,0,0,0,81.39,127,18252.78,0,0
2026-04-18 22:06:31,1,0,0,0,0,128.62,2,11356.87,0,0
2026-04-18 22:37:23,1,0,1,0,0,64.38,54,8571.72,0,0
2026-04-19 00:09:55,0,0,1,1,1,3236.91,80,25653.42,0,0
2026-04-19 00:20:39,0,0,1,1,0,66.16,244,1813.25,0,0
2026-04-19 02:06:10,0,0,0,0,0,42.52,204,2277.27,0,1
2026-04-19 02:40:54,1,0,1,0,0,28.87,28,3302.68,0,0
2026-04-19 05:31:00,1,0,0,0,0,27.88,90,14770.2,0,0
2026-04-19 05:59:31,2,0,0,0,0,38.05,96,24912.9,0,0
2026-04-19 06:12:06,1,0,0,1,0,482.52,189,2352.65,0,0
2026-04-19 11:24:35,0,0,0,1,0,44.76,106,12304.38,0,0
2026-04-19 14:16:26,0,0,1,1,0,74.36,196,30107.67,0,0
2026-04-19 14:47:31,0,0,0,0,0,32.11,133,33142.97,0,0
2026-04-19 15:49:22,0,1,1,0,0,15.49,17,3739.93,0,0
2026-04-19 17:03:29,6,0,1,0,1,1556.98,148,15850.87,0,0
2026-04-19 18:31:08,3,0,0,0,0,78.79,168,9591.05,0,0
2026-04-19 19:18:45,0,0,1,0,0,7.02,93,1431.7,0,0
2026-04-19 19:56:39,1,0,0,0,0,214.38,217,6642.13,0,0
2026-04-19 20:40:34,3,0,0,0,0,70.87,82,20538.55,0,0
2026-04-19 21:04:22,0,0,0,0,0,40.84,150,20645.6,0,0
2026-04-19 21:54:04,0,1,0,1,1,2266.83,53,11453.13,0,0
2026-04-19 23:51:03,0,0,0,0,0,11.89,72,36417.32,0,0
2026-04-20 00:08:44,1,0,1,1,0,64.2,168,337.6,0,0
2026-04-20 00:24:19,6,1,1,0,0,79.58,175,4565.07,0,0
2026-04-20 00:57:57,1,0,0,1,0,149.22,232,5318.82,0,0
2026-04-20 01:25:12,0,0,0,0,0,46.24,202,16534.13,0,0
2026-04-20 01:26:34,0,0,0,0,0,193.08,209,2496.82,0,0
2026-04-20 02:33:27,2,0,0,0,0,119.62,46,1746.72,0,0
2026-04-20 02:45:04,3,0,0,0,0,147.44,112,6833.45,0,0
2026-04-20 05:02:34,1,0,0,0,0,347.63,186,7306.67,0,0
2026-04-20 06:18:18,1,1,1,0,0,186.27,212,17618.47,0,0
2026-04-20 06:21:41,0,0,0,0,0,42.59,27,3946.03,0,0
2026-04-20 08:25:33,3,0,0,1,1,1556.89,2,2059.03,0,0
2026-04-20 08:46:08,2,0,0,0,0,202.96,52,9813.32,0,0
2026-04-20 09:02:04,0,0,0,0,0,74.47,29,29927.03,0,0
2026-04-20 09:20:44,2,0,0,0,0,114.82,6,17925.05,0,0
2026-04-20 09:22:17,0,0,0,1,0,18.91,148,978.8,0,0
2026-04-20 10:49:47,0,0,0,0,0,169.24,229,3308.88,0,0
2026-04-20 10:53:27,0,0,0,0,0,141.66,211,3018.33,0,0
2026-04-20 11:38:41,0,0,0,0,0,219.73,75,7065.08,0,0
2026-04-20 12:32:23,0,0,0,0,0,123.84,112,587.32,0,0
2026-04-20 13:34:01,0,0,0,0,0,209.48,146,4786.47,0,0
2026-04-20 14:08:52,1,0,0,0,0,17.7,103,12203.08,0,0
2026-04-20 15:05:37,0,0,1,0,0,168.01,22,7727.22,0,0
2026-04-20 15:21:57,0,0,0,0,0,305.69,179,3406.77,0,0
2026-04-20 16:39:31,0,0,0,0,0,169.01,14,21876.82,0,0
2026-04-20 17:47:03,1,0,0,0,0,95.51,234,9464.68,0,0
2026-04-20 18:10:17,0,1,1,0,0,261.05,121,32297.13,0,0
2026-04-20 20:15:36,0,0,0,0,0,9.93,6,654.87,0,0
2026-04-20 20:56:29,3,0,1,0,0,1.7,21,24579.73,0,0
2026-04-20 21:56:03,2,1,1,0,0,336.16,64,38524.13,0,1
2026-04-21 02:11:18,3,0,0,0,0,114.89,8,73722.32,0,0
2026-04-21 02:13:17,0,0,1,0,1,181.84,18,11507.47,0,0
2026-04-21 03:10:06,0,0,0,0,0,41.55,150,1805.73,0,0
2026-04-21 03:15:17,1,0,0,0,0,138.15,198,3770.93,0,0
2026-04-21 04:56:31,0,0,0,0,0,138.78,119,5925.8,0,0
2026-04-21 04:59:55,0,0,0,0,0,18.63,99,6063.7,0,0
2026-04-21 05:32:59,0,0,0,0,0,63.52,182,3664.85,0,0
2026-04-21 06:10:21,3,0,0,0,0,164.67,163,6943.53,0,0
2026-04-21 08:02:25,0,0,0,0,0,340.51,110,5176.83,0,0
2026-04-21 09:35:55,4,0,0,0,0,97.44,45,8898.52,0,0
2026-04-21 10:23:19,3,0,0,0,0,101.65,248,6728.62,0,0
2026-04-21 10:41:39,0,0,1,0,0,63.37,181,3931.53,0,0
2026-04-21 11:18:11,2,0,1,1,0,77.45,54,3640.8,0,0
2026-04-21 11:27:06,1,0,1,0,0,10.42,185,10758.92,0,1
2026-04-21 11:44:23,3,0,1,0,0,43.01,73,32964.88,0,0
2026-04-21 12:42:45,0,0,0,0,0,70.78,80,3632.83,0,0
2026-04-21 12:59:48,2,0,1,0,0,32.16,203,6394.45,0,0
2026-04-21 14:13:16,0,1,1,0,0,44.6,48,8730.43,0,0
2026-04-21 14:52:20,5,0,1,1,0,354.73,213,17442.05,0,1
2026-04-21 15:05:56,0,0,0,0,0,0.52,42,10791.73,0,0
2026-04-21 16:30:54,0,0,0,0,0,36.05,23,26684.8,0,0
2026-04-21 17:49:48,2,0,0,0,0,87.7,182,736.82,0,0
2026-04-21 23:44:15,3,0,1,0,0,32.71,62,102502.77,0,0
2026-04-21 23:50:01,1,0,1,1,0,112.84,186,2567.45,0,0
2026-04-22 00:00:46,0,0,0,0,0,35.56,173,10224.55,0,0
2026-04-22 01:04:31,0,0,0,0,0,101.67,212,2566.22,0,0
2026-04-22 01:39:54,6,0,0,0,0,189.62,81,6215.2,0,1
2026-04-22 01:51:16,2,0,1,0,1,1612.24,223,17546.42,0,0
2026-04-22 02:12:13,3,0,0,1,1,76.76,244,4431.57,0,0
2026-04-22 02:42:57,0,0,0,0,0,158.58,82,3242.38,0,1
2026-04-22 03:14:43,0,1,0,0,0,23.93,29,2532.65,0,0
2026-04-22 04:42:46,1,0,0,0,0,100.73,176,8988.52,0,0
2026-04-22 06:21:13,3,0,0,0,0,104.05,160,8912.02,0,0
2026-04-22 06:45:42,0,0,0,0,0,162.83,136,10367.05,0,0
2026-04-22 07:02:34,3,0,0,0,0,70.49,50,36102.45,0,0
2026-04-22 07:46:35,1,1,1,0,1,707.32,137,10251.9,0,0
2026-04-22 09:00:23,0,0,1,1,0,72.99,122,6302.8,0,0
2026-04-22 09:10:24,0,0,0,1,0,78.91,46,3276.95,0,0
2026-04-22 09:38:25,0,0,1,0,0,172.34,134,17200.77,0,0
2026-04-22 10:35:19,1,0,0,0,0,22.95,69,13755.18,0,0
2026-04-22 12:28:57,0,0,0,0,0,187.62,173,748.18,0,0
2026-04-22 13:39:24,0,0,0,0,0,45.52,205,15764.9,0,0
2026-04-22 19:04:32,3,0,0,0,0,136.2,153,6973.57,0,0
2026-04-22 20:20:37,0,0,0,0,0,40.9,95,56539.43,0,0
2026-04-22 20:26:41,0,0,0,0,0,123.4,226,17314.25,0,0
2026-04-22 21:29:48,0,0,0,0,0,160.53,209,4083.23,0,0
2026-04-22 22:08:35,1,0,1,1,0,81.66,57,6144.68,0,0
2026-04-22 22:54:51,2,0,0,0,0,96.64,154,50216.38,0,0
2026-04-22 23:33:13,0,1,1,0,0,123.02,84,14186.03,0,0
2026-04-23 02:28:04,2,0,0,0,0,116.61,114,14134.9,0,0
2026-04-23 02:40:27,1,0,0,0,0,129.98,6,3264.85,0,0
2026-04-23 02:43:19,0,0,0,1,0,189.5,96,5563.8,0,0
2026-04-23 03:07:33,0,0,0,0,0,24.91,225,15838.83,0,0
2026-04-23 04:36:14,0,0,0,0,0,24.17,59,6921.22,0,0
2026-04-23 05:19:39,0,0,0,0,0,352.96,212,1695.13,0,0
2026-04-23 06:03:43,2,1,1,0,0,190.6,239,10685.67,0,0
2026-04-23 07:11:41,1,0,0,0,0,89.58,60,30486.83,0,0
2026-04-23 08:59:35,0,1,1,0,0,0.82,11,18657.13,0,0
2026-04-23 10:22:57,0,0,0,0,0,192.94,47,16020.17,0,1
2026-04-23 10:34:51,0,0,0,0,1,2089.05,52,4428.72,0,0
2026-04-23 13:18:20,1,0,1,1,1,4698.23,10,46647.05,0,0
2026-04-23 13:29:05,0,0,0,0,0,1.32,171,9606.78,0,0
2026-04-23 13:44:50,1,0,0,0,0,2.89,167,19500.58,0,0
2026-04-23 13:58:14,0,0,1,1,1,1093.01,211,4504.78,0,0
2026-04-23 16:00:09,1,1,1,0,0,193.83,155,9063.2,0,1
2026-04-23 16:06:56,3,0,0,0,0,474.63,168,5278.2,0,0
2026-04-23 16:14:20,0,0,1,1,1,578.55,226,1187.65,0,1
2026-04-23 17:24:18,0,0,0,0,0,3.7,36,9716.23,0,0
2026-04-23 18:10:57,6,0,0,0,0,21.75,120,25660.33,0,0
2026-04-23 19:09:01,0,0,1,1,0,209.57,148,4906.73,0,0
2026-04-23 19:28:39,1,0,0,0,0,62.82,46,2058.25,0,0
2026-04-23 20:10:36,0,0,1,1,1,2879.12,69,2015.28,0,0
2026-04-23 20:20:33,1,0,0,0,0,58.68,74,10290.85,0,0
2026-04-23 21:51:01,0,1,0,0,0,5.49,63,58222.78,0,0
2026-04-23 21:54:32,5,0,0,0,0,96.12,160,2373.32,0,0
2026-04-23 22:42:59,2,0,0,0,0,57.21,168,396.05,0,0
2026-04-24 03:51:57,2,0,0,0,0,67.6,168,308.97,0,0
2026-04-24 04:05:38,2,0,1,1,0,297.54,92,29940.43,0,0
2026-04-24 05:44:53,1,0,1,0,0,61.08,245,22108.03,0,0
2026-04-24 05:53:24,0,0,1,0,0,159.22,157,50280.62,0,0
2026-04-24 05:57:13,3,0,0,0,0,6.07,240,14604.13,0,0
2026-04-24 06:45:57,5,0,0,0,0,65.21,22,5260.33,0,0
2026-04-24 08:11:52,0,0,0,1,0,88.36,201,43119.42,0,0
2026-04-24 09:30:44,5,0,0,0,0,12.02,66,19766.17,0,1
2026-04-24 10:01:54,1,1,1,0,1,539.81,205,2662.5,0,0
2026-04-24 10:57:10,1,0,0,0,0,134.55,35,13622.33,0,0
2026-04-24 11:03:25,0,0,0,0,0,20.32,27,6041.73,0,0
2026-04-24 11:41:41,0,0,0,0,0,13.75,191,11825.33,0,0
2026-04-24 11:43:56,0,0,1,0,0,35.56,121,5373.65,0,0
2026-04-24 13:06:44,0,0,0,0,0,195.87,158,65472.58,0,0
2026-04-24 13:51:21,1,0,1,1,1,2159.19,29,3516.63,0,1
2026-04-24 14:09:09,0,0,0,0,0,149.97,163,4798.8,0,1
2026-04-24 14:23:16,0,0,1,1,0,38.93,37,10637.47,0,0
2026-04-24 15:15:59,7,1,1,0,0,10.42,243,12922.12,0,0
2026-04-24 17:12:24,0,1,1,0,0,3.25,154,2537.55,0,0
2026-04-24 17:45:41,0,1,1,0,0,88.24,4,33032.03,0,0
2026-04-24 18:06:06,0,0,0,1,0,121.16,99,5106.18,0,0
2026-04-24 18:15:59,0,1,1,1,1,711.96,138,9783.7,0,0
2026-04-24 19:56:43,2,0,0,0,0,75.26,148,1487.7,0,0
2026-04-24 20:11:55,1,0,0,0,0,32.71,113,11241.78,0,0
2026-04-24 20:36:11,2,0,0,0,0,45.3,188,14343.42,0,0
2026-04-24 20:41:35,0,1,1,1,0,130.87,248,4938.27,0,0
2026-04-24 21:32:25,1,0,0,1,0,126.66,10,1934.08,0,1
2026-04-24 23:33:38,0,0,0,0,0,2.85,30,47423.85,0,0
2026-04-25 00:24:04,0,0,0,0,0,288.65,75,6525.38,0,0
2026-04-25 00:46:55,0,0,0,0,0,31.34,144,91160.35,0,0
2026-04-25 01:22:03,0,0,0,0,0,238.15,135,30450.02,0,0
2026-04-25 01:43:00,0,0,0,0,0,71.72,118,33594.17,0,0
2026-04-25 04:41:00,0,0,1,0,1,1037.27,151,17681.23,0,1
2026-04-25 06:03:23,7,0,0,0,0,59.9,40,9446.52,0,0
2026-04-25 06:18:30,0,0,1,0,0,255.65,1,24251.28,0,0
2026-04-25 06:44:23,0,0,0,0,0,23.33,45,5588.47,0,0
2026-04-25 07:00:13,0,1,1,0,1,1418.75,7,26166.37,0,0
2026-04-25 08:08:37,1,0,0,0,0,38.24,126,37953.23,0,0
2026-04-25 08:41:00,0,0,1,1,0,246.79,41,27436.35,0,0
2026-04-25 10:10:26,3,0,0,0,0,18.55,68,10609.15,0,0
2026-04-25 11:23:53,6,0,0,0,0,112.76,2,7378.33,0,0
2026-04-25 16:29:41,0,0,1,1,0,54.78,17,8680.32,0,0
2026-04-25 16:39:11,0,0,1,0,0,108.24,232,8141.23,0,1
2026-04-25 16:41:49,0,0,1,0,1,257.26,137,4855.23,0,0
2026-04-25 16:43:21,1,0,0,0,0,50.03,139,16249.27,0,0
2026-04-25 17:05:42,0,0,1,1,1,170.19,44,17004.5,0,0
2026-04-25 17:50:41,0,0,1,0,0,346.66,83,15580.87,0,0
2026-04-25 18:35:45,0,0,0,0,0,24.08,184,30110.48,0,0
2026-04-25 20:09:52,1,1,0,0,0,499.47,14,7410.35,0,0
2026-04-25 20:14:22,0,0,0,0,0,54.21,79,38088.13,0,0
2026-04-25 22:13:47,0,0,0,0,0,7.42,175,8509.47,0,0
2026-04-25 22:14:05,1,0,1,0,0,1.77,200,24382.67,0,0
2026-04-25 23:02:59,1,0,0,0,0,91.37,187,59937.05,0,0
2026-04-25 23:28:19,3,0,1,0,0,95.38,188,1612.13,0,1
2026-04-25 23:57:49,0,0,1,0,0,74.4,33,14662.02,0,0
2026-04-26 00:18:13,2,0,0,0,0,6.87,184,342.47,0,0
2026-04-26 01:34:59,1,0,1,0,0,40.27,130,16517.18,0,0
2026-04-26 02:00:31,0,0,0,0,0,44.48,2,876.63,0,0
2026-04-26 02:15:45,1,0,0,0,0,122.02,60,4024.07,0,0
2026-04-26 02:26:30,0,0,1,0,0,54.28,148,1829.78,0,0
2026-04-26 02:59:09,5,0,0,1,1,1276.34,122,5398.77,0,0
2026-04-26 04:57:01,0,0,1,0,0,33.73,151,1456.02,0,1
2026-04-26 05:27:41,1,0,0,0,0,129.46,82,5924.73,0,0
2026-04-26 05:32:31,0,0,1,0,0,4.79,158,2425.78,0,0
2026-04-26 05:52:48,5,0,0,0,0,446.58,213,6660.47,0,0
2026-04-26 06:17:45,0,0,0,0,0,102.58,36,3653.45,0,0
2026-04-26 06:20:42,6,0,1,0,0,16.12,118,1717.7,0,0
2026-04-26 07:37:21,4,0,0,0,0,126.4,67,46052.98,0,0
2026-04-26 07:45:34,0,0,1,0,0,154.44,185,6978.47,0,0
2026-04-26 08:40:46,3,0,0,1,1,2330.98,145,26307.05,0,1
2026-04-26 11:20:44,7,0,0,0,0,31.57,125,16565.52,0,0
2026-04-26 11:40:34,0,0,0,0,0,318.54,152,29935.85,0,0
2026-04-26 13:58:18,0,0,0,0,0,1.79,230,34377.62,0,0
2026-04-26 14:30:09,1,0,0,0,0,47.78,196,10093.72,0,0
2026-04-26 14:33:20,0,0,1,0,0,11.01,73,7368.95,0,0
2026-04-26 14:49:09,0,0,0,0,0,48.59,161,21873.75,0,0
2026-04-26 15:19:43,0,0,1,0,0,5.89,57,5351.13,0,0
2026-04-26 15:53:20,0,0,0,0,0,103.56,226,4299.0,0,0
2026-04-26 16:02:06,0,0,0,0,0,6.45,45,1997.72,0,0
2026-04-26 17:14:41,0,0,0,0,0,95.67,182,7164.88,0,0
2026-04-26 18:31:47,3,1,1,0,0,26.67,160,4117.25,0,0
2026-04-26 19:02:40,2,0,0,0,0,19.74,59,5186.43,0,0
2026-04-26 19:48:30,0,0,0,0,0,42.62,8,8257.2,0,0
2026-04-26 19:52:51,1,0,1,0,0,102.43,112,9080.47,0,0
2026-04-26 20:13:07,1,0,0,0,0,86.32,114,5385.05,0,0
2026-04-26 20:13:25,5,0,0,0,0,114.09,188,1245.1,0,0
2026-04-26 21:02:42,0,0,0,0,0,251.31,15,12555.78,0,0
2026-04-26 21:29:45,0,1,0,0,0,22.73,127,11512.15,0,0
2026-04-26 22:07:47,4,0,1,0,1,800.01,159,13833.37,0,0
2026-04-26 22:17:38,5,0,0,0,0,30.9,64,8661.58,0,0
2026-04-26 22:18:15,2,0,0,0,0,88.27,5,15463.2,0,0
2026-04-26 22:19:49,2,0,1,0,0,33.32,170,15707.55,0,0
2026-04-27 00:07:12,0,0,0,0,0,81.65,106,10842.62,0,0
2026-04-27 02:04:00,1,0,0,0,0,173.25,29,3612.65,0,0
2026-04-27 02:23:53,0,0,0,0,0,80.06,142,16939.67,0,0
2026-04-27 02:45:15,0,0,1,0,0,182.1,180,16174.82,0,0
2026-04-27 02:48:34,3,0,0,0,0,94.51,181,8166.92,0,0
2026-04-27 02:48:37,0,0,0,0,0,204.25,13,12073.75,0,0
2026-04-27 06:10:50,0,0,0,0,0,266.52,188,597.42,0,0
2026-04-27 06:57:33,5,0,1,1,0,70.89,48,8204.28,0,0
2026-04-27 06:59:55,0,0,0,0,0,156.37,154,3707.52,0,0
2026-04-27 07:01:38,6,0,1,0,0,63.26,212,5861.98,0,0
2026-04-27 08:27:09,7,1,1,0,0,122.14,159,619.37,0,1
2026-04-27 09:04:39,1,0,0,0,0,3.82,115,13902.73,0,0
2026-04-27 10:50:03,0,0,1,0,1,5112.9,36,1712.3,0,0
2026-04-27 13:39:46,0,0,0,0,0,224.75,27,4476.35,0,0
2026-04-27 13:48:51,0,0,0,0,0,223.76,229,10259.07,0,0
2026-04-27 14:02:39,0,0,0,0,0,33.02,127,992.9,0,0
2026-04-27 14:35:01,0,0,0,0,0,33.29,97,13573.13,0,0
2026-04-27 14:47:11,6,0,0,0,0,51.52,93,11248.43,0,0
2026-04-27 15:05:32,0,0,0,0,0,212.18,91,14557.72,0,0
2026-04-27 16:05:46,2,0,0,0,0,195.64,4,4220.08,0,0
2026-04-27 16:22:25,0,0,0,0,0,34.17,203,8842.62,0,0
2026-04-27 17:47:06,1,0,1,0,1,1170.6,217,11390.45,0,0
2026-04-27 18:44:11,4,0,0,0,0,64.47,120,5793.23,0,0
2026-04-27 19:19:45,0,0,1,0,0,105.18,133,11792.23,0,0
2026-04-27 19:40:05,0,0,0,0,0,24.07,51,17086.32,0,0
2026-04-27 20:12:05,1,0,0,0,0,8.89,66,4961.35,0,0
2026-04-27 21:39:09,2,1,1,0,0,2.76,40,3815.77,0,0
2026-04-27 22:41:47,1,1,1,1,1,720.49,205,5079.88,0,0
2026-04-27 23:15:42,0,0,0,1,0,293.02,120,271.52,0,0
2026-04-27 23:57:11,0,0,0,0,0,115.46,117,29418.38,0,0
2026-04-28 00:11:04,5,0,0,0,0,138.28,27,631.3,0,0
2026-04-28 00:33:27,4,0,0,0,0,290.34,231,56237.63,0,0
2026-04-28 01:42:39,0,0,0,0,0,54.83,209,7452.85,0,0
2026-04-28 01:44:38,3,0,1,1,1,964.73,223,8633.37,0,0
2026-04-28 02:21:13,0,0,1,0,0,44.56,182,1986.53,0,0
2026-04-28 02:23:10,0,0,0,0,0,20.01,122,2844.02,0,0
2026-04-28 03:00:00,0,0,0,0,0,145.41,203,637.58,0,0
2026-04-28 04:00:43,0,1,1,1,1,3557.67,9,34656.62,0,1
2026-04-28 05:07:02,1,0,0,0,0,168.13,11,6967.45,0,0
2026-04-28 05:15:30,0,1,0,0,0,4.89,135,4553.45,0,0
2026-04-28 05:21:09,0,0,0,0,0,35.55,229,932.3,0,0
2026-04-28 05:39:02,2,0,1,1,0,89.67,70,21542.02,0,0
2026-04-28 08:41:46,1,0,0,0,0,39.63,30,4868.13,0,0
2026-04-28 11:10:35,1,0,0,0,0,16.27,93,1223.4,0,0
2026-04-28 11:22:57,4,0,0,0,0,77.3,223,578.32,0,0
2026-04-28 11:53:27,0,0,0,0,0,73.71,215,26904.57,0,0
2026-04-28 12:53:44,1,0,0,1,0,123.75,77,22744.92,0,0
2026-04-28 14:15:11,2,0,0,0,0,892.67,118,3354.48,0,0
2026-04-28 15:33:31,1,0,0,0,0,104.48,165,26811.27,0,0
2026-04-28 16:07:14,0,0,1,1,1,571.64,204,13801.07,0,0
2026-04-28 16:12:27,0,0,0,0,0,313.23,173,8863.5,0,0
2026-04-28 16:13:27,4,0,0,0,0,84.7,82,3525.77,0,0
2026-04-28 16:31:33,0,0,0,0,0,103.77,76,47335.87,0,0
2026-04-28 17:36:59,3,0,0,0,0,44.25,195,27276.32,0,0
2026-04-28 18:15:18,1,0,0,0,0,60.12,176,9452.53,0,0
2026-04-28 18:32:09,1,1,1,0,0,54.24,228,18242.8,0,0
2026-04-28 18:53:48,3,0,1,0,0,275.22,117,1136.62,0,0
2026-04-28 21:41:26,1,0,1,1,0,165.86,209,1198.78,0,0
2026-04-28 21:46:42,0,0,1,1,1,142.63,10,5774.28,0,0
2026-04-28 23:10:57,1,0,0,0,0,37.67,141,18991.15,0,0
2026-04-28 23:54:10,3,0,1,0,0,5.73,60,4178.42,0,0
2026-04-29 00:09:18,0,0,0,0,0,72.72,23,10538.4,0,0
2026-04-29 00:28:14,0,0,1,0,1,491.56,30,946.47,0,0
2026-04-29 00:32:54,0,0,0,0,0,7.62,120,1517.2,0,0
2026-04-29 00:46:25,4,0,0,0,0,147.84,61,28180.58,0,0
2026-04-29 00:52:59,0,0,1,0,0,9.56,28,14292.08,0,0
2026-04-29 00:54:59,1,0,0,0,0,31.69,151,4077.97,0,0
2026-04-29 01:35:44,0,0,0,0,0,147.68,197,21893.67,0,1
2026-04-29 01:36:23,0,0,0,0,0,71.66,49,29762.65,0,0
2026-04-29 01:52:41,1,1,1,1,0,169.89,158,4100.17,0,0
2026-04-29 02:06:36,0,0,0,0,0,53.53,201,6834.73,0,0
2026-04-29 02:49:28,1,0,0,0,0,168.67,98,38907.68,0,0
2026-04-29 03:30:47,2,0,1,0,0,77.25,112,3337.93,0,0
2026-04-29 06:34:56,3,1,0,0,0,9.21,26,29750.93,0,0
2026-04-29 07:54:36,0,0,0,1,1,956.54,124,71583.88,0,0
2026-04-29 07:58:23,4,0,0,0,0,80.64,81,10458.48,0,0
2026-04-29 09:18:11,1,0,1,0,0,94.7,162,39213.37,0,0
2026-04-29 10:15:37,4,0,0,0,0,262.95,68,5765.18,0,1
2026-04-29 11:06:33,0,0,0,0,0,20.28,78,36911.6,0,0
2026-04-29 11:31:06,1,0,0,0,0,93.15,2,4890.58,0,0
2026-04-29 12:02:04,4,0,0,0,0,139.44,48,3184.52,0,0
2026-04-29 13:56:07,4,0,0,0,0,220.69,70,1937.08,0,0
2026-04-29 13:58:54,0,0,0,0,0,74.51,248,6797.32,0,0
2026-04-29 15:06:19,0,0,0,0,0,24.07,201,779.72,0,0
2026-04-29 15:26:53,0,0,0,1,0,170.2,152,4546.32,0,0
2026-04-29 18:38:50,0,0,0,0,0,235.44,142,3854.95,0,0
2026-04-29 19:52:54,0,0,0,0,0,11.25,77,1859.17,0,0
2026-04-29 20:49:16,0,0,0,0,0,26.1,75,6985.2,0,0
2026-04-29 22:03:41,3,0,1,1,0,205.15,104,17206.8,0,0
2026-04-30 00:43:46,0,0,0,1,1,993.68,89,21427.03,0,0
2026-04-30 01:21:31,1,0,0,0,0,18.52,30,1493.28,0,0
2026-04-30 01:47:31,0,0,1,0,0,103.65,216,25251.22,0,0
2026-04-30 02:12:34,0,0,0,0,0,61.3,162,1014.38,0,0
2026-04-30 03:04:18,0,0,0,0,0,344.08,151,1569.32,0,0
2026-04-30 04:47:05,0,0,0,0,0,25.19,211,9528.85,0,0
2026-04-30 05:25:01,2,0,0,1,0,44.97,65,18609.42,0,1
2026-04-30 05:45:30,4,0,0,0,0,18.17,79,6331.13,0,0
2026-04-30 06:32:33,0,0,0,0,0,5.1,250,33023.63,0,0
2026-04-30 06:40:51,0,0,0,0,0,32.01,105,22413.85,0,0
2026-04-30 07:51:25,0,0,0,1,0,171.38,120,1878.52,0,0
2026-04-30 07:58:00,3,0,1,0,1,466.39,174,35035.52,0,0
2026-04-30 08:23:45,2,0,0,0,0,119.19,62,12039.5,0,0
2026-04-30 08:33:10,1,0,1,1,0,74.66,54,12794.98,0,0
2026-04-30 09:30:13,1,0,0,0,0,73.34,144,7723.3,0,0
2026-04-30 10:54:15,3,0,0,0,0,152.12,188,4603.42,0,0
2026-04-30 11:02:16,0,0,0,0,0,96.17,98,1932.8,0,0
2026-04-30 11:51:05,0,0,0,0,0,17.42,235,21756.53,0,0
2026-04-30 13:03:11,4,0,0,0,0,24.94,193,29162.43,0,1
2026-04-30 15:21:08,2,0,0,0,0,78.48,58,22627.48,0,0
2026-04-30 18:25:18,1,1,1,0,0,186.64,150,13875.2,0,0
2026-04-30 18:26:54,1,0,0,0,0,16.53,181,5258.33,0,0
2026-04-30 18:35:33,0,0,0,0,0,11.31,2,1864.45,0,0
2026-04-30 19:59:24,1,0,0,1,0,72.89,49,2543.02,0,0
2026-04-30 20:51:15,1,0,0,0,0,20.91,141,2740.3,0,0
2026-04-30 21:42:28,0,0,0,0,0,515.61,163,9093.32,0,0
2026-04-30 21:43:34,2,0,0,0,0,0.44,21,14447.08,0,0
2026-04-30 23:54:47,3,0,1,1,1,893.66,41,8113.78,0,0
2026-05-01 00:05:54,0,0,1,0,0,17.74,72,15854.85,0,0
2026-05-01 00:52:27,0,0,0,0,0,114.28,157,9779.05,0,0
2026-05-01 01:38:24,0,0,0,0,0,99.46,238,33764.7,0,0
2026-05-01 04:39:38,1,0,0,0,1,2468.12,73,6606.3,0,1
2026-05-01 05:19:15,0,0,1,0,0,82.87,53,16285.18,0,0
2026-05-01 05:27:02,1,1,1,0,0,20.99,132,48931.25,0,1
2026-05-01 05:28:45,3,0,1,1,1,82.18,195,3591.77,0,0
2026-05-01 05:31:32,0,1,1,0,0,128.07,115,5546.88,0,0
2026-05-01 05:59:59,4,0,0,1,0,57.97,107,28079.77,0,0
2026-05-01 06:11:24,7,0,1,0,1,376.95,4,5165.63,0,1
2026-05-01 06:40:34,0,0,0,0,0,29.01,91,5255.03,0,0
2026-05-01 06:44:47,0,0,1,0,0,16.14,37,9621.52,0,0
2026-05-01 08:12:42,5,0,0,1,0,33.35,110,14410.28,0,1
2026-05-01 09:25:29,5,0,1,0,0,157.03,122,4742.32,0,0
2026-05-01 10:05:34,0,1,1,0,0,96.93,222,25387.05,0,0
2026-05-01 10:32:25,0,0,1,1,1,6560.89,207,25770.92,0,0
2026-05-01 12:03:12,0,0,1,0,1,1114.39,144,1592.98,0,0
2026-05-01 12:22:57,7,0,0,0,0,73.71,92,10577.32,0,1
2026-05-01 14:47:11,0,0,0,0,0,21.24,183,33029.37,0,0
2026-05-01 14:48:37,1,0,1,1,0,88.3,204,4241.38,0,0
2026-05-01 14:59:18,3,0,0,0,0,93.74,217,5592.2,0,0
2026-05-01 15:06:12,0,1,1,0,0,23.13,28,3733.22,0,0
2026-05-01 15:51:51,1,0,0,0,0,9.21,123,25588.82,0,0
2026-05-01 16:25:48,0,0,0,0,0,46.01,60,3871.63,0,0
2026-05-01 17:13:09,3,0,0,0,0,18.89,244,13860.93,0,0
2026-05-01 17:40:45,0,1,1,0,0,69.96,117,4246.95,0,0
2026-05-01 17:45:29,1,0,0,0,0,74.68,245,10800.6,0,0
2026-05-01 18:42:07,1,1,1,0,0,93.69,110,629.42,0,0
2026-05-01 19:35:35,0,0,1,0,0,92.34,132,848.55,0,0
2026-05-01 20:02:19,0,0,1,0,0,112.36,99,10196.22,0,0
2026-05-01 21:14:13,0,0,0,0,0,26.2,167,11969.38,0,0
2026-05-01 22:58:15,0,0,1,0,0,131.25,69,11687.65,0,0
2026-05-02 00:33:19,3,0,0,0,0,74.41,242,23674.17,0,0
2026-05-02 00:47:59,3,0,1,0,0,57.5,29,7123.98,0,0
2026-05-02 00:51:32,0,0,0,0,0,104.38,249,37145.93,0,0
2026-05-02 02:15:54,1,0,1,1,1,1043.51,17,9226.22,0,1
2026-05-02 02:25:28,1,0,0,0,0,74.58,159,6838.32,0,0
2026-05-02 03:03:03,3,0,0,0,0,2.35,12,50037.53,0,0
2026-05-02 03:23:35,0,0,1,1,0,161.97,100,19349.45,0,0
2026-05-02 04:18:08,0,0,0,0,0,55.2,95,13437.52,0,0
2026-05-02 05:24:27,0,0,0,0,0,73.0,11,5777.42,0,0
2026-05-02 06:42:22,1,0,0,0,0,49.41,174,2804.37,0,0
2026-05-02 06:52:33,0,0,0,0,0,80.19,167,578.33,0,0
2026-05-02 09:20:17,0,0,0,0,0,5.56,158,4767.6,0,0
2026-05-02 09:35:51,0,0,0,1,0,48.44,160,8104.07,0,0
2026-05-02 10:54:26,2,0,0,0,0,110.47,200,9400.35,0,1
2026-05-02 11:21:40,0,0,0,0,0,278.78,202,17876.47,0,0
2026-05-02 11:32:47,0,0,0,0,0,189.17,11,368.33,0,0
2026-05-02 12:35:46,0,0,1,1,0,329.19,155,12755.62,0,0
2026-05-02 15:15:08,0,1,1,1,0,152.1,6,13714.68,0,0
2026-05-02 15:54:59,1,0,0,0,0,100.14,183,1507.8,0,0
2026-05-02 15:54:59,0,0,1,1,1,825.58,105,3434.13,0,0
2026-05-02 15:57:09,0,0,0,0,0,13.14,6,42.02,0,0
2026-05-02 15:57:26,1,0,0,0,0,28.88,103,17388.57,0,0
2026-05-02 19:10:01,0,0,0,0,0,31.63,158,589.73,0,0
2026-05-02 19:23:47,0,0,0,0,0,55.84,18,16870.5,0,0
2026-05-02 19:34:01,4,1,0,0,0,94.12,103,216.58,0,0
2026-05-02 20:07:30,0,0,1,0,0,96.41,39,32920.07,0,0
2026-05-02 20:31:34,0,1,1,1,0,60.8,78,4885.02,0,0
2026-05-02 21:29:52,0,0,0,1,1,481.64,191,12108.18,0,0
2026-05-02 21:33:13,0,0,0,0,0,5.82,143,21307.93,0,0
2026-05-02 21:56:45,1,0,0,0,0,449.51,50,15294.18,0,0
2026-05-02 23:27:12,1,0,0,0,0,280.61,181,3180.3,0,0
2026-05-02 23:41:09,2,0,0,1,0,20.2,228,6069.0,0,0
2026-05-03 00:41:45,0,1,1,1,0,92.99,87,25936.52,0,0
2026-05-03 01:53:48,0,1,0,0,0,35.05,36,8103.75,0,0
2026-05-03 01:56:21,3,1,1,1,0,21.62,217,2097.05,0,0
2026-05-03 02:09:00,5,0,1,0,0,115.33,9,7088.28,0,0
2026-05-03 03:14:27,0,1,0,0,0,154.27,61,5908.03,0,0
2026-05-03 04:14:46,0,0,0,0,0,52.19,101,39337.93,0,1
2026-05-03 04:41:16,0,0,0,0,0,6.09,152,5114.38,0,0
2026-05-03 06:13:34,0,0,0,1,1,769.98,211,4406.48,0,0
2026-05-03 06:16:06,0,0,0,0,0,75.97,100,1612.52,0,0
2026-05-03 07:55:15,0,1,1,0,0,223.7,189,20263.15,0,0
2026-05-03 07:55:20,2,1,0,0,0,106.94,98,4133.07,0,0
2026-05-03 08:15:21,1,0,0,0,0,123.96,203,7515.35,0,0
2026-05-03 09:30:02,0,0,0,0,0,22.64,128,24315.45,0,0
2026-05-03 10:20:23,0,0,1,0,1,1910.9,176,6725.08,0,0
2026-05-03 10:53:50,3,0,1,1,0,69.68,35,12956.67,0,0
2026-05-03 13:06:39,0,0,0,0,0,171.71,92,2923.7,0,0
2026-05-03 13:38:07,1,0,1,0,0,24.38,116,23403.33,0,1
2026-05-03 13:39:08,0,0,0,0,0,72.33,105,1304.15,0,0
2026-05-03 15:11:51,1,0,1,0,1,352.59,31,21489.07,0,0
2026-05-03 15:28:56,0,0,0,1,0,33.68,100,552.83,0,0
2026-05-03 16:00:29,0,0,0,0,0,178.5,225,15172.93,0,0
2026-05-03 16:01:01,0,0,0,0,0,116.41,125,10360.28,0,0
2026-05-03 16:18:48,0,0,0,0,0,130.37,143,1125.58,0,0
2026-05-03 16:29:17,0,0,0,0,0,7.1,194,26763.3,0,0
2026-05-03 16:50:17,1,0,0,0,0,130.47,127,8807.63,0,0
2026-05-03 18:02:15,0,0,0,1,0,67.61,103,1348.23,0,0
2026-05-03 18:53:10,0,0,0,0,0,61.46,242,2539.85,0,0
2026-05-03 19:36:57,1,0,1,0,0,53.21,27,8365.88,0,0
2026-05-03 19:41:17,1,0,1,1,0,190.92,111,52287.17,0,0
2026-05-03 21:12:19,6,0,0,0,0,19.54,144,3429.12,0,0
2026-05-03 21:14:04,1,0,0,0,0,168.26,67,10896.72,0,0
2026-05-03 22:04:28,0,0,1,1,0,263.56,191,1474.6,0,0
2026-05-03 23:34:03,1,0,0,1,0,18.42,27,237.1,0,0
2026-05-03 23:38:28,4,0,0,0,0,781.41,160,2282.62,0,0
2026-05-04 00:01:21,3,0,0,0,0,466.01,186,17291.33,0,0
2026-05-04 00:56:32,0,0,0,0,0,97.11,163,4514.07,0,0
2026-05-04 02:35:47,0,0,0,1,1,469.06,152,1314.52,0,0
2026-05-04 03:33:29,0,0,0,0,0,56.15,71,31086.47,0,0
2026-05-04 04:11:42,1,0,0,0,0,18.68,113,13439.78,0,0
2026-05-04 04:14:50,2,0,0,0,0,12.81,232,12215.65,0,0
2026-05-04 04:29:04,1,0,0,0,0,121.75,83,12158.38,0,1
2026-05-04 05:27:21,0,1,0,0,0,86.71,133,9247.6,0,0
2026-05-04 11:43:55,2,0,0,0,0,82.91,167,3171.37,0,0
2026-05-04 11:56:56,3,0,0,0,1,427.05,51,9616.85,0,1
2026-05-04 12:56:14,0,0,0,0,0,26.78,191,891.77,0,0
2026-05-04 12:57:09,1,1,1,0,1,6868.41,248,7138.25,0,1
2026-05-04 13:32:07,0,0,0,0,0,99.09,8,11143.62,0,0
2026-05-04 14:24:03,4,0,0,0,0,171.18,89,6580.28,0,0
2026-05-04 14:35:44,3,0,1,0,0,47.56,22,14869.78,0,0
2026-05-04 14:49:15,1,0,1,1,1,2783.79,66,9757.17,0,1
2026-05-04 15:55:44,1,0,0,0,0,128.15,168,15123.78,0,0
2026-05-04 16:36:02,4,0,0,1,0,43.1,46,15667.38,0,0
2026-05-04 17:05:27,0,1,0,0,0,126.48,10,8358.75,0,0
2026-05-04 17:07:57,0,1,1,0,0,259.86,82,8694.5,0,0
2026-05-04 19:03:27,2,0,1,0,0,24.05,217,2467.1,0,0
2026-05-04 19:10:08,0,1,1,0,0,79.33,114,11457.02,0,0
2026-05-04 19:43:36,0,0,0,0,0,340.07,208,42945.52,0,0
2026-05-04 20:23:15,3,0,0,1,0,172.26,207,4910.83,0,0
2026-05-04 23:38:52,2,0,1,0,1,1452.53,199,43682.82,0,0
2026-05-04 23:56:45,0,0,1,0,1,108.48,204,4868.13,0,0
2026-05-05 01:00:07,0,0,0,0,0,52.14,96,17176.8,0,0
2026-05-05 01:19:21,0,0,1,0,0,105.2,195,5510.6,0,0
2026-05-05 01:29:12,0,0,1,1,1,790.59,129,38993.52,0,0
2026-05-05 02:38:10,0,0,0,0,0,583.75,56,23378.45,0,0
2026-05-05 02:47:59,2,0,0,0,0,140.0,43,33083.38,0,0
2026-05-05 03:56:37,0,0,1,0,1,310.69,215,9603.17,0,0
2026-05-05 05:06:42,0,1,1,0,0,67.41,163,1690.17,0,0
2026-05-05 05:28:16,0,0,0,0,0,48.45,65,7203.25,0,0
2026-05-05 06:18:21,7,0,1,0,0,90.1,236,38549.87,0,0
2026-05-05 08:47:20,0,0,1,0,1,887.42,172,30069.88,0,0
2026-05-05 10:10:40,0,0,0,0,0,27.17,250,7418.12,0,0
2026-05-05 10:24:28,0,1,1,0,0,128.87,84,17931.25,0,0
2026-05-05 10:35:36,1,0,0,0,0,11.28,208,892.0,0,0
2026-05-05 11:36:37,1,0,1,0,0,75.96,229,10455.47,0,0
2026-05-05 11:41:56,0,0,0,0,0,37.13,45,12699.83,0,0
2026-05-05 12:27:10,0,0,0,0,0,339.71,35,2973.33,0,0
2026-05-05 13:08:08,0,1,1,0,0,36.18,37,6143.35,0,0
2026-05-05 13:19:16,1,0,0,1,0,41.69,65,471.0,0,0
2026-05-05 14:13:47,1,0,0,1,0,122.79,175,13920.0,0,0
2026-05-05 15:38:34,0,0,0,0,0,13.75,55,51377.43,0,1
2026-05-05 16:36:23,0,0,1,1,0,39.25,162,8063.82,0,1
2026-05-05 17:03:06,0,0,0,1,0,119.04,21,6919.53,0,0
2026-05-05 17:33:57,0,0,1,0,0,3.12,26,9299.02,0,0
2026-05-05 18:21:46,1,0,0,1,0,37.25,14,14291.9,0,0
2026-05-05 18:58:21,0,0,1,0,0,0.83,146,21924.33,0,0
2026-05-05 18:59:33,0,0,0,0,0,16.28,88,42450.3,0,0
2026-05-05 19:01:03,0,0,0,1,0,92.68,35,393.88,0,0
2026-05-05 19:09:14,5,0,0,0,0,61.01,193,7566.05,0,0
2026-05-05 19:33:34,3,0,0,0,0,16.96,246,51436.77,0,0
2026-05-05 20:51:18,0,0,0,1,0,8.12,239,18167.58,0,0
2026-05-05 20:51:29,0,0,0,0,0,5.8,235,7740.4,0,0
2026-05-05 23:20:37,0,0,1,0,0,8.92,16,41061.95,0,0
2026-05-06 02:15:01,0,0,0,0,0,10.1,61,4260.57,0,1
2026-05-06 02:21:10,0,0,0,0,1,135.4,110,6219.05,0,0
2026-05-06 03:30:58,1,0,0,0,0,5.67,248,2313.82,0,0
2026-05-06 06:16:51,1,0,0,0,0,119.41,103,3614.6,0,0
2026-05-06 06:20:14,4,0,0,0,0,283.47,102,33823.9,0,0
2026-05-06 06:44:46,0,0,1,0,0,193.78,21,821.67,0,0
2026-05-06 06:48:47,3,0,0,0,0,30.9,216,8941.27,0,0
2026-05-06 07:10:53,2,0,0,0,0,22.85,26,816.93,0,0
2026-05-06 07:36:09,0,0,0,0,0,4.91,175,1042.37,0,0
2026-05-06 07:54:23,0,0,0,0,0,16.96,46,2358.35,0,0
2026-05-06 08:51:30,0,0,0,0,0,83.88,244,6698.35,0,0
2026-05-06 09:01:17,0,0,0,0,0,627.91,103,164.43,0,0
2026-05-06 09:19:43,0,0,0,1,0,195.92,18,5155.93,0,0
2026-05-06 10:31:56,1,0,0,0,0,72.34,169,67213.93,0,0
2026-05-06 11:48:22,0,0,1,0,1,826.05,216,299.58,0,1
2026-05-06 11:54:12,5,0,0,0,0,16.0,236,1775.85,0,0
2026-05-06 12:01:46,0,0,1,1,0,54.23,92,4255.12,0,0
2026-05-06 13:31:20,6,0,1,1,0,90.35,20,31722.57,0,0
2026-05-06 14:13:44,0,0,0,0,0,90.5,125,4212.72,0,0
2026-05-06 15:08:40,2,0,0,0,0,81.54,103,367.38,0,0
2026-05-06 15:46:00,0,0,0,0,0,173.74,209,11164.57,0,0
2026-05-06 17:06:54,0,0,0,0,0,71.35,213,15074.1,0,0
2026-05-06 17:49:07,3,0,0,1,0,64.03,242,4255.95,0,0
2026-05-06 18:52:28,0,0,0,0,0,36.5,146,1434.12,0,0
2026-05-06 20:30:03,1,0,0,0,0,19.87,114,2959.92,0,0
2026-05-06 22:25:26,1,0,0,0,0,0.14,66,3336.18,0,0
2026-05-06 23:29:58,0,0,0,0,0,38.88,229,2153.35,0,0
2026-05-07 00:51:04,0,0,1,1,1,1503.92,164,28675.67,0,0
2026-05-07 01:31:40,2,1,1,0,0,81.85,145,15410.9,0,0
2026-05-07 01:59:41,0,1,1,1,0,75.61,43,2831.7,0,0
2026-05-07 02:57:14,1,0,0,0,0,148.01,70,10861.12,0,0
2026-05-07 03:55:18,4,0,0,0,0,26.51,163,2808.6,0,1
2026-05-07 05:25:42,0,0,1,0,0,113.49,232,4390.87,0,0
2026-05-07 07:17:43,0,0,1,1,1,1401.55,226,15324.38,0,0
2026-05-07 07:23:16,2,1,1,0,1,620.98,184,16265.05,0,0
2026-05-07 08:13:47,0,0,0,0,1,369.89,214,76763.65,0,0
2026-05-07 08:27:56,0,0,0,1,0,82.71,101,6013.17,0,0
2026-05-07 09:14:54,0,0,0,0,0,290.31,96,3374.78,0,1
2026-05-07 09:15:21,1,0,0,0,0,7.94,10,3849.9,0,0
2026-05-07 09:50:08,0,0,0,0,0,305.73,70,412.9,0,0
2026-05-07 10:13:57,0,1,1,1,1,937.55,205,13652.17,0,0
2026-05-07 11:51:24,2,0,1,1,0,123.8,70,121.27,0,0
2026-05-07 12:17:05,0,0,0,0,0,162.56,228,6515.93,0,0
2026-05-07 13:35:49,0,0,0,0,0,16.43,33,16658.0,0,0
2026-05-07 14:33:34,7,0,0,0,0,4.6,130,16618.58,0,0
2026-05-07 14:46:30,1,0,0,0,0,13.75,80,23163.75,0,0
2026-05-07 14:52:02,3,0,0,0,0,41.7,40,13992.88,0,0
2026-05-07 16:34:57,0,1,0,0,0,313.62,153,21450.42,0,0
2026-05-07 17:04:12,2,0,0,0,0,4.37,84,3279.73,0,0
2026-05-07 17:18:07,0,0,1,1,1,3784.81,219,43276.28,0,1
2026-05-07 17:20:52,0,0,1,0,1,1235.89,46,2006.48,0,1
2026-05-07 17:30:45,0,0,0,0,0,10.8,143,5831.95,0,0
2026-05-07 20:00:57,0,1,1,0,0,16.58,232,875.25,0,0
2026-05-07 20:10:14,3,0,1,0,0,116.9,74,20149.68,0,0
2026-05-07 22:10:48,0,0,0,0,0,93.77,230,16332.5,0,0
2026-05-07 23:25:23,1,0,0,0,0,18.33,219,367.27,0,0
2026-05-07 23:26:01,2,0,1,0,0,234.69,145,1314.35,0,0
2026-05-07 23:32:57,1,0,0,0,0,14.26,86,51198.22,0,0
2026-05-07 23:44:04,0,0,0,0,0,71.66,231,14350.62,0,0
2026-05-08 00:13:59,1,0,1,1,1,1127.1,14,3232.22,0,1
2026-05-08 02:04:29,0,0,0,0,0,204.41,113,5632.78,0,1
2026-05-08 03:52:21,0,1,1,1,1,33.6,235,3300.87,0,0
2026-05-08 03:54:28,7,0,0,0,0,14.67,156,30108.62,0,0
2026-05-08 04:08:26,0,0,0,0,1,280.72,249,8836.9,0,0
2026-05-08 04:12:15,0,0,0,0,0,6.49,246,3398.68,0,0
2026-05-08 05:41:32,3,0,0,0,0,99.83,72,10415.63,0,0
2026-05-08 07:17:57,0,0,0,0,0,26.08,136,23072.25,0,0
2026-05-08 08:08:29,1,0,0,0,0,85.96,29,9080.5,0,0
2026-05-08 08:12:28,0,0,0,0,0,152.61,41,10577.68,0,0
2026-05-08 08:16:35,0,0,0,0,0,52.51,193,3667.35,0,0
2026-05-08 08:54:09,0,0,1,0,0,146.47,109,43099.73,0,0
2026-05-08 09:25:45,0,0,0,0,0,150.45,54,11572.58,0,0
2026-05-08 10:14:06,0,0,0,1,1,458.61,201,12667.78,0,0
2026-05-08 10:23:06,2,0,0,0,1,23.8,8,5570.98,0,0
2026-05-08 12:45:54,1,0,1,0,0,10.9,132,9670.32,0,0
2026-05-08 13:26:26,5,0,0,0,0,173.46,213,2659.53,0,1
2026-05-08 15:04:07,0,1,0,0,0,51.97,121,20360.18,0,0
2026-05-08 16:21:09,1,0,0,0,0,182.69,69,9682.9,0,0
2026-05-08 18:20:04,1,0,0,0,0,79.3,105,7480.93,0,0
2026-05-08 18:22:12,4,1,1,0,0,21.99,192,36367.47,0,0
2026-05-08 19:24:42,0,0,0,0,0,124.56,241,28748.43,0,0
2026-05-08 19:56:30,1,1,1,1,1,1225.3,58,11795.37,0,1
2026-05-08 20:10:15,3,1,1,1,0,43.36,41,717.78,0,0
2026-05-08 20:13:53,0,0,0,0,0,9.18,250,4923.22,0,0
2026-05-08 20:38:20,3,0,0,0,0,10.79,41,28.08,0,0
2026-05-08 21:23:26,0,0,0,0,0,20.89,230,1392.63,0,0
2026-05-08 22:18:24,2,0,0,0,0,111.76,215,5421.78,0,0
2026-05-08 22:44:46,5,0,0,0,0,130.18,246,1112.52,0,1
2026-05-08 22:59:49,1,0,0,0,0,99.67,116,7761.7,0,0
2026-05-08 23:39:23,0,1,1,1,1,617.08,215,80.98,0,0
2026-05-08 23:55:16,0,0,0,0,0,58.07,187,18772.28,0,0
2026-05-09 00:11:00,4,1,1,0,0,123.64,130,2017.43,0,0
2026-05-09 00:53:57,0,0,0,0,0,107.84,195,5734.6,0,0
2026-05-09 01:53:02,0,0,0,0,0,148.29,11,9500.25,0,0
2026-05-09 01:57:06,1,0,0,0,0,27.59,28,10730.9,0,0
2026-05-09 04:12:35,0,0,0,0,0,0.45,116,312.77,0,0
2026-05-09 06:25:22,0,0,0,0,0,30.98,131,33755.13,0,0
2026-05-09 09:06:29,0,0,0,1,0,42.75,201,1372.38,0,0
2026-05-09 10:44:04,0,1,1,0,0,323.18,224,52495.07,0,0
2026-05-09 10:50:52,1,0,0,0,0,24.56,237,42430.17,0,0
2026-05-09 10:58:36,1,0,0,0,0,175.1,180,17773.35,0,0
2026-05-09 11:01:57,1,0,0,0,0,97.42,238,12083.55,0,0
2026-05-09 12:23:51,3,0,0,1,0,18.34,74,2413.62,0,0
2026-05-09 15:05:11,3,0,0,1,0,51.67,241,1180.48,0,0
2026-05-09 16:51:51,1,0,0,0,0,71.37,140,31975.98,0,0
2026-05-09 17:11:29,0,0,1,0,1,632.74,172,6264.15,0,0
2026-05-09 21:11:14,1,0,0,0,0,25.64,184,3707.97,0,0
2026-05-09 21:16:24,0,0,1,0,0,29.15,148,19849.9,0,0
2026-05-09 23:08:41,1,0,0,0,0,88.0,189,9553.43,0,0
2026-05-09 23:59:12,1,0,0,0,0,116.51,169,5127.27,0,0
2026-05-10 01:08:17,0,0,0,0,0,63.29,140,496.43,0,0
2026-05-10 01:36:27,4,0,1,1,0,284.28,9,10047.45,0,1
2026-05-10 01:49:13,0,0,1,0,0,130.4,25,37963.13,0,0
2026-05-10 02:08:01,1,0,0,1,0,222.34,203,9712.67,0,0
2026-05-10 06:01:03,0,0,0,0,0,64.56,9,264.6,0,0
2026-05-10 08:08:09,4,0,0,0,0,1.5,237,1277.28,0,0
2026-05-10 08:51:38,0,1,1,0,0,89.67,109,2877.48,0,0
2026-05-10 10:42:01,0,0,0,0,0,170.52,141,13790.77,0,0
2026-05-10 11:19:21,0,1,1,0,1,1153.54,141,37.33,0,0
2026-05-10 12:58:24,0,0,0,1,0,83.91,135,17742.9,0,0
2026-05-10 14:57:48,0,0,1,0,0,368.77,140,829.52,0,1
2026-05-10 15:02:27,1,0,0,0,0,45.59,169,903.25,0,0
2026-05-10 17:11:55,0,0,0,0,0,161.88,215,2492.53,0,0
2026-05-10 18:19:56,0,0,1,0,0,70.33,27,9765.88,0,0
2026-05-10 19:01:42,0,0,0,0,0,62.31,220,45995.63,0,0
2026-05-10 19:53:58,3,0,0,0,0,15.73,159,12568.5,0,0
2026-05-10 20:00:53,1,0,0,0,0,137.99,64,20023.25,0,0
2026-05-10 20:07:43,2,0,1,0,0,173.33,56,8249.55,0,0
2026-05-11 00:03:14,1,0,0,0,0,56.37,34,37361.58,0,0
2026-05-11 00:18:00,0,1,1,0,0,144.19,12,12794.95,0,0
2026-05-11 01:52:59,0,0,0,0,0,87.02,68,16777.37,0,0
2026-05-11 02:46:54,0,0,1,0,0,29.78,20,6555.57,0,0
2026-05-11 03:14:27,3,0,0,0,0,257.33,164,5903.38,0,0
2026-05-11 03:30:02,7,0,0,0,0,119.33,195,3036.08,0,0
2026-05-11 03:51:09,0,0,0,0,0,210.65,93,18280.57,0,0
2026-05-11 05:01:57,0,0,0,1,0,33.05,113,4497.47,0,0
2026-05-11 05:45:48,0,0,0,0,1,3721.91,198,28950.52,0,0
2026-05-11 06:15:07,0,0,0,1,0,45.36,69,3713.97,0,0
2026-05-11 06:39:08,1,0,0,0,0,0.96,63,25008.12,0,0
2026-05-11 07:59:44,0,0,0,0,0,7.8,171,25590.65,0,0
2026-05-11 09:07:50,5,0,0,0,0,9.36,99,13745.52,0,0
2026-05-11 09:27:17,0,0,0,0,0,23.21,140,1109.48,0,0
2026-05-11 09:32:34,4,0,0,0,0,20.64,55,8274.0,0,0
2026-05-11 12:06:52,2,1,1,0,0,5.96,102,7546.63,0,0
2026-05-11 12:39:07,2,0,0,0,0,225.75,47,26056.17,0,0
2026-05-11 16:14:52,1,0,0,0,0,176.21,212,20713.23,0,0
2026-05-11 16:42:28,1,0,0,0,0,143.89,217,9939.02,0,0
2026-05-11 18:51:07,1,0,0,0,0,65.23,96,6336.22,0,0
2026-05-11 19:04:34,1,0,1,0,0,55.36,116,3771.98,0,0
2026-05-11 19:11:59,1,0,0,0,0,55.4,121,4567.87,0,0
2026-05-11 19:51:11,7,0,0,0,0,30.35,195,981.15,0,0
2026-05-11 20:20:31,2,0,0,0,0,93.72,110,8279.35,0,0
2026-05-11 21:30:11,2,0,0,0,0,6.09,190,53442.3,0,0
2026-05-11 21:49:12,3,1,1,1,1,1612.86,119,29812.68,0,0
2026-05-11 21:55:29,0,0,0,0,0,72.13,247,34186.05,0,0
2026-05-11 23:59:03,0,0,0,0,0,169.57,63,1039.92,0,1
2026-05-12 00:06:32,0,0,1,0,0,360.24,1,24108.03,0,0
2026-05-12 00:14:07,1,0,0,0,0,209.24,129,10004.92,0,1
2026-05-12 01:27:00,3,0,0,0,0,127.27,66,7381.57,0,0
2026-05-12 02:10:37,0,0,0,0,0,56.7,244,8239.12,0,0
2026-05-12 02:38:30,1,1,1,0,1,362.2,141,2359.15,0,0
2026-05-12 02:45:09,1,0,1,0,1,1639.87,82,10657.2,0,1
2026-05-12 03:36:23,0,0,0,0,0,22.51,106,21809.18,0,0
2026-05-12 05:01:41,1,0,0,0,0,2.05,106,85.3,0,0
2026-05-12 05:04:57,3,0,0,0,0,85.15,237,2696.8,0,0
2026-05-12 07:26:14,0,0,0,0,0,50.11,85,66755.6,0,0
2026-05-12 08:24:01,1,0,0,0,0,208.76,194,12474.73,0,0
2026-05-12 09:45:40,1,0,0,0,0,103.78,216,8517.3,0,0
2026-05-12 10:23:25,0,0,0,0,0,104.2,70,7112.02,0,0
2026-05-12 11:38:07,0,0,0,0,0,155.07,64,2377.23,0,0
2026-05-12 11:40:28,7,0,0,0,0,40.89,195,949.28,0,1
2026-05-12 11:43:09,0,0,1,0,1,4761.28,50,13786.4,0,0
2026-05-12 12:44:03,0,1,1,1,1,375.24,78,13932.48,0,1
2026-05-12 12:50:38,0,0,0,0,0,205.32,31,12818.78,0,0
2026-05-12 14:00:56,1,0,0,0,0,241.73,222,16075.37,0,0
2026-05-12 14:02:30,1,0,1,0,0,3.98,137,24320.68,0,0
2026-05-12 14:02:34,1,0,0,0,0,99.92,65,10123.3,0,0
2026-05-12 14:19:20,0,0,0,0,0,138.4,102,1572.47,0,0
2026-05-12 14:21:15,4,1,1,0,0,307.54,183,14306.27,0,0
2026-05-12 14:33:30,0,0,1,0,0,28.95,239,9702.2,0,0
2026-05-12 15:40:57,0,0,0,0,0,82.52,29,6212.47,0,0
2026-05-12 16:29:47,0,0,0,0,0,148.33,217,1427.32,0,0
2026-05-12 17:10:28,0,0,0,0,0,16.06,39,14222.97,0,0
2026-05-12 17:39:17,3,0,0,0,0,191.72,212,1524.42,0,1
2026-05-12 18:58:39,4,1,1,0,0,51.69,140,2011.37,0,1
2026-05-12 20:28:03,0,0,1,1,1,1531.44,34,2664.82,0,0
2026-05-12 20:32:46,3,1,0,0,0,4.29,150,17407.47,0,0
2026-05-12 20:59:02,2,0,0,0,0,25.22,236,9184.83,0,0
2026-05-12 22:12:46,5,0,0,0,0,65.04,188,17958.52,0,0
2026-05-12 22:59:07,0,0,0,0,0,34.14,206,53193.83,0,0
2026-05-13 01:16:39,1,0,0,0,0,316.64,58,6080.15,0,0
2026-05-13 02:50:02,0,1,1,1,0,158.44,220,3348.33,0,0
2026-05-13 02:56:16,3,0,0,0,0,200.16,63,1617.22,0,0
2026-05-13 03:19:17,0,0,0,0,0,62.8,187,5964.02,0,0
2026-05-13 03:59:23,1,0,0,0,0,64.18,71,12985.9,0,0
2026-05-13 04:47:37,0,0,0,0,0,163.57,126,25719.0,0,0
2026-05-13 06:09:38,0,1,0,1,0,49.03,6,15252.48,0,1
2026-05-13 08:03:07,1,0,0,0,0,65.56,36,14769.32,0,0
2026-05-13 08:15:23,3,0,0,0,0,75.2,32,50766.85,0,0
2026-05-13 09:00:01,1,0,0,0,0,93.43,237,1675.07,0,0
2026-05-13 09:20:59,3,0,0,0,0,104.97,59,23898.32,0,0
2026-05-13 10:09:34,0,0,0,1,0,114.18,247,2174.08,0,0
2026-05-13 14:06:31,1,0,0,0,0,58.7,218,70261.28,0,0
2026-05-13 14:38:21,0,0,0,0,0,34.98,182,22337.13,0,0
2026-05-13 15:21:23,0,0,0,0,0,252.77,70,1737.97,0,0
2026-05-13 16:05:34,1,0,0,0,0,175.29,34,1177.52,0,0
2026-05-13 16:16:43,1,0,1,0,0,0.34,171,3376.98,0,0
2026-05-13 16:41:11,1,0,1,1,1,1079.0,176,14780.8,0,1
2026-05-13 17:59:45,2,0,0,0,0,32.1,50,1816.6,0,0
2026-05-13 18:36:01,1,0,0,0,0,102.93,157,18343.57,0,0
2026-05-13 18:59:30,0,0,0,1,0,69.84,6,769.87,0,0
2026-05-13 19:05:11,0,0,0,0,0,2.14,65,1742.62,0,0
2026-05-13 19:53:49,1,0,0,0,0,130.11,136,7955.87,0,0
2026-05-13 20:06:37,0,0,1,0,1,483.18,121,2934.63,0,0
2026-05-13 21:53:38,0,0,1,1,0,30.14,72,8172.1,0,0
2026-05-13 22:08:28,0,0,0,0,0,3.24,154,23948.55,0,0
2026-05-14 02:49:22,1,0,0,0,0,176.22,150,1816.6,0,0
2026-05-14 03:56:58,0,0,0,1,0,86.47,109,5465.33,0,0
2026-05-14 04:11:45,2,0,0,0,0,66.33,16,11811.13,0,0
2026-05-14 04:45:20,1,0,1,0,0,112.64,202,16883.67,0,0
2026-05-14 06:43:41,0,0,1,0,0,42.37,145,9077.67,0,0
2026-05-14 08:18:42,2,0,1,1,1,1264.12,237,1398.68,0,1
2026-05-14 09:10:17,1,0,0,0,0,28.67,72,676.65,0,1
2026-05-14 10:05:01,1,0,0,0,0,6.5,114,10894.97,0,0
2026-05-14 10:41:17,1,0,0,0,0,82.4,84,9697.08,0,0
2026-05-14 12:35:23,0,0,0,0,0,25.0,241,7050.2,0,0
2026-05-14 13:37:17,1,0,0,0,0,138.65,193,8960.7,0,0
2026-05-14 15:14:41,0,0,1,1,0,60.12,181,16787.48,0,0
2026-05-14 15:58:38,5,0,0,0,0,28.82,108,54425.95,0,0
2026-05-14 16:43:29,3,0,0,0,0,93.74,60,18737.68,0,0
2026-05-14 16:58:11,1,0,0,0,0,12.4,31,3127.55,0,0
2026-05-14 18:06:07,0,0,0,0,0,143.31,126,2238.5,0,0
2026-05-14 18:36:10,0,0,0,0,0,60.18,150,946.8,0,0
2026-05-15 00:03:15,0,0,0,0,0,167.48,107,19803.27,0,1
2026-05-15 00:25:49,0,0,1,0,0,14.86,25,7116.6,0,0
2026-05-15 02:20:53,0,0,1,0,0,48.21,243,29464.9,0,0
2026-05-15 03:10:58,1,0,0,0,0,19.85,76,23679.42,0,1
2026-05-15 03:23:36,0,0,0,0,0,6.31,157,1967.58,0,0
2026-05-15 03:40:17,6,0,0,0,0,310.88,66,4453.28,0,0
2026-05-15 04:01:51,0,0,0,0,0,129.7,14,10307.87,0,0
2026-05-15 04:30:36,5,0,0,0,0,39.39,50,2070.85,0,0
2026-05-15 04:36:47,4,0,1,0,0,28.26,88,13537.23,0,0
2026-05-15 06:05:20,1,0,1,0,0,22.86,25,339.52,0,0
2026-05-15 06:35:21,2,0,1,0,0,4.4,111,16494.07,0,0
2026-05-15 07:57:23,0,0,1,0,0,10.83,24,38241.25,0,0
2026-05-15 08:44:36,1,0,1,0,0,10.86,140,3705.95,0,0
2026-05-15 09:31:01,0,0,0,0,0,109.74,3,71660.97,0,0
2026-05-15 10:24:26,0,0,0,0,0,90.31,79,21878.93,0,0
2026-05-15 10:42:32,1,0,0,1,0,83.98,45,14340.6,0,0
2026-05-15 10:46:50,0,0,1,0,1,1989.0,74,8542.98,0,0
2026-05-15 11:23:47,1,0,1,0,0,28.92,138,29827.8,0,0
2026-05-15 11:30:39,0,0,0,1,0,41.93,40,11318.62,0,1
2026-05-15 12:57:46,0,0,0,0,0,13.55,42,34431.83,0,0
2026-05-15 14:49:42,0,0,1,0,0,88.6,27,6989.77,0,0
2026-05-15 15:23:52,0,0,0,0,0,270.17,190,5393.68,0,0
2026-05-15 15:32:55,0,0,0,0,0,198.88,6,2673.42,0,0
2026-05-15 15:45:13,0,0,0,0,0,80.97,166,62147.27,0,0
2026-05-15 15:48:14,0,0,0,0,0,103.45,158,18518.22,0,0
2026-05-15 16:26:52,3,0,0,0,0,486.77,137,4464.37,0,0
2026-05-15 16:48:07,0,0,0,0,0,72.85,232,11327.17,0,0
2026-05-15 17:15:36,1,0,1,0,1,3067.13,33,11739.78,0,0
2026-05-15 18:13:28,0,0,0,0,0,69.45,151,22509.17,0,0
2026-05-15 21:18:24,3,0,0,0,0,4.91,246,9993.63,0,0
2026-05-15 22:56:05,0,0,1,0,0,272.82,21,13931.32,0,0
2026-05-15 22:56:41,0,1,0,0,0,11.86,115,21205.15,0,0
2026-05-16 00:33:47,1,0,0,0,0,121.8,65,3208.6,0,0
2026-05-16 00:49:28,0,0,0,0,0,27.18,232,481.35,0,0
2026-05-16 01:04:37,1,0,0,1,0,231.3,111,1109.27,0,0
2026-05-16 01:35:29,0,0,1,1,0,22.38,76,1344.52,0,0
2026-05-16 02:03:36,7,0,0,0,0,15.09,163,12848.3,0,0
2026-05-16 02:03:59,0,0,0,0,0,57.75,174,19881.62,0,0
2026-05-16 05:28:25,0,1,0,0,0,68.65,151,674.95,0,0
2026-05-16 05:33:02,2,0,0,0,0,170.89,118,25397.85,0,0
2026-05-16 05:41:35,0,1,1,0,0,143.72,98,18586.25,0,0
2026-05-16 06:02:42,3,0,0,0,0,39.79,98,21.12,0,0
2026-05-16 06:10:14,0,0,0,0,0,48.61,219,11924.85,0,0
2026-05-16 06:56:02,2,0,0,0,0,85.96,96,6484.92,0,1
2026-05-16 11:53:58,0,0,0,0,0,80.2,179,37232.02,0,0
2026-05-16 12:11:08,3,0,0,0,0,198.08,147,41018.37,0,0
2026-05-16 15:01:10,2,1,1,0,0,63.96,210,52292.77,0,0
2026-05-16 15:41:17,0,0,0,0,0,223.97,200,20446.85,0,0
2026-05-16 15:44:17,0,0,0,0,0,22.95,113,7842.33,0,0
2026-05-16 16:03:06,0,0,1,0,0,202.21,227,42365.18,0,0
2026-05-16 16:39:47,6,0,0,1,0,36.28,176,4318.6,0,1
2026-05-16 17:18:18,0,0,0,1,0,155.71,113,94.02,0,0
2026-05-16 18:06:00,0,0,0,0,0,83.33,100,18877.07,0,0
2026-05-16 18:31:51,0,0,0,0,0,208.39,113,73.55,0,0
2026-05-16 19:28:31,0,0,0,0,0,26.3,177,53795.57,0,0
2026-05-16 20:25:32,1,0,1,0,0,120.9,156,12511.07,0,0
2026-05-16 23:32:48,5,0,0,0,0,189.02,228,13635.72,0,0
2026-05-17 01:47:58,1,0,1,0,0,149.92,102,6448.63,0,0
2026-05-17 03:18:22,3,0,0,0,0,83.47,54,12592.62,0,0
2026-05-17 04:11:58,1,0,0,1,0,112.52,236,6192.93,0,0
2026-05-17 04:16:28,0,1,1,1,0,21.88,244,7325.85,0,0
2026-05-17 05:09:23,0,1,1,0,0,24.39,231,13285.32,0,0
2026-05-17 06:11:16,1,0,0,0,0,31.1,40,2560.62,0,0
2026-05-17 06:12:57,5,1,1,0,0,176.03,178,51999.1,0,0
2026-05-17 08:05:34,3,0,0,0,0,18.32,249,13197.13,0,0
2026-05-17 08:13:46,0,0,0,0,0,35.51,5,29395.52,0,0
2026-05-17 11:24:30,0,0,0,0,0,253.12,38,56107.48,0,0
2026-05-17 13:39:24,0,1,1,0,0,140.75,177,1090.88,0,0
2026-05-17 14:07:23,4,0,0,0,0,132.1,205,14633.43,0,0
2026-05-17 14:27:09,3,0,0,0,0,60.72,79,3122.72,0,0
2026-05-17 16:02:36,2,0,1,1,0,121.19,196,30332.45,0,0
2026-05-17 16:10:06,0,0,0,0,0,83.41,55,9037.53,0,0
2026-05-17 17:06:24,1,0,0,0,0,7.41,230,12702.97,0,1
2026-05-17 17:16:42,0,0,0,0,0,85.93,159,9922.73,0,0
2026-05-17 17:22:16,0,0,1,0,0,60.19,158,2974.03,0,0
2026-05-17 17:27:26,1,0,1,0,0,12.1,66,3707.15,0,0
2026-05-17 19:29:29,0,0,0,0,0,42.2,71,6690.1,0,0
2026-05-17 20:00:11,0,0,0,0,0,225.19,126,4434.07,0,0
2026-05-17 20:03:05,4,0,0,0,0,162.81,57,30523.37,0,0
2026-05-17 23:15:06,2,0,0,0,1,3678.43,73,24155.47,0,0
2026-05-18 01:43:01,0,0,0,0,0,126.26,29,7802.07,0,0
2026-05-18 02:19:05,1,0,0,0,0,100.12,30,25977.57,0,0
2026-05-18 03:51:40,0,0,0,0,0,14.99,211,21458.1,0,0
2026-05-18 05:34:50,2,0,0,1,0,11.34,22,19619.1,0,0
2026-05-18 05:53:29,2,1,1,0,0,28.34,241,5358.1,0,0
2026-05-18 06:10:39,2,0,0,0,0,37.72,164,10256.2,0,0
2026-05-18 08:33:28,2,0,0,1,0,93.4,181,5358.78,0,0
2026-05-18 09:59:12,0,0,0,0,0,209.81,185,31813.63,0,0
2026-05-18 10:00:47,0,0,0,0,0,221.39,131,13175.42,0,0
2026-05-18 10:48:52,0,0,0,0,0,114.68,57,885.78,0,0
2026-05-18 11:18:10,0,0,0,0,0,85.31,30,539.08,0,0
2026-05-18 11:34:34,2,0,0,0,0,28.02,101,16026.63,0,0
2026-05-18 12:11:47,0,1,1,0,1,4169.59,16,6240.03,0,0
2026-05-18 12:54:47,0,0,1,0,0,111.2,243,4953.9,0,0
2026-05-18 13:28:44,0,0,1,1,0,76.24,194,8944.72,0,0
2026-05-18 14:39:35,6,0,0,0,0,10.98,233,56427.88,0,0
2026-05-18 14:44:36,0,0,0,0,0,174.8,203,12276.58,0,0
2026-05-18 15:37:26,1,0,1,1,0,42.92,47,10258.32,0,0
2026-05-18 16:06:20,0,0,0,0,0,230.85,92,17524.57,0,0
2026-05-18 17:10:51,0,0,1,1,0,18.44,157,5147.25,0,0
2026-05-18 17:22:52,0,0,0,1,0,4.98,155,23327.1,0,0
2026-05-18 19:20:55,2,0,0,0,0,57.04,173,28988.47,0,0
2026-05-18 20:20:49,1,0,0,0,0,8.15,70,7499.43,0,0
2026-05-18 21:42:50,3,0,0,1,1,95.69,102,2634.87,0,0
2026-05-18 22:17:22,0,0,1,1,0,125.08,191,20721.13,0,0
2026-05-18 22:42:09,0,0,0,0,0,29.76,18,18082.43,0,0
2026-05-19 00:17:35,5,0,0,0,0,101.85,40,2526.32,0,0
2026-05-19 04:20:35,0,0,0,0,0,84.59,69,11405.47,0,0
2026-05-19 05:56:19,1,1,0,0,0,15.17,138,5432.53,0,0
2026-05-19 06:39:07,2,0,0,0,0,48.74,86,16266.17,0,0
2026-05-19 07:24:30,0,0,1,0,0,6.83,233,1004.92,0,0
2026-05-19 07:36:11,2,0,0,0,0,54.76,24,5738.8,0,0
2026-05-19 07:40:31,0,0,0,1,0,20.13,57,1251.65,0,0
2026-05-19 07:52:32,0,0,0,0,0,10.13,7,34612.32,0,0
2026-05-19 08:05:14,0,0,0,0,0,38.12,225,22564.75,0,0
2026-05-19 08:16:08,3,0,0,0,0,0.34,140,5731.53,0,0
2026-05-19 08:16:23,0,1,0,0,0,141.79,209,18270.38,0,1
2026-05-19 08:17:50,2,0,0,0,0,17.22,100,3731.83,0,0
2026-05-19 10:00:07,5,0,0,0,0,98.31,60,6796.63,0,0
2026-05-19 10:30:09,1,0,0,0,0,178.73,98,4587.45,0,0
2026-05-19 10:44:26,1,0,1,0,1,3737.68,185,1485.23,0,0
2026-05-19 10:47:53,0,0,0,0,0,81.55,148,13771.48,0,0
2026-05-19 11:16:16,0,0,1,0,1,2328.76,181,1602.8,0,0
2026-05-19 12:24:37,0,0,0,0,0,60.66,50,6234.02,0,0
2026-05-19 13:15:42,1,0,1,0,0,67.37,15,32653.0,0,0
2026-05-19 16:59:58,7,0,0,0,0,79.14,201,14873.48,0,0
2026-05-19 18:53:43,5,0,0,0,0,110.91,144,22901.4,0,0
2026-05-19 18:54:52,3,0,0,0,0,110.84,72,7784.58,0,0
2026-05-19 20:59:28,4,0,0,1,0,153.89,190,6095.6,0,0
2026-05-19 21:10:01,0,0,0,0,0,95.96,215,13198.1,0,0
2026-05-19 21:12:42,1,0,0,0,0,214.25,236,3900.73,0,0
2026-05-19 21:24:14,4,1,1,0,0,123.52,135,13465.83,0,0
2026-05-19 21:42:32,0,0,0,0,0,264.44,64,10684.42,0,0
2026-05-19 23:03:25,6,0,0,0,0,138.8,220,9853.38,0,1
2026-05-19 23:07:48,0,1,1,0,0,134.21,95,25609.67,0,0
2026-05-19 23:32:36,1,0,0,0,0,196.9,104,28888.92,0,0
2026-05-20 00:44:06,2,1,1,1,0,106.66,63,9947.83,0,0
2026-05-20 01:47:35,5,0,0,0,0,19.79,202,8462.25,0,0
2026-05-20 02:40:31,0,0,0,1,0,8.66,143,17829.77,0,0
2026-05-20 04:19:30,2,0,0,0,0,37.95,186,23298.15,0,0
2026-05-20 05:44:12,1,0,0,0,0,168.41,7,1311.67,0,0
2026-05-20 06:01:41,0,0,0,0,0,2.19,234,42494.63,0,0
2026-05-20 06:13:22,2,0,0,0,0,16.26,183,11032.12,0,0
2026-05-20 06:37:31,1,0,1,0,0,11.22,214,18623.73,0,0
2026-05-20 07:46:14,1,0,0,0,0,3.79,249,4300.67,0,0
2026-05-20 08:26:09,0,0,1,1,0,166.22,244,4569.68,0,0
2026-05-20 09:29:48,0,1,1,0,0,32.79,53,27610.55,0,0
2026-05-20 10:45:39,1,0,0,0,0,130.54,150,8169.48,0,0
2026-05-20 12:56:39,0,1,1,0,1,229.57,103,20027.98,0,0
2026-05-20 13:11:56,0,0,0,0,0,52.58,85,11865.7,0,0
2026-05-20 14:59:10,6,0,0,0,0,12.38,149,59285.77,0,0
2026-05-20 15:39:29,1,0,0,0,0,0.25,90,45248.48,0,0
2026-05-20 16:54:55,2,0,1,1,0,94.97,106,12233.23,0,0
2026-05-20 20:45:35,0,0,0,0,0,65.58,126,4365.4,0,0
2026-05-20 22:02:45,0,0,0,0,0,53.89,246,7244.35,0,0
2026-05-21 02:11:36,0,0,0,0,0,8.19,74,8124.77,0,0
2026-05-21 02:44:38,0,0,0,0,0,88.72,89,23780.58,0,0
2026-05-21 07:29:08,1,1,0,1,1,2271.2,198,14503.33,0,0
2026-05-21 07:30:53,1,0,0,0,0,6.96,15,2535.18,0,0
2026-05-21 07:47:32,0,0,0,0,0,53.35,190,2088.07,0,0
2026-05-21 07:47:35,0,0,0,0,0,37.33,152,24791.8,0,0
2026-05-21 08:27:47,0,0,0,0,0,222.45,52,40192.93,0,0
2026-05-21 09:21:52,0,1,0,1,0,30.47,80,19835.37,0,0
2026-05-21 10:11:33,0,0,1,0,0,288.74,247,11521.98,0,0
2026-05-21 10:48:56,5,0,0,0,0,176.26,229,20838.97,0,0
2026-05-21 11:46:31,1,0,1,0,0,10.55,196,5503.92,0,0
2026-05-21 13:54:22,1,0,1,1,1,982.73,18,3792.22,0,0
2026-05-21 14:48:41,0,0,0,0,0,104.7,105,18508.62,0,0
2026-05-21 14:54:58,4,0,0,1,0,89.91,37,23146.83,0,0
2026-05-21 16:11:37,1,0,0,0,0,113.7,75,31402.35,0,0
2026-05-21 16:24:52,2,0,0,0,0,55.57,205,5897.48,0,1
2026-05-21 16:37:43,0,0,0,0,0,235.12,6,8704.8,0,0
2026-05-21 17:47:48,6,0,0,0,0,31.52,33,8672.2,0,0
2026-05-21 19:00:11,3,0,0,0,0,9.88,36,12177.07,0,0
2026-05-21 19:41:19,3,0,0,0,0,381.55,149,1722.15,0,0
2026-05-21 22:27:52,0,0,0,0,0,105.54,239,13434.37,0,0
2026-05-22 00:38:26,0,0,0,1,1,1614.68,95,2970.63,0,1
2026-05-22 00:40:42,0,0,0,1,0,170.12,180,18102.1,0,0
2026-05-22 00:42:03,0,0,0,0,0,54.72,146,21949.58,0,0
2026-05-22 02:16:58,3,1,1,0,0,48.81,145,11253.28,0,0
2026-05-22 02:23:57,0,0,0,0,0,297.88,137,9237.08,0,0
2026-05-22 03:18:49,0,0,1,0,0,48.9,79,6531.67,0,0
2026-05-22 03:33:46,0,0,0,0,1,122.59,29,5870.75,0,0
2026-05-22 05:24:01,0,0,1,0,0,36.79,132,19718.12,0,0
2026-05-22 06:12:14,0,0,0,0,0,206.78,216,14186.57,0,0
2026-05-22 06:56:54,2,0,0,0,0,9.98,203,5292.3,0,0
2026-05-22 06:59:39,1,0,1,0,0,126.13,216,47.42,0,0
2026-05-22 07:43:43,0,0,1,0,0,30.98,108,11025.08,0,0
2026-05-22 08:44:26,0,0,0,0,0,136.95,140,4348.3,0,0
2026-05-22 09:34:07,0,0,0,0,0,72.27,190,1546.58,0,0
2026-05-22 10:09:43,0,1,1,0,1,1518.28,159,6773.02,0,0
2026-05-22 10:10:23,1,1,1,1,1,417.98,196,1343.87,0,0
2026-05-22 12:04:15,2,1,0,0,0,18.41,104,3631.65,0,0
2026-05-22 14:11:34,2,0,0,0,0,6.54,44,38705.87,0,0
2026-05-22 14:35:08,2,0,0,0,0,174.63,20,16548.23,0,0
2026-05-22 14:35:50,0,0,1,0,0,123.95,6,1318.12,0,0
2026-05-22 15:15:01,5,0,1,1,0,34.72,45,10352.48,0,0
2026-05-22 16:00:32,3,0,0,0,0,181.35,197,33984.8,0,0
2026-05-22 16:50:26,4,0,0,0,0,179.39,59,13409.45,0,0
2026-05-22 18:19:12,0,1,1,0,0,14.82,142,33100.37,0,0
2026-05-22 19:25:49,5,0,0,1,0,125.07,207,25862.57,0,1
2026-05-22 19:44:24,3,0,0,0,0,34.57,81,33826.02,0,0
2026-05-22 19:44:28,3,0,1,1,1,944.38,79,985.65,0,0
2026-05-22 21:17:14,0,1,1,0,1,843.56,25,10991.9,0,0
2026-05-22 22:00:06,2,0,0,0,0,91.68,107,11396.85,0,0
2026-05-22 22:11:39,5,0,0,0,0,42.64,118,9638.62,0,0
2026-05-22 23:44:43,1,0,0,1,0,7.61,142,325.52,0,0
2026-05-23 00:38:34,1,0,1,0,0,111.67,92,6272.23,0,1
2026-05-23 01:52:00,5,0,1,0,0,323.33,186,4172.5,0,0
2026-05-23 02:19:45,0,0,0,0,1,1653.33,159,970.03,0,0
2026-05-23 04:38:20,1,0,0,0,0,77.57,109,13001.37,0,0
2026-05-23 05:55:37,0,0,0,0,1,268.01,155,6512.75,0,0
2026-05-23 07:02:01,5,0,0,0,0,98.13,41,20783.68,0,0
2026-05-23 08:34:55,0,0,0,0,0,94.44,180,1914.22,0,0
2026-05-23 08:35:55,1,1,1,0,0,96.43,180,1.0,0,0
2026-05-23 09:52:58,1,1,1,0,0,222.85,36,2332.78,0,0
2026-05-23 10:00:55,2,0,0,0,0,125.99,208,25885.32,0,0
2026-05-23 11:27:39,1,1,0,0,0,152.97,178,8954.7,0,1
2026-05-23 12:13:49,4,0,0,0,0,37.59,99,17465.98,0,0
2026-05-23 12:54:58,5,0,0,0,0,31.52,205,2670.1,0,0
2026-05-23 14:16:34,0,0,0,1,0,23.17,149,2555.25,0,0
2026-05-23 14:20:22,0,0,0,1,0,150.68,175,24884.22,0,0
2026-05-23 17:32:22,0,0,0,0,0,119.93,20,1617.23,0,0
2026-05-23 19:46:30,0,0,0,0,0,41.87,241,8033.02,0,0
2026-05-23 20:54:56,1,0,0,0,0,15.21,72,5880.07,0,0
2026-05-23 22:37:23,4,0,1,0,0,187.51,116,17492.82,0,0
2026-05-23 22:58:59,3,0,0,0,0,48.5,212,16159.7,0,0
2026-05-23 23:38:20,0,0,0,0,0,21.04,160,28799.87,0,0
2026-05-24 00:05:22,0,0,1,1,0,15.6,119,17416.17,0,1
2026-05-24 00:27:10,1,1,1,0,0,252.17,134,45528.75,0,0
2026-05-24 03:01:45,1,0,0,0,0,13.94,78,16697.7,0,0
2026-05-24 03:26:14,0,1,0,0,0,44.58,162,26569.85,0,0
2026-05-24 04:47:08,4,0,1,0,1,1500.29,164,8556.48,0,1
2026-05-24 05:28:08,4,0,0,0,0,52.44,204,27691.38,0,0
2026-05-24 05:53:21,0,0,0,0,0,64.91,34,15227.78,0,0
2026-05-24 06:23:46,4,0,0,1,0,162.26,16,8291.98,0,0
2026-05-24 07:31:58,0,0,0,1,1,10762.43,172,21020.48,0,1
2026-05-24 07:43:48,2,0,0,0,0,62.96,35,26682.75,0,0
2026-05-24 08:03:37,0,0,1,0,1,714.22,187,16124.33,0,0
2026-05-24 09:40:20,0,0,0,0,0,52.22,235,23387.98,0,0
2026-05-24 10:14:52,4,0,1,0,0,46.06,58,16378.22,0,0
2026-05-24 10:43:22,0,0,0,0,0,64.2,246,5080.62,0,0
2026-05-24 11:03:17,2,0,0,0,0,40.51,205,1328.32,0,0
2026-05-24 11:07:10,0,0,0,0,0,62.1,27,12737.47,0,0
2026-05-24 14:22:53,0,0,0,0,0,290.88,169,20120.43,0,0
2026-05-24 16:00:35,0,0,1,1,1,505.76,30,8922.42,0,0
2026-05-24 16:19:13,0,1,1,0,0,105.52,161,40410.07,0,0
2026-05-24 16:25:25,1,1,1,0,0,66.73,228,11092.62,0,0
2026-05-24 16:36:38,0,0,0,0,0,131.82,96,12100.6,0,0
2026-05-24 17:17:00,1,0,0,1,0,63.92,206,16937.88,0,0
2026-05-24 18:18:44,1,0,0,0,0,17.5,48,36376.67,0,0
2026-05-24 19:35:14,2,0,0,0,0,205.9,104,3330.98,0,0
2026-05-24 20:41:07,0,1,1,1,0,112.63,45,3206.1,0,0
2026-05-24 21:06:56,4,1,1,1,0,74.63,84,15025.65,0,0
2026-05-24 21:09:55,0,0,1,1,0,177.84,54,11151.55,0,0
2026-05-24 21:39:56,0,0,0,0,0,373.75,219,12449.7,0,0
2026-05-24 21:40:38,0,1,0,0,0,52.66,97,39305.62,0,0
2026-05-24 23:41:37,0,0,1,1,0,43.55,160,1443.28,0,0
2026-05-25 01:58:47,0,0,0,0,0,140.08,234,6957.1,0,0
2026-05-25 03:13:38,1,0,0,0,0,60.62,221,100592.55,0,0
2026-05-25 04:18:00,0,0,0,0,0,8.97,36,2545.03,0,0
2026-05-25 04:45:09,0,0,0,0,0,43.76,135,7640.92,0,0
2026-05-25 04:46:59,2,0,0,0,0,165.36,214,7089.47,0,0
2026-05-25 05:10:55,0,0,0,0,0,122.65,25,3353.68,0,0
2026-05-25 05:20:58,0,0,1,1,0,198.66,139,42517.62,0,0
2026-05-25 05:42:30,0,0,0,0,0,15.86,3,14171.48,0,0
2026-05-25 06:42:39,2,0,0,0,0,27.96,197,3762.12,0,0
2026-05-25 07:06:32,0,0,0,0,0,24.17,183,7253.17,0,0
2026-05-25 07:10:21,0,0,0,0,0,355.2,172,1418.38,0,0
2026-05-25 10:39:41,1,1,1,0,1,277.55,235,1499.35,0,0
2026-05-25 11:06:14,1,0,0,0,0,91.11,225,8821.0,0,0
2026-05-25 12:03:20,1,0,0,0,0,100.22,44,4191.77,0,0
2026-05-25 12:12:39,3,1,0,1,1,1447.01,73,10857.55,0,0
2026-05-25 13:49:16,0,0,0,0,0,117.66,176,12789.48,0,0
2026-05-25 14:16:47,0,0,0,0,0,66.15,75,5645.17,0,0
2026-05-25 14:35:27,0,0,0,0,0,8.74,121,16948.83,0,0
2026-05-25 16:35:40,0,0,0,0,0,120.81,3,653.17,0,0
2026-05-25 17:07:27,0,0,0,0,0,33.0,72,2652.52,0,0
2026-05-25 17:19:13,0,0,0,0,0,7.89,242,27330.1,0,0
2026-05-25 17:23:53,1,1,1,1,0,18.61,100,9186.05,0,0
2026-05-25 20:04:47,1,0,0,0,0,33.86,55,11754.68,0,0
2026-05-25 22:50:55,0,0,1,0,0,56.64,73,638.27,0,0
2026-05-25 23:21:23,2,0,1,0,0,197.56,100,357.5,0,0
2026-05-26 00:32:51,0,0,0,0,0,76.9,225,806.62,0,0
2026-05-26 02:44:55,0,1,1,0,0,63.86,215,8974.9,0,1
2026-05-26 03:39:35,1,0,0,0,0,21.23,195,19679.12,0,1
2026-05-26 04:55:45,0,0,1,1,0,320.06,43,27536.07,0,0
2026-05-26 05:08:21,0,0,0,0,0,239.16,128,32858.32,0,0
2026-05-26 06:15:08,0,0,0,0,0,169.32,186,4583.13,0,0
2026-05-26 07:11:03,5,1,1,0,0,39.03,185,9866.62,0,0
2026-05-26 07:27:21,2,0,1,1,1,1237.03,106,8072.43,0,0
2026-05-26 09:58:46,0,0,1,0,0,49.24,249,8772.53,0,0
2026-05-26 10:17:14,3,0,0,0,0,51.57,242,1018.02,0,0
2026-05-26 11:23:41,2,0,0,0,0,7.49,16,3179.92,0,0
2026-05-26 12:43:52,1,0,1,1,0,15.09,60,10243.75,0,0
2026-05-26 14:27:11,3,0,0,0,0,324.85,55,1102.4,0,0
2026-05-26 14:50:22,0,0,1,0,0,94.18,174,15166.38,0,0
2026-05-26 15:00:06,0,0,0,1,1,9.49,72,1312.65,0,0
2026-05-26 15:17:18,1,0,0,0,0,165.65,43,621.55,0,1
2026-05-26 15:17:51,1,1,1,0,0,9.11,1,21071.32,0,0
2026-05-26 16:01:47,1,0,0,0,0,123.15,63,9557.68,0,0
2026-05-26 16:15:38,1,0,0,1,0,96.98,245,35910.15,0,0
2026-05-26 20:00:30,5,1,0,0,0,6.5,125,29146.77,0,0
2026-05-26 20:44:54,4,0,0,0,0,75.7,43,327.6,0,0
2026-05-26 21:21:11,3,0,0,0,0,4.86,88,16844.4,0,0
2026-05-26 23:36:15,3,0,0,0,0,6.66,221,2662.62,0,0
2026-05-26 23:53:17,5,0,0,0,0,5.25,141,21434.78,0,0
2026-05-27 00:10:13,0,0,0,0,0,29.5,237,18231.52,0,0
2026-05-27 00:53:39,0,0,0,0,0,161.83,186,1118.52,0,0
2026-05-27 01:20:33,0,0,0,0,0,45.01,194,12231.82,0,0
2026-05-27 02:24:21,3,1,1,1,0,102.04,161,3485.13,0,0
2026-05-27 05:10:10,1,0,1,0,0,13.34,78,4448.42,0,0
2026-05-27 08:59:51,2,0,0,0,0,270.1,202,10512.27,0,0
2026-05-27 09:30:37,0,0,1,1,1,1052.5,4,37639.22,0,0
2026-05-27 09:38:35,0,0,0,0,0,2.49,239,7870.72,0,0
2026-05-27 10:13:55,2,0,0,0,0,77.09,208,5773.0,0,0
2026-05-27 10:23:52,0,0,0,0,0,20.4,161,479.52,0,0
2026-05-27 13:08:13,0,0,0,0,0,21.79,111,16563.6,0,0
2026-05-27 13:42:03,0,0,0,0,0,91.72,141,828.77,0,0
2026-05-27 15:33:00,0,0,0,0,0,25.67,133,33725.65,0,0
2026-05-27 18:02:18,2,0,0,0,0,24.08,8,27819.2,0,0
2026-05-27 18:42:10,0,0,1,1,0,77.86,171,20305.45,0,0
2026-05-27 22:51:28,1,0,1,0,0,26.85,192,27629.27,0,0
2026-05-27 23:02:48,0,1,0,0,0,11.71,111,594.58,0,0
2026-05-28 01:43:55,3,0,0,0,0,52.47,72,2083.82,0,0
2026-05-28 02:15:03,0,1,1,0,0,5.34,95,8736.62,0,0
2026-05-28 03:30:56,1,1,0,0,0,235.73,249,2492.17,0,0
2026-05-28 04:07:09,2,1,0,0,0,60.06,85,10975.22,0,0
2026-05-28 04:16:00,0,0,0,0,1,19.77,248,31725.03,0,0
2026-05-28 04:47:42,4,1,1,0,0,25.44,74,10236.1,0,1
2026-05-28 05:07:22,1,0,0,0,0,316.58,21,17651.28,0,0
2026-05-28 05:54:54,0,0,1,0,1,1028.93,55,2367.72,0,0
2026-05-28 06:00:56,0,0,0,0,0,44.46,237,1790.72,0,0
2026-05-28 07:45:00,5,1,1,0,0,37.85,203,8688.1,0,1
2026-05-28 09:30:29,2,0,1,1,0,53.95,63,2488.7,0,0
2026-05-28 09:34:32,0,0,1,0,0,23.8,88,2173.35,0,0
2026-05-28 11:48:13,0,0,1,0,0,138.28,61,32253.2,0,0
2026-05-28 14:51:41,3,0,1,0,0,70.99,92,8053.12,0,0
2026-05-28 15:35:35,1,0,0,0,0,139.2,31,20077.4,0,0
2026-05-28 16:46:26,2,0,1,0,0,29.35,76,18190.95,0,0
2026-05-28 17:04:24,0,0,0,0,0,0.15,45,5543.28,0,0
2026-05-28 17:12:30,2,1,1,1,1,5082.23,152,10644.92,0,0
2026-05-28 18:22:56,0,0,0,0,0,71.76,63,532.45,0,0
2026-05-28 20:30:15,0,1,1,0,1,124.65,173,14469.33,0,0
2026-05-28 21:04:55,1,0,0,0,0,10.95,28,28507.82,0,0
2026-05-28 21:51:34,6,0,0,0,0,57.04,82,24186.42,0,0
2026-05-28 22:19:09,0,0,0,0,0,118.83,33,10351.35,0,0
2026-05-28 23:09:32,0,0,1,0,0,50.52,15,11018.65,0,0
2026-05-28 23:52:53,1,0,0,0,0,171.56,156,17487.35,0,0
2026-05-29 01:01:42,1,0,0,0,0,39.91,187,6778.08,0,0
2026-05-29 02:34:39,3,0,0,0,0,4.67,28,329.73,0,1
2026-05-29 02:42:12,2,0,0,0,0,0.83,40,14544.62,0,0
2026-05-29 03:35:27,0,0,0,0,0,196.22,233,14170.95,0,0
2026-05-29 05:30:49,7,0,0,0,0,416.45,76,764.38,0,0
2026-05-29 05:45:31,2,0,0,0,0,14.25,87,37743.77,0,0
2026-05-29 06:43:36,3,0,1,0,0,6.4,158,16641.33,0,0
2026-05-29 08:38:51,1,0,0,0,0,245.82,88,1384.32,0,1
2026-05-29 09:06:21,3,1,0,0,0,10.62,137,10482.4,0,0
2026-05-29 09:06:55,0,0,0,0,0,25.93,58,7132.05,0,0
2026-05-29 12:19:55,0,0,0,0,0,161.77,106,4612.57,0,0
2026-05-29 13:04:23,3,0,0,0,0,620.68,13,46695.77,0,0
2026-05-29 13:13:56,0,0,0,0,0,66.56,170,46974.12,0,0
2026-05-29 13:40:02,0,0,0,0,0,23.67,84,6753.1,0,0
2026-05-29 14:13:25,2,0,0,0,0,188.2,19,68903.0,0,1
2026-05-29 14:30:20,3,0,0,0,0,50.14,192,2378.87,0,0
2026-05-29 14:35:24,0,0,0,0,0,31.83,132,10631.38,0,0
2026-05-29 15:01:12,3,0,0,0,0,67.42,26,33590.32,0,0
2026-05-29 15:24:19,1,0,0,0,0,193.65,179,18930.35,0,0
2026-05-29 17:06:16,1,0,0,0,0,26.53,18,11711.9,0,0
2026-05-29 17:35:10,3,0,1,1,0,55.14,225,5342.32,0,0
2026-05-29 17:50:24,0,0,0,0,0,58.74,212,8331.42,0,0
2026-05-29 19:14:58,0,0,0,0,0,178.84,171,2912.8,0,0
2026-05-29 19:27:41,0,0,0,0,0,112.7,126,12882.1,0,0
2026-05-29 19:50:21,1,0,0,1,0,151.63,191,15692.98,0,1
2026-05-29 20:01:45,1,1,0,0,0,118.22,213,30635.32,0,0
2026-05-29 20:57:12,3,0,0,0,0,89.81,40,1095.0,0,0
2026-05-29 21:09:38,2,0,0,0,0,14.2,23,44460.33,0,0
2026-05-29 21:51:58,1,0,0,0,0,178.95,75,6215.18,0,0
2026-05-29 22:03:39,2,0,1,0,0,93.47,59,10393.22,0,0
2026-05-29 22:22:13,0,0,0,0,0,120.79,134,8515.05,0,0
2026-05-29 23:28:48,0,0,0,0,0,150.85,70,16027.98,0,0
2026-05-30 01:27:12,3,0,1,1,0,37.35,235,6647.52,0,1
2026-05-30 01:32:00,0,0,0,0,0,57.5,229,12403.07,0,0
2026-05-30 04:33:56,0,0,1,0,0,77.93,203,2688.93,0,0
2026-05-30 06:21:11,1,0,1,0,1,629.7,100,6179.8,0,0
2026-05-30 07:51:05,0,0,1,0,0,29.91,8,3708.78,0,0
2026-05-30 08:08:04,3,0,0,0,0,149.98,88,1409.22,0,0
2026-05-30 09:30:24,0,0,0,0,0,140.13,235,483.2,0,0
2026-05-30 10:49:10,0,0,0,0,0,178.26,10,33213.82,0,0
2026-05-30 10:58:02,0,0,0,0,0,119.3,235,87.63,0,0
2026-05-30 11:49:17,1,1,1,1,1,560.36,147,20138.15,0,1
2026-05-30 12:42:22,0,0,1,1,1,594.02,152,2609.87,0,0
2026-05-30 12:50:19,1,0,0,0,0,75.03,117,41469.57,0,0
2026-05-30 13:05:39,3,0,1,1,1,2708.14,161,4481.78,0,0
2026-05-30 14:24:25,4,0,0,0,0,42.51,104,8329.18,0,0
2026-05-30 15:00:22,0,0,0,0,0,145.22,215,6495.45,0,0
2026-05-30 15:22:22,0,0,1,1,1,547.26,199,36943.5,0,1
2026-05-30 15:41:38,1,0,0,1,0,41.33,176,7312.37,0,0
2026-05-30 21:11:55,5,0,1,0,0,139.58,133,4658.92,0,0
2026-05-30 21:24:19,7,0,1,0,1,1702.49,101,17869.75,0,1
2026-05-30 21:32:18,0,0,0,0,0,23.35,240,52775.08,0,0
2026-05-30 23:02:08,2,0,1,0,0,175.46,175,10601.77,0,0
2026-05-31 00:51:23,0,1,0,0,0,153.53,119,10126.02,0,0
2026-05-31 01:41:04,0,0,0,1,0,159.66,62,44237.32,0,0
2026-05-31 02:26:45,0,0,0,0,0,63.55,89,14382.12,0,0
2026-05-31 02:31:45,0,0,0,0,0,39.84,77,45038.85,0,0
2026-05-31 02:40:33,0,0,0,0,0,189.57,10,951.38,0,0
2026-05-31 04:34:46,0,0,0,0,0,88.72,81,12050.37,0,0
2026-05-31 04:46:47,1,0,0,0,0,267.34,168,38211.05,0,0
2026-05-31 04:51:35,0,0,0,0,0,29.28,14,23089.73,0,0
2026-05-31 06:05:29,1,0,1,0,0,371.43,189,30656.8,0,0
2026-05-31 06:35:38,0,0,1,1,1,715.16,203,1561.7,0,0
2026-05-31 06:53:28,0,0,0,0,0,48.53,174,6723.1,0,0
2026-05-31 07:52:45,0,0,0,0,0,27.29,10,312.2,0,0
2026-05-31 07:59:13,0,0,0,0,0,335.31,111,4856.42,0,0
2026-05-31 08:05:57,1,0,0,0,0,4.05,46,34005.08,0,0
2026-05-31 09:08:27,0,0,0,1,0,64.12,233,3213.0,0,0
2026-05-31 10:33:37,1,0,0,0,0,45.49,94,61540.28,0,0
2026-05-31 10:39:38,0,0,0,0,0,17.35,183,8853.1,0,0
2026-05-31 11:38:39,1,0,0,0,0,124.91,50,17234.03,0,0
2026-05-31 15:10:46,2,0,0,0,0,228.59,236,16918.07,0,0
2026-05-31 15:18:38,0,0,0,0,0,27.91,80,14756.77,0,0
2026-05-31 15:45:28,0,0,0,0,0,68.85,101,1101.15,0,0
2026-05-31 16:16:36,0,0,1,0,0,86.33,123,43224.75,0,0
2026-05-31 16:29:14,1,0,0,0,0,49.51,142,12524.52,0,0
2026-05-31 17:06:13,0,1,1,1,1,3817.71,30,10145.63,0,1
2026-05-31 17:17:50,1,0,1,1,0,61.9,4,6227.22,0,0
2026-05-31 17:25:04,1,0,0,0,0,406.17,39,27374.6,0,0
2026-05-31 18:43:35,4,1,1,0,0,34.98,131,19242.8,0,0
2026-05-31 19:06:24,1,0,0,0,0,7.61,56,30178.68,0,0
2026-05-31 19:07:27,1,0,0,0,0,85.56,21,5160.08,0,0
2026-05-31 20:49:54,0,0,0,0,0,173.35,150,16444.25,0,0
2026-05-31 21:41:02,5,0,0,0,0,49.17,68,29988.05,0,0
2026-05-31 23:05:56,2,0,0,0,0,20.47,23,2996.3,0,0
2026-05-31 23:48:17,0,0,0,0,0,134.03,249,5537.35,0,0
2026-06-01 00:01:08,3,0,0,0,0,31.59,132,3445.73,0,0
2026-06-01 01:27:50,0,0,0,0,0,146.85,70,2999.03,0,0
2026-06-01 01:51:44,3,0,0,0,0,30.42,166,23646.52,0,0
2026-06-01 01:56:07,3,1,1,0,0,81.48,241,11889.62,0,0
2026-06-01 03:30:40,0,0,0,0,0,218.64,25,9979.75,0,0
2026-06-01 04:01:59,2,0,0,0,0,22.89,187,4500.28,0,0
2026-06-01 04:09:18,0,0,0,0,0,171.87,130,33358.3,0,1
2026-06-01 04:48:40,0,0,0,1,0,30.85,58,4061.75,0,0
2026-06-01 05:03:57,0,0,0,0,0,108.08,62,1642.88,0,0
2026-06-01 06:43:21,2,0,1,0,0,27.93,225,3668.18,0,0
2026-06-01 07:14:42,0,0,1,1,1,182.52,165,48461.18,0,0
2026-06-01 07:46:02,0,0,1,0,1,1636.07,226,36028.32,0,0
2026-06-01 07:52:22,2,0,0,0,0,90.36,218,26985.85,0,0
2026-06-01 08:25:26,0,0,0,0,0,51.33,79,13720.97,0,0
2026-06-01 08:26:43,0,0,0,0,0,3.74,21,799.27,0,0
2026-06-01 09:49:42,0,0,0,0,0,64.49,59,3586.05,0,0
2026-06-01 11:31:51,0,0,0,0,0,16.1,209,18915.47,0,0
2026-06-01 11:47:42,0,0,0,0,0,44.55,127,41457.42,0,0
2026-06-01 14:45:07,0,0,1,0,0,88.24,111,1845.9,0,0
2026-06-01 16:05:08,6,1,1,0,0,280.27,183,1765.5,0,0
2026-06-01 16:39:44,2,0,0,0,0,71.6,126,4152.05,0,0
2026-06-01 16:56:32,0,0,0,0,0,21.66,84,4516.5,0,0
2026-06-01 17:26:01,0,0,0,0,0,292.3,248,6550.02,0,0
2026-06-01 17:36:13,0,0,0,0,0,2.63,112,48365.43,0,0
2026-06-01 17:55:48,1,0,1,0,0,102.95,72,6731.88,0,0
2026-06-01 19:01:24,0,0,0,0,0,30.43,71,21571.92,0,0
2026-06-01 19:23:17,0,0,0,0,0,141.68,193,26266.0,0,0
2026-06-01 19:35:15,3,0,0,0,0,40.23,3,10259.58,0,1
2026-06-01 20:02:12,0,0,1,1,0,55.99,246,12078.83,0,0
2026-06-01 20:12:18,0,0,0,0,0,147.15,188,28679.53,0,0
2026-06-01 20:28:30,3,0,0,0,0,228.1,38,22144.0,0,0
2026-06-01 22:11:03,1,0,0,0,0,20.16,102,20188.22,0,0
2026-06-01 22:20:10,0,0,0,0,0,35.14,226,874.13,0,0
2026-06-01 22:55:27,1,0,1,0,0,0.43,31,6199.87,0,0
2026-06-01 23:21:23,0,0,0,0,0,194.19,72,325.58,0,0
2026-06-02 00:51:11,2,0,1,0,0,293.99,115,24594.5,0,0
2026-06-02 00:53:23,0,0,0,1,0,32.77,117,3603.07,0,0
2026-06-02 01:15:11,3,0,0,0,0,48.54,25,1304.52,0,0
2026-06-02 01:36:07,5,0,1,0,0,56.03,28,5701.47,0,0
2026-06-02 02:18:53,4,0,0,0,0,52.72,247,16807.33,0,0
2026-06-02 02:23:48,4,0,0,0,0,49.9,217,29394.02,0,0
2026-06-02 02:31:15,1,0,1,0,0,64.6,116,13193.87,0,0
2026-06-02 02:51:37,0,0,0,0,0,16.7,1,9333.77,0,0
2026-06-02 03:00:08,0,0,0,0,0,5.94,80,2141.5,0,0
2026-06-02 04:06:30,1,1,1,1,0,128.56,122,45761.02,0,0
2026-06-02 04:44:28,4,0,0,1,0,187.45,189,2798.98,0,0
2026-06-02 05:06:54,0,0,0,0,0,166.17,131,2063.32,0,0
2026-06-02 07:05:37,4,0,0,0,0,98.52,107,14945.52,0,0
2026-06-02 09:12:35,3,0,0,0,0,346.77,48,12413.85,0,0
2026-06-02 11:09:45,6,0,0,0,0,0.15,101,2604.28,0,0
2026-06-02 12:28:53,4,0,0,0,0,38.5,112,1132.67,0,0
2026-06-02 14:03:49,0,0,0,0,0,37.11,14,3432.23,0,0
2026-06-02 15:07:57,0,0,1,1,0,43.03,142,2798.72,0,1
2026-06-02 15:09:25,0,0,1,0,0,160.94,170,5875.48,0,0
2026-06-02 18:48:17,0,0,0,0,0,43.31,241,2452.17,0,0
2026-06-02 18:51:14,1,0,0,0,0,74.88,119,3959.85,0,0
2026-06-02 19:11:44,3,1,1,0,0,95.18,177,23372.33,0,0
2026-06-02 21:48:12,4,0,0,0,0,186.68,168,3901.42,0,0
2026-06-02 23:34:08,1,0,1,0,0,95.68,79,2348.7,0,0
2026-06-03 00:25:02,0,1,0,0,0,48.01,23,2959.1,0,0
2026-06-03 00:48:39,0,0,0,1,0,118.66,194,10048.1,0,0
2026-06-03 01:50:39,0,0,0,0,0,72.47,92,7858.97,0,0
2026-06-03 02:28:26,0,0,0,0,0,75.16,171,6193.47,0,0
2026-06-03 02:29:35,1,1,1,0,0,40.82,191,6159.23,0,0
2026-06-03 03:55:31,0,1,1,0,0,0.16,231,24406.13,0,0
2026-06-03 04:55:49,0,0,1,0,0,43.98,203,4220.18,0,0
2026-06-03 05:08:43,0,0,0,0,0,36.06,91,47428.15,0,0
2026-06-03 05:40:47,1,0,0,0,0,10.57,150,3410.88,0,0
2026-06-03 06:38:29,0,0,0,0,1,332.16,78,10168.32,0,0
2026-06-03 07:17:42,0,0,0,1,0,395.75,183,2352.57,0,1
2026-06-03 07:20:26,0,1,1,0,0,32.82,17,46384.53,0,0
2026-06-03 07:21:36,5,0,0,0,0,73.01,55,8726.7,0,0
2026-06-03 07:36:41,0,0,0,0,0,79.7,57,21596.17,0,0
2026-06-03 14:12:01,1,0,0,0,0,82.1,184,35580.78,0,0
2026-06-03 16:07:27,2,0,0,0,0,4.85,167,43463.53,0,0
2026-06-03 17:14:48,1,0,0,0,0,147.61,130,3665.5,0,0
2026-06-03 17:23:08,4,0,0,1,0,131.06,60,11799.27,0,0
2026-06-03 17:54:52,0,0,0,0,0,378.06,158,7871.27,0,0
2026-06-03 18:10:04,0,0,1,0,1,306.28,29,18156.3,0,0
2026-06-03 20:07:46,0,0,0,0,0,80.7,103,20591.12,0,0
2026-06-03 20:39:16,1,0,0,0,0,162.88,123,4582.67,0,0
2026-06-03 20:50:35,0,1,1,1,1,199.18,242,12153.35,0,0
2026-06-03 21:22:18,0,0,0,0,0,155.86,84,3145.77,0,0
2026-06-03 21:34:08,1,0,0,0,0,31.47,96,14697.5,0,0
2026-06-03 21:59:32,1,0,0,0,0,32.97,129,32985.42,0,0
2026-06-03 23:05:13,0,1,1,1,1,4366.96,227,26342.12,0,0
2026-06-04 00:05:47,1,0,1,0,1,565.04,149,16429.22,0,0
2026-06-04 00:22:37,1,0,0,0,0,87.76,198,19733.48,0,0
2026-06-04 02:38:12,0,0,0,0,0,58.0,211,24406.53,0,0
2026-06-04 03:21:55,0,0,1,1,0,8.14,227,256.7,0,1
2026-06-04 04:13:34,2,0,0,0,0,300.54,80,2953.43,0,0
2026-06-04 04:16:48,1,0,1,0,0,24.04,13,8112.42,0,0
2026-06-04 04:33:59,0,0,1,0,0,31.16,206,15076.98,0,0
2026-06-04 04:40:50,0,0,0,0,0,47.36,10,5568.08,0,0
2026-06-04 06:41:12,1,0,0,0,0,69.02,141,11099.15,0,0
2026-06-04 06:52:02,5,0,0,0,0,15.58,96,557.9,0,0
2026-06-04 07:07:13,1,0,0,0,0,99.41,222,32706.28,0,0
2026-06-04 07:14:50,0,0,1,0,0,72.3,198,412.22,0,0
2026-06-04 07:58:25,0,0,0,1,0,36.1,205,15655.13,0,0
2026-06-04 09:41:34,4,0,0,0,0,117.98,121,14106.12,0,0
2026-06-04 12:21:18,0,0,0,0,0,72.17,191,2031.72,0,0
2026-06-04 12:23:18,7,1,1,0,1,2755.31,210,27202.13,0,0
2026-06-04 14:10:32,5,0,0,0,0,193.38,82,9618.97,0,0
2026-06-04 16:10:38,0,0,0,0,0,391.74,215,7270.27,0,0
2026-06-04 16:19:46,5,0,1,0,0,6.97,228,15834.35,0,0
2026-06-04 18:12:52,0,0,1,1,1,779.24,156,9739.98,0,0
2026-06-04 18:30:25,3,0,0,0,0,69.62,177,2838.68,0,0
2026-06-04 19:53:32,0,0,0,1,1,399.49,134,8491.32,0,0
2026-06-04 20:36:35,0,0,0,0,0,255.15,144,23142.87,0,0
2026-06-04 23:00:09,1,0,0,0,0,9.23,153,40705.2,0,0
2026-06-05 01:44:35,2,0,1,1,1,839.25,12,36086.58,0,0
2026-06-05 01:59:00,0,0,0,0,0,20.48,170,3529.58,0,0
2026-06-05 03:41:28,1,0,0,1,0,114.61,156,568.6,0,0
2026-06-05 04:06:09,0,1,1,1,0,122.08,29,2036.08,0,0
2026-06-05 04:20:02,0,0,0,0,0,205.97,54,16270.12,0,0
2026-06-05 04:45:08,0,0,0,0,0,52.59,91,2856.42,0,0
2026-06-05 04:50:59,0,0,0,0,0,149.21,205,1252.57,0,0
2026-06-05 08:44:02,0,1,1,1,0,79.76,208,12870.12,0,0
2026-06-05 09:07:57,0,0,0,0,0,167.28,86,24628.83,0,0
2026-06-05 09:19:44,0,0,0,0,0,8.92,20,18227.37,0,0
2026-06-05 09:38:36,0,0,0,0,0,62.26,33,10759.45,0,0
2026-06-05 09:45:05,0,0,0,0,0,16.32,199,8302.72,0,0
2026-06-05 10:09:05,5,0,0,0,0,156.23,228,1069.32,0,0
2026-06-05 10:38:06,0,0,1,0,1,248.5,236,6927.33,0,1
2026-06-05 10:40:28,5,0,0,0,0,0.81,137,10174.12,0,0
2026-06-05 10:47:34,2,0,0,0,0,265.25,116,4816.32,0,0
2026-06-05 11:03:55,1,0,0,0,0,66.28,139,16182.95,0,0
2026-06-05 11:38:39,1,1,1,1,0,421.25,89,7751.9,0,1
2026-06-05 12:25:35,3,0,0,0,0,60.33,33,166.98,0,0
2026-06-05 12:26:52,0,0,0,0,0,89.35,42,30209.1,0,0
2026-06-05 12:40:56,1,0,0,0,0,136.33,111,5635.82,0,0
2026-06-05 13:15:53,1,0,1,0,0,32.96,84,2393.58,0,0
2026-06-05 14:24:03,1,0,0,0,0,14.26,226,5283.88,0,0
2026-06-05 15:19:57,3,0,0,1,0,108.21,59,6090.25,0,0
2026-06-05 15:59:23,0,0,1,0,1,1072.13,246,5517.18,0,1
2026-06-05 16:11:44,1,0,1,1,1,2629.97,187,6489.75,0,0
2026-06-05 16:28:06,1,0,0,0,0,4.61,25,5232.92,0,0
2026-06-05 17:10:58,0,0,0,0,0,78.7,114,32105.95,0,0
2026-06-05 17:26:29,0,0,0,0,0,20.55,108,20742.77,0,0
2026-06-05 17:50:44,1,0,0,0,0,96.05,207,20064.92,0,0
2026-06-05 18:14:44,4,0,0,1,0,142.9,155,19459.12,0,0
2026-06-05 21:21:39,0,0,0,0,0,30.52,242,2911.07,0,0
2026-06-05 21:42:17,3,0,0,0,0,65.74,225,6658.93,0,0
2026-06-05 22:51:24,0,0,0,0,0,54.51,223,55408.45,0,0
2026-06-05 23:20:05,0,1,1,1,0,140.6,143,24279.57,0,0
2026-06-06 00:24:14,0,0,0,1,1,1373.94,77,8512.48,0,0
2026-06-06 02:23:30,0,0,0,0,0,12.86,41,19881.48,0,0
2026-06-06 03:07:31,0,0,0,0,0,376.14,80,2813.95,0,0
2026-06-06 03:14:51,0,0,1,0,0,243.43,222,2647.63,0,0
2026-06-06 03:15:23,2,0,0,0,0,86.45,209,6703.53,0,0
2026-06-06 03:18:15,2,0,1,0,0,150.27,210,2334.95,0,0
2026-06-06 03:18:57,0,0,0,0,0,2.02,149,3073.17,0,0
2026-06-06 04:47:35,0,0,0,0,0,22.5,96,2755.55,0,0
2026-06-06 05:25:27,0,0,0,0,0,146.04,204,18717.32,0,0
2026-06-06 06:25:50,1,0,0,0,0,11.23,119,5014.6,0,0
2026-06-06 08:43:53,0,0,0,1,1,65.5,57,4387.2,0,0
2026-06-06 10:16:29,0,0,0,0,0,95.64,1,6204.87,0,0
2026-06-06 13:23:13,5,0,1,1,1,52.26,77,778.98,0,0
2026-06-06 13:25:05,3,0,1,1,0,20.23,200,30103.8,0,0
2026-06-06 13:53:54,0,0,0,0,0,8.34,44,17390.57,0,0
2026-06-06 14:25:48,0,1,1,0,0,76.42,241,5497.52,0,0
2026-06-06 14:38:34,0,0,0,0,0,112.99,233,8970.12,0,0
2026-06-06 15:36:13,2,0,0,0,0,20.25,250,41482.33,0,0
2026-06-06 16:59:08,1,0,0,0,1,948.81,78,4940.65,0,0
2026-06-06 20:16:04,0,0,0,0,0,2.04,80,1028.55,0,0
2026-06-06 20:37:44,2,0,1,0,1,461.13,50,9179.08,0,0
2026-06-06 20:55:46,0,0,1,0,0,19.8,19,11922.35,0,0
2026-06-06 22:23:21,0,0,1,1,0,18.15,74,14015.65,0,0
2026-06-06 23:07:46,0,0,1,1,0,25.49,191,3526.47,0,0
2026-06-06 23:13:46,0,1,1,0,1,2454.78,223,1462.37,0,0
2026-06-06 23:44:32,0,0,0,0,0,299.08,228,2255.45,0,1
2026-06-06 23:56:04,0,0,0,0,0,122.44,195,17056.48,0,0
2026-06-07 00:09:41,0,0,0,0,0,7.5,130,4734.88,0,0
2026-06-07 01:15:32,0,0,0,0,0,98.93,229,11503.53,0,0
2026-06-07 02:50:56,2,0,0,1,0,132.47,146,23168.88,0,0
2026-06-07 03:57:13,0,0,0,0,0,11.78,142,6529.27,0,0
2026-06-07 03:59:33,0,0,0,0,0,34.86,194,5950.9,0,0
2026-06-07 04:29:54,1,1,1,0,1,838.92,152,11027.53,0,0
2026-06-07 04:39:25,2,0,1,0,0,37.21,62,8615.47,0,0
2026-06-07 07:46:21,3,0,0,0,0,73.05,66,29658.92,0,0
2026-06-07 07:51:17,0,0,1,0,0,14.03,24,27375.1,0,0
2026-06-07 08:17:19,0,0,1,1,0,58.83,206,4543.33,0,0
2026-06-07 08:44:15,2,0,0,0,0,132.16,184,5432.23,0,0
2026-06-07 09:15:09,1,0,0,0,0,61.79,1,1378.67,0,0
2026-06-07 10:13:57,0,0,1,0,0,23.63,46,10208.0,0,0
2026-06-07 11:23:24,4,0,1,0,0,162.01,117,7830.02,0,1
2026-06-07 11:57:31,0,0,0,0,0,50.15,75,12365.55,0,0
2026-06-07 12:26:09,7,0,1,1,1,830.32,15,13756.62,0,1
2026-06-07 12:55:12,3,0,1,0,0,44.26,121,4513.63,0,0
2026-06-07 14:58:43,1,0,0,0,0,34.21,136,35704.9,0,0
2026-06-07 15:11:32,5,0,0,1,0,92.12,157,28680.68,0,0
2026-06-07 16:33:14,2,0,0,0,0,20.8,30,10047.02,0,0
2026-06-07 17:04:33,0,0,0,0,0,146.63,234,19625.77,0,0
2026-06-07 17:29:35,0,0,0,0,0,65.72,89,3230.93,0,0
2026-06-07 18:08:04,0,0,1,1,1,3225.92,67,50214.0,0,0
2026-06-07 19:34:02,0,0,0,0,0,279.51,242,2772.38,0,0
2026-06-07 21:12:05,2,0,0,1,0,48.28,1,716.93,0,0
2026-06-07 21:35:11,0,0,1,0,0,17.3,219,20155.25,0,0
2026-06-07 23:40:45,0,0,0,0,0,70.37,152,1150.85,0,0
2026-06-07 23:48:41,1,0,1,0,0,31.53,24,957.4,0,0
2026-06-08 00:05:44,3,0,0,0,0,55.6,104,12101.32,0,0
2026-06-08 00:11:17,0,0,0,0,0,47.39,131,8344.38,0,0
2026-06-08 00:58:07,0,0,0,0,0,59.87,193,8974.83,0,0
2026-06-08 00:59:32,0,0,0,0,0,69.03,57,2415.65,0,0
2026-06-08 01:17:22,1,0,0,0,0,98.73,71,9015.97,0,0
2026-06-08 01:36:45,0,1,1,0,0,0.38,22,30001.92,0,0
2026-06-08 02:06:30,1,0,1,0,1,444.42,119,2620.67,0,0
2026-06-08 02:23:03,0,0,0,0,0,18.66,118,23291.4,0,0
2026-06-08 03:27:20,0,0,0,0,0,123.94,11,43294.3,0,0
2026-06-08 05:51:37,5,0,0,0,0,178.57,196,24221.23,0,0
2026-06-08 06:21:26,0,0,0,0,0,129.37,82,5290.9,0,0
2026-06-08 06:57:06,0,0,0,0,0,367.55,139,4073.18,0,0
2026-06-08 07:36:39,0,0,0,0,0,8.04,225,3474.37,0,0
2026-06-08 09:15:39,0,0,0,0,0,62.5,107,8770.03,0,0
2026-06-08 09:23:59,1,0,0,0,0,229.63,105,25595.3,0,0
2026-06-08 09:47:38,0,0,0,0,0,38.43,66,1561.28,0,0
2026-06-08 10:09:21,0,0,0,1,0,162.11,182,37171.0,0,0
2026-06-08 10:38:13,0,0,0,0,0,82.49,248,9672.2,0,0
2026-06-08 11:06:04,1,1,1,0,0,384.23,215,5455.43,0,0
2026-06-08 11:18:36,2,0,0,0,0,46.37,217,9174.8,0,0
2026-06-08 11:38:10,1,0,1,0,0,53.99,9,42097.12,0,0
2026-06-08 13:02:36,1,0,0,0,0,17.89,20,4542.87,0,0
2026-06-08 14:21:14,0,0,0,0,0,17.39,110,39960.72,0,0
2026-06-08 14:43:00,0,0,1,0,0,197.33,239,17584.42,0,0
2026-06-08 16:20:25,0,0,1,0,0,52.31,9,282.25,0,0
2026-06-08 19:36:34,0,0,0,0,0,96.88,189,9532.1,0,0
2026-06-08 19:53:36,0,0,1,0,0,139.53,143,4113.52,0,0
2026-06-08 20:02:41,1,0,1,0,0,57.67,61,16334.47,0,0
2026-06-08 20:17:32,1,0,0,0,0,307.44,234,1632.98,0,0
2026-06-08 20:56:09,5,0,1,0,0,278.34,162,22649.92,0,0
2026-06-08 21:12:12,0,0,0,0,0,113.98,128,19683.85,0,0
2026-06-08 23:52:54,1,0,0,0,0,534.08,207,4682.17,0,0
2026-06-08 23:55:36,3,0,0,0,0,0.27,97,21734.97,0,0
2026-06-09 00:25:03,1,1,0,0,0,0.93,236,5146.95,0,0
2026-06-09 01:50:40,0,0,0,0,0,6.99,150,8409.88,0,0
2026-06-09 04:26:46,0,0,1,1,1,4310.8,180,24230.85,0,0
2026-06-09 05:34:09,0,0,1,1,0,92.85,228,3229.62,0,1
2026-06-09 07:15:00,0,0,0,0,0,262.72,77,3951.78,0,0
2026-06-09 08:10:53,2,0,1,0,0,13.59,170,6131.88,0,0
2026-06-09 08:23:27,0,0,0,0,0,3.25,14,9739.63,0,0
2026-06-09 08:46:45,0,0,0,1,0,78.37,125,19486.25,0,0
2026-06-09 10:27:16,2,0,1,1,0,19.26,106,15727.35,0,0
2026-06-09 12:03:29,2,0,0,0,0,196.49,235,14465.45,0,0
2026-06-09 12:08:57,0,0,1,0,1,818.15,15,2862.8,0,0
2026-06-09 12:14:06,1,0,1,1,0,147.17,33,5748.52,0,1
2026-06-09 12:37:10,0,0,0,0,0,72.66,246,5557.78,0,0
2026-06-09 13:03:32,0,0,0,0,0,75.22,131,2212.25,0,0
2026-06-09 15:10:49,0,0,0,0,0,114.52,7,29366.62,0,0
2026-06-09 15:27:47,1,0,0,1,0,40.86,46,3193.83,0,0
2026-06-09 16:51:10,5,0,0,0,0,297.29,177,7100.75,0,1
2026-06-09 17:19:50,0,0,0,0,0,51.15,168,9811.63,0,0
2026-06-09 20:07:57,1,0,0,0,0,50.76,41,5384.45,0,0
2026-06-09 20:12:06,0,1,1,1,1,1843.54,244,29505.95,0,1
2026-06-09 20:27:04,1,0,0,0,0,101.13,53,29457.27,0,0
2026-06-09 21:22:11,0,0,0,0,0,546.83,56,13095.78,0,0
2026-06-09 21:57:33,0,0,0,0,0,189.87,69,31296.97,0,0
2026-06-09 23:06:55,3,1,1,0,0,33.49,26,16325.72,0,1
2026-06-09 23:22:14,1,0,0,0,0,10.71,116,6514.67,0,0
2026-06-09 23:32:36,0,0,0,0,0,11.28,229,4217.07,0,0
2026-06-10 00:08:29,0,0,1,1,1,673.21,2,57932.93,0,1
2026-06-10 00:12:27,0,0,0,0,0,64.85,250,4836.23,0,0
2026-06-10 00:14:40,0,0,0,0,0,101.37,50,4536.93,0,0
2026-06-10 00:33:17,3,0,0,0,0,195.0,125,946.53,0,0
2026-06-10 01:33:45,6,0,1,0,0,456.02,1,3141.67,0,0
2026-06-10 02:24:00,0,0,0,0,0,52.55,68,13242.97,0,0
2026-06-10 03:41:04,0,0,0,0,0,78.87,156,7199.6,0,0
2026-06-10 04:00:28,3,0,0,0,0,91.82,106,1053.2,0,0
2026-06-10 04:11:34,0,0,0,0,0,81.77,120,58820.15,0,1
2026-06-10 06:07:00,1,0,1,0,0,9.47,122,11640.5,0,0
2026-06-10 07:00:14,0,0,0,0,0,12.22,58,13091.57,0,0
2026-06-10 07:55:23,2,0,0,0,0,219.6,58,55.15,0,0
2026-06-10 08:45:09,1,0,0,0,0,112.57,138,31848.83,0,0
2026-06-10 09:08:21,3,0,0,0,0,113.56,143,2234.75,0,0
2026-06-10 10:13:12,2,0,0,1,0,168.62,18,16866.93,0,0
2026-06-10 10:58:49,0,0,0,0,0,8.79,238,46076.87,0,0
2026-06-10 11:45:52,2,0,1,1,1,805.45,167,9818.42,0,0
2026-06-10 12:38:46,3,0,0,1,0,28.33,191,5131.0,0,0
2026-06-10 12:44:08,0,1,1,0,0,108.12,140,27599.7,0,0
2026-06-10 13:30:21,0,0,0,0,0,24.2,200,5765.27,0,0
2026-06-10 14:02:19,0,0,0,0,0,117.81,126,12802.58,0,0
2026-06-10 15:52:58,0,0,0,0,0,49.09,170,1902.08,0,0
2026-06-10 17:04:21,0,0,0,0,0,57.88,65,36990.57,0,0
2026-06-10 19:15:37,1,0,0,0,0,170.38,163,37032.02,0,0
2026-06-10 19:18:56,0,0,1,1,1,641.95,70,14031.1,0,0
2026-06-10 20:43:44,3,0,0,1,0,29.65,247,12624.85,0,0
2026-06-10 20:50:40,0,0,0,0,0,189.89,46,1762.88,0,0
2026-06-10 22:19:20,0,0,0,0,0,115.65,144,8742.75,0,1
2026-06-10 22:20:21,0,0,0,0,0,51.73,149,6901.4,0,0
2026-06-10 23:12:59,0,0,0,0,0,69.03,55,11031.38,0,0
2026-06-10 23:36:11,0,0,1,0,0,42.75,13,9799.38,0,0
2026-06-11 00:45:40,0,0,0,0,0,80.12,134,8932.13,0,0
2026-06-11 01:08:36,0,1,1,1,1,223.96,103,10380.83,0,0
2026-06-11 01:24:31,2,0,1,1,1,3289.82,116,1562.28,0,0
2026-06-11 04:10:13,2,0,0,0,0,80.75,157,5098.68,0,0
2026-06-11 04:23:08,0,0,0,0,0,48.66,130,6013.45,0,0
2026-06-11 04:41:37,2,0,1,0,0,84.77,120,1470.05,0,0
2026-06-11 04:55:17,2,0,0,0,0,17.58,49,59575.88,0,0
2026-06-11 05:22:45,0,0,0,0,0,8.17,68,1618.75,0,0
2026-06-11 07:22:10,6,0,1,0,1,1191.53,84,8286.28,0,0
2026-06-11 07:53:30,3,0,0,0,0,7.31,49,178.22,0,0
2026-06-11 08:06:40,0,0,0,0,0,108.14,136,5347.95,0,0
2026-06-11 08:53:22,0,0,0,0,0,161.06,182,4244.02,0,0
2026-06-11 09:12:34,0,0,1,0,0,445.39,2,1984.08,0,0
2026-06-11 09:49:08,0,0,0,0,0,146.64,132,14988.0,0,0
2026-06-11 11:10:53,2,0,0,1,0,365.45,119,4864.38,0,0
2026-06-11 11:37:55,0,0,0,0,0,2.24,233,7019.35,0,0
2026-06-11 11:47:01,2,0,0,0,0,81.84,103,638.42,0,0
2026-06-11 11:56:07,2,0,1,0,0,18.0,82,4654.68,0,0
2026-06-11 13:25:19,1,0,0,0,0,28.12,174,16231.85,0,0
2026-06-11 14:04:36,1,0,0,0,0,132.63,33,2990.5,0,0
2026-06-11 14:19:59,0,0,0,0,0,29.15,10,10659.15,0,0
2026-06-11 14:40:58,0,0,0,0,0,19.82,61,3998.28,0,0
2026-06-11 15:45:11,1,0,0,0,0,46.5,103,238.17,0,0
2026-06-11 16:11:29,0,0,0,0,0,8.69,185,23580.43,0,0
2026-06-11 16:44:56,0,0,0,0,0,15.84,82,288.82,0,0
2026-06-11 19:45:28,3,0,0,0,0,15.84,211,11107.27,0,0
2026-06-11 20:27:48,1,0,1,0,0,25.63,223,7034.03,0,0
2026-06-11 20:32:22,0,0,0,0,0,204.56,109,28314.03,0,0
2026-06-11 23:15:32,1,0,0,0,0,34.99,207,4282.63,0,0
2026-06-11 23:54:34,2,0,0,0,0,32.0,180,4047.8,0,0
2026-06-12 00:36:36,0,0,0,0,0,13.47,121,6461.4,0,0
2026-06-12 01:08:38,0,1,1,0,0,1.62,103,563.45,0,0
2026-06-12 02:14:41,5,0,0,0,0,17.48,226,9350.63,0,0
2026-06-12 04:22:18,0,1,1,1,1,1925.45,52,31434.52,0,1
2026-06-12 04:36:43,0,0,0,0,0,350.14,84,1274.55,0,0
2026-06-12 06:21:55,0,0,1,0,0,136.19,32,43086.53,0,0
2026-06-12 06:49:26,2,0,1,0,0,191.89,126,2447.12,0,0
2026-06-12 07:22:26,0,1,1,1,0,154.53,128,4930.23,0,0
2026-06-12 07:51:33,0,0,0,0,0,35.11,180,476.98,0,1
2026-06-12 08:33:11,0,0,0,0,0,131.39,28,14817.07,0,0
2026-06-12 09:01:26,7,0,1,0,0,138.86,26,3474.52,0,0
2026-06-12 09:28:53,0,0,1,0,0,29.92,167,2743.02,0,0
2026-06-12 10:22:30,1,0,0,0,0,253.39,230,37036.1,0,0
2026-06-12 12:12:59,4,0,1,1,0,618.85,146,7762.05,0,0
2026-06-12 12:29:29,0,1,0,0,0,82.39,110,5648.25,0,0
2026-06-12 12:33:28,6,0,0,0,0,38.07,11,6306.13,0,1
2026-06-12 14:16:43,5,0,0,0,0,44.26,235,4453.23,0,0
2026-06-12 16:06:19,4,0,0,1,0,87.33,74,8262.97,0,0
2026-06-12 16:54:36,0,0,0,0,0,0.78,62,7935.18,0,0
2026-06-12 17:01:05,1,0,0,0,0,36.87,130,2197.95,0,0
2026-06-12 17:01:11,2,0,0,0,0,5.02,163,2745.57,0,0
2026-06-12 17:11:42,7,0,0,0,0,97.86,170,2958.73,0,0
2026-06-12 17:34:13,0,0,1,0,0,92.65,97,5378.62,0,0
2026-06-12 18:38:38,2,0,1,0,1,1341.24,112,14769.75,0,0
2026-06-12 18:42:27,0,1,0,0,0,16.37,14,4939.0,0,0
2026-06-12 19:32:01,0,0,0,0,0,289.24,137,10611.55,0,0
2026-06-12 20:11:13,0,1,1,0,0,76.41,7,4620.4,0,1
2026-06-12 21:09:49,2,0,0,0,0,81.16,23,14204.78,0,0
2026-06-12 21:32:14,0,0,0,0,0,78.58,57,6992.7,0,0
2026-06-12 21:44:47,1,0,0,1,0,74.32,199,10799.7,0,0
2026-06-12 23:50:10,7,0,0,0,0,278.75,193,7132.05,0,0
2026-06-13 00:17:44,0,0,1,1,1,1382.05,148,35369.85,0,1
2026-06-13 00:55:49,1,0,0,0,0,66.38,57,203.58,0,0
2026-06-13 02:14:21,0,0,0,1,0,145.43,54,11394.32,0,0
2026-06-13 02:18:22,0,0,0,0,0,28.96,174,2213.05,0,0
2026-06-13 03:02:44,1,0,1,1,0,21.32,232,40453.27,0,0
2026-06-13 04:31:41,5,0,0,0,0,57.84,99,29777.87,0,0
2026-06-13 05:25:37,1,0,0,0,0,1.58,38,16377.12,0,0
2026-06-13 06:34:54,2,0,1,0,0,34.75,47,36897.47,0,0
2026-06-13 06:40:26,0,0,0,0,0,54.49,244,4948.33,0,0
2026-06-13 06:41:02,0,0,1,0,1,1296.61,111,11160.1,0,1
2026-06-13 08:30:03,1,0,0,0,0,78.35,8,20198.97,0,0
2026-06-13 08:41:35,0,0,1,0,1,686.88,223,2173.78,0,0
2026-06-13 09:08:15,0,0,0,0,0,42.05,19,9372.48,0,0
2026-06-13 10:37:02,1,0,1,1,0,0.13,197,27594.38,0,0
2026-06-13 13:16:50,0,0,0,0,0,212.96,173,22606.58,0,0
2026-06-13 13:57:14,0,0,0,0,0,26.3,34,29283.88,0,0
2026-06-13 14:46:45,1,0,0,0,0,44.32,172,27816.4,0,0
2026-06-13 15:35:08,1,0,0,0,0,2.05,208,11931.1,0,0
2026-06-13 15:38:02,4,0,0,0,0,314.29,7,1166.82,0,0
2026-06-13 16:21:13,1,0,0,0,0,68.24,105,7617.23,0,0
2026-06-13 16:23:44,0,0,0,0,0,2.35,21,17757.02,0,0
2026-06-13 16:41:06,5,0,0,0,0,28.93,44,10247.2,0,0
2026-06-13 16:43:05,2,1,1,0,1,3171.21,25,11534.98,0,1
2026-06-13 16:59:28,0,0,0,0,0,47.11,47,624.57,0,0
2026-06-13 17:48:03,0,0,1,0,0,116.93,237,23747.12,0,0
2026-06-13 18:31:48,1,0,0,0,0,95.15,130,1530.72,0,0
2026-06-13 18:33:53,1,0,0,0,1,957.81,192,21843.55,0,0
2026-06-13 18:42:20,2,0,1,0,0,179.11,72,17000.95,0,0
2026-06-13 19:08:18,2,0,0,0,0,4.12,83,58479.23,0,0
2026-06-13 20:36:38,1,0,1,0,1,3652.87,106,5316.17,0,0
2026-06-13 21:22:14,7,0,0,0,0,126.6,101,16452.48,0,0
2026-06-13 21:45:20,1,0,1,0,0,199.3,83,157.03,0,0
2026-06-13 22:19:49,0,0,0,0,0,1.71,181,36663.55,0,0
2026-06-13 22:24:04,3,1,1,0,1,132.91,53,5877.0,0,0
2026-06-13 22:26:26,0,0,0,0,0,23.05,193,1356.27,0,0
2026-06-13 22:49:32,2,0,0,1,0,90.03,156,5468.47,0,0
2026-06-13 23:03:38,5,0,0,0,0,9.7,104,8577.9,0,0
2026-06-13 23:13:45,1,0,0,0,0,268.16,206,9536.43,0,0
2026-06-14 01:28:18,1,0,1,0,0,138.07,151,41519.88,0,0
2026-06-14 02:16:26,0,1,1,0,0,164.82,136,3969.77,0,1
2026-06-14 02:24:40,0,0,0,0,0,87.67,35,29920.87,0,0
2026-06-14 02:26:28,0,0,0,0,0,99.68,223,1064.88,0,0
2026-06-14 04:49:22,1,0,1,0,1,374.73,151,201.07,0,0
2026-06-14 05:36:24,2,0,0,0,0,240.84,46,4845.73,0,0
2026-06-14 07:30:46,1,1,1,0,1,1570.1,71,9013.4,0,0
2026-06-14 09:00:47,0,0,0,0,0,54.08,2,4308.22,0,0
2026-06-14 11:12:00,0,0,0,0,1,3201.44,211,3806.53,0,1
2026-06-14 11:50:23,2,0,1,0,1,2990.69,92,16439.73,0,0
2026-06-14 12:02:52,0,0,0,0,0,0.05,38,1837.25,0,0
2026-06-14 13:30:00,1,0,0,0,0,258.81,36,29352.0,0,0
2026-06-14 13:58:06,2,1,1,1,0,45.17,180,3246.55,0,0
2026-06-14 14:18:29,1,0,1,0,0,54.84,225,9041.83,0,0
2026-06-14 15:04:47,0,0,0,0,0,8.92,125,6631.5,0,0
2026-06-14 15:43:44,4,0,0,0,0,210.03,184,10499.48,0,1
2026-06-14 15:48:40,0,0,0,0,0,77.48,18,6095.47,0,0
2026-06-14 16:42:28,7,1,0,0,0,236.13,166,19610.73,0,1
2026-06-14 20:12:53,0,0,1,0,0,151.78,138,6447.73,0,0
2026-06-14 20:53:40,0,0,0,0,0,228.26,26,3592.23,0,0
2026-06-14 20:54:17,4,0,1,0,0,296.15,128,3691.85,0,0
2026-06-14 21:14:01,0,0,0,0,0,217.07,207,4198.48,0,0
2026-06-14 21:16:13,2,0,0,0,0,23.55,59,13316.27,0,0
2026-06-14 23:51:10,3,0,0,0,0,7.27,96,12663.58,0,0
2026-06-15 00:02:42,3,1,1,1,0,96.83,209,12767.32,0,0
2026-06-15 01:23:15,7,0,0,0,0,16.85,1,7189.5,0,1
2026-06-15 01:38:29,0,0,0,1,0,198.86,143,6750.13,0,0
2026-06-15 02:01:55,2,0,0,0,0,294.61,90,36622.43,0,0
2026-06-15 05:03:18,0,0,1,0,1,193.93,226,4488.62,0,1
2026-06-15 06:16:27,0,0,1,0,0,26.9,118,10313.4,0,0
2026-06-15 07:54:10,3,0,0,0,0,98.14,68,5911.42,0,0
2026-06-15 07:55:03,0,0,0,0,0,129.19,219,10699.87,0,0
2026-06-15 10:23:56,1,0,1,0,0,71.81,168,8224.1,0,0
2026-06-15 14:26:41,1,0,0,0,0,46.05,7,2808.65,0,0
2026-06-15 14:44:03,1,0,0,0,0,36.53,164,32276.92,0,0
2026-06-15 15:19:07,6,0,0,0,0,109.65,237,2731.07,0,0
2026-06-15 15:33:54,0,0,0,0,0,136.48,116,6609.38,0,0
2026-06-15 16:32:18,1,0,0,0,0,34.09,221,28376.05,0,0
2026-06-15 16:33:14,3,0,0,1,0,39.45,48,19160.65,0,0
2026-06-15 16:34:39,0,0,1,0,0,61.63,149,6854.3,0,0
2026-06-15 17:18:48,0,0,0,0,0,59.82,60,17275.67,0,0
2026-06-15 17:32:55,1,0,0,0,0,184.93,143,954.43,0,0
2026-06-15 18:18:25,0,1,1,1,0,57.43,7,231.73,0,0
2026-06-15 18:54:06,0,0,0,0,0,383.55,239,10331.1,0,0
2026-06-15 18:58:05,3,0,0,1,0,37.25,106,2781.45,0,0
2026-06-15 19:01:51,1,1,1,0,1,1770.49,220,38638.43,0,0
2026-06-15 20:38:10,5,0,0,0,0,142.27,189,10141.6,0,0
2026-06-15 22:16:34,3,1,0,0,0,99.53,9,10436.15,0,0
2026-06-15 22:59:28,1,0,1,0,0,45.74,181,2919.65,0,1
2026-06-16 00:05:26,0,0,0,1,1,446.43,94,22411.82,0,0
2026-06-16 00:08:21,0,0,0,0,0,92.71,243,40993.57,0,0
2026-06-16 02:19:30,0,0,0,0,0,107.48,249,21751.22,0,0
2026-06-16 03:59:04,4,0,0,0,0,29.79,224,54315.0,0,0
2026-06-16 04:23:36,0,0,0,0,0,41.02,108,15057.12,0,0
2026-06-16 06:53:24,0,0,0,0,0,198.1,205,15962.42,0,0
2026-06-16 07:39:12,1,0,0,0,0,166.34,174,4640.83,0,0
2026-06-16 08:22:08,0,0,0,0,0,20.31,225,2523.65,0,0
2026-06-16 08:51:28,0,0,0,0,0,270.84,194,13251.92,0,0
2026-06-16 09:35:41,1,0,0,0,0,98.89,84,6058.97,0,0
2026-06-16 10:55:04,0,0,1,0,0,68.67,109,6622.7,0,0
2026-06-16 12:37:25,0,0,0,0,0,22.42,150,10726.75,0,0
2026-06-16 13:09:32,0,0,0,0,0,131.01,35,3524.87,0,0
2026-06-16 13:22:34,2,0,1,1,0,253.57,90,2120.65,0,0
2026-06-16 13:33:54,1,0,1,1,1,100.73,131,10110.37,0,0
2026-06-16 13:55:07,0,1,0,0,0,73.55,169,33092.23,0,0
2026-06-16 14:32:32,1,0,0,0,0,209.66,51,62075.6,0,0
2026-06-16 15:07:16,0,0,0,0,0,304.75,21,4243.53,0,0
2026-06-16 16:15:48,5,0,0,0,0,7.49,29,16569.65,0,0
2026-06-16 16:30:14,0,0,0,0,0,156.57,243,981.88,0,0
2026-06-16 18:28:09,1,0,0,0,0,33.05,1,2464.9,0,0
2026-06-16 19:25:50,4,1,1,0,0,77.98,149,1611.18,0,0
2026-06-16 21:15:34,3,0,0,1,0,153.12,111,5194.53,0,0
2026-06-16 22:01:08,0,0,0,0,0,78.78,69,10083.58,0,0
2026-06-16 23:11:47,0,0,0,0,0,11.66,235,6295.07,0,0
2026-06-17 00:23:37,2,0,0,0,0,89.29,67,13335.55,0,0
2026-06-17 00:53:19,0,0,0,0,0,12.53,57,5757.5,0,0
2026-06-17 01:45:19,3,0,0,0,0,42.69,90,742.75,0,0
2026-06-17 03:12:39,2,0,1,1,0,81.7,172,5065.9,0,1
2026-06-17 03:30:44,2,0,0,0,0,475.77,156,4601.2,0,0
2026-06-17 04:22:19,0,0,0,0,0,129.8,100,25801.13,0,0
2026-06-17 06:15:00,2,0,0,0,0,36.14,227,18893.08,0,0
2026-06-17 06:26:11,1,0,0,0,0,209.19,173,5349.35,0,0
2026-06-17 07:35:45,3,1,1,1,1,384.56,213,26614.0,0,0
2026-06-17 08:40:21,0,0,0,0,0,48.45,62,6705.75,0,0
2026-06-17 09:48:07,0,0,0,0,0,104.13,151,4618.75,0,0
2026-06-17 09:54:26,0,0,0,1,0,52.86,130,5242.63,0,0
2026-06-17 10:11:34,0,0,0,0,0,130.78,47,5352.1,0,0
2026-06-17 10:39:48,1,0,0,0,0,105.16,69,758.67,0,0
2026-06-17 11:41:59,4,0,0,0,0,110.05,67,678.37,0,0
2026-06-17 13:39:38,0,0,0,1,0,54.52,9,2363.07,0,0
2026-06-17 16:29:51,3,0,0,0,0,5.67,56,11227.67,0,0
2026-06-17 16:31:02,0,0,0,0,0,206.13,41,11303.08,0,0
2026-06-17 17:58:49,0,0,0,0,0,7.69,86,17810.87,0,0
2026-06-17 17:59:09,0,0,0,0,0,62.37,20,13256.55,0,0
2026-06-17 18:24:34,0,0,0,0,0,35.95,60,2945.77,0,0
2026-06-17 18:57:34,4,0,0,0,1,527.17,41,146.53,0,0
2026-06-17 20:07:09,0,0,0,1,1,385.49,36,4717.15,0,0
2026-06-17 20:11:48,1,0,0,0,0,31.7,68,3617.63,0,0
2026-06-17 20:41:31,0,0,1,1,0,310.87,162,12945.37,0,0
2026-06-17 20:42:36,5,0,0,0,0,357.74,96,4131.43,0,0
2026-06-17 22:19:47,0,0,1,0,1,1269.18,207,4385.77,0,0
2026-06-17 22:49:56,0,0,1,0,0,74.37,143,3197.02,0,0
2026-06-17 23:10:53,0,0,0,0,0,4.96,192,6037.0,0,0
2026-06-17 23:44:14,0,1,1,0,0,162.83,209,4301.53,0,0
2026-06-17 23:46:03,0,0,0,0,0,18.7,42,17959.18,0,0
2026-06-18 00:41:42,3,0,0,0,0,15.38,158,20566.83,0,0
2026-06-18 00:52:22,1,0,0,0,0,55.18,100,1230.05,0,0
2026-06-18 01:50:16,1,0,0,0,0,42.7,13,10214.08,0,0
2026-06-18 02:09:38,1,0,0,0,0,10.16,70,10490.7,0,0
2026-06-18 03:56:56,0,0,0,0,0,16.01,31,23341.48,0,0
2026-06-18 04:24:55,0,1,1,0,0,487.14,148,7447.18,0,1
2026-06-18 05:14:16,7,0,0,0,0,132.74,144,10494.93,0,0
2026-06-18 06:52:13,3,1,1,1,1,1369.04,20,773.07,0,0
2026-06-18 11:24:15,4,1,1,0,1,542.78,66,14496.62,0,0
2026-06-18 11:49:19,3,0,0,0,0,55.94,144,395.05,0,0
2026-06-18 12:46:33,0,0,1,1,0,98.88,35,2857.02,0,0
2026-06-18 13:32:11,0,0,1,0,0,153.38,190,39118.07,0,0
2026-06-18 14:07:59,0,0,1,0,0,292.64,211,5935.98,0,1
2026-06-18 14:33:13,0,0,0,0,0,13.09,167,8944.33,0,0
2026-06-18 14:56:14,0,0,1,0,0,21.27,228,13522.08,0,0
2026-06-18 16:10:58,0,0,0,0,0,83.83,224,3611.9,0,0
2026-06-18 16:17:14,1,0,0,0,0,278.86,175,26955.1,0,0
2026-06-18 16:24:08,3,0,0,0,0,60.25,99,7912.45,0,0
2026-06-18 17:32:43,2,0,0,0,0,100.5,245,33197.08,0,0
2026-06-18 17:57:53,5,0,1,0,0,34.78,4,25960.05,0,0
2026-06-18 19:43:06,0,0,0,0,0,166.99,33,10418.5,0,0
2026-06-18 21:04:17,0,1,1,1,0,92.95,198,20989.45,0,0
2026-06-18 23:45:19,1,0,1,0,0,48.1,117,16581.92,0,0
2026-06-19 01:32:33,0,0,0,0,0,78.22,247,11808.82,0,0
2026-06-19 02:08:27,0,0,0,0,0,118.66,120,11366.83,0,0
2026-06-19 04:09:15,0,0,0,0,0,24.02,160,36267.63,0,0
2026-06-19 05:40:08,0,0,0,1,0,41.77,195,17624.07,0,0
2026-06-19 06:41:06,1,0,1,0,0,28.84,52,10218.8,0,0
2026-06-19 09:02:51,0,0,1,0,0,322.29,21,3955.58,0,0
2026-06-19 09:11:41,1,0,0,0,0,4.39,104,7808.05,0,0
2026-06-19 09:41:59,1,1,1,0,0,5.81,26,6528.32,0,0
2026-06-19 10:30:13,0,0,0,0,0,43.96,47,2898.65,0,0
2026-06-19 11:46:35,0,0,0,0,0,77.22,135,36421.43,0,0
2026-06-19 12:54:25,0,0,0,0,0,39.88,103,10785.78,0,0
2026-06-19 13:23:37,0,1,1,0,0,194.44,238,13104.8,0,1
2026-06-19 13:31:11,2,0,0,0,0,18.56,160,561.93,0,0
2026-06-19 14:05:53,2,0,0,1,0,45.35,101,8203.65,0,0
2026-06-19 17:39:35,1,0,0,0,1,1004.0,123,22860.32,0,0
2026-06-19 19:11:36,0,0,0,0,0,22.59,79,24217.47,0,0
2026-06-19 19:16:49,1,0,0,0,0,34.26,4,1518.93,0,0
2026-06-19 19:36:23,1,0,0,0,0,294.52,209,2632.15,0,0
2026-06-19 20:57:49,0,0,0,0,0,73.44,166,7455.35,0,0
2026-06-19 21:04:01,1,1,0,0,0,203.77,249,5444.52,0,0
2026-06-19 22:08:36,0,0,0,0,0,31.38,237,6169.48,0,0
2026-06-19 22:12:59,1,0,0,0,0,94.77,82,11848.05,0,0
2026-06-20 00:19:02,2,0,1,0,0,144.07,209,282.65,0,0
2026-06-20 00:32:29,0,0,0,1,0,54.75,106,6094.4,0,0
2026-06-20 01:12:50,2,0,0,0,0,98.01,117,1527.52,0,0
2026-06-20 01:28:45,0,0,0,0,0,198.94,116,6354.85,0,0
2026-06-20 02:41:37,0,0,0,0,0,15.17,142,18644.4,0,1
2026-06-20 03:26:27,6,0,1,1,0,43.81,52,1245.35,0,0
2026-06-20 03:38:26,5,0,0,0,0,173.67,1,4870.28,0,0
2026-06-20 04:12:35,0,0,0,0,0,26.25,161,29706.93,0,0
2026-06-20 07:10:51,0,0,0,0,0,81.22,145,42053.88,0,0
2026-06-20 07:55:32,0,0,0,0,0,57.63,160,1104.35,0,0
2026-06-20 07:58:15,0,0,0,0,0,109.33,40,30901.05,0,0
2026-06-20 08:04:43,3,0,1,0,1,1653.95,113,49772.87,0,1
2026-06-20 08:18:44,5,0,1,1,0,86.39,245,2326.02,0,0
2026-06-20 09:39:51,1,0,0,0,0,293.33,170,11068.15,0,0
2026-06-20 09:41:32,0,0,0,0,0,19.28,159,40761.78,0,0
2026-06-20 10:28:03,1,0,0,0,0,180.23,102,26657.0,0,0
2026-06-20 12:20:08,0,0,0,0,0,67.22,39,28495.07,0,0
2026-06-20 13:38:46,4,0,1,0,1,1626.23,155,21324.03,0,0
2026-06-20 14:24:45,3,0,0,0,0,31.99,181,6685.28,0,0
2026-06-20 15:05:51,1,0,0,0,0,9.94,48,7112.62,0,0
2026-06-20 15:35:08,0,0,0,0,0,150.38,121,12418.53,0,0
2026-06-20 16:41:12,0,0,0,1,0,29.0,81,29526.43,0,0
2026-06-20 16:59:11,0,0,1,0,0,49.48,222,20984.33,0,0
2026-06-20 17:51:44,3,1,1,0,0,4.87,231,25316.22,0,1
2026-06-20 17:52:47,0,0,0,0,0,105.04,134,13987.12,0,0
2026-06-20 19:27:56,0,0,0,0,0,116.3,185,13156.45,0,0
2026-06-20 21:22:40,0,0,0,0,0,231.93,203,25466.85,0,0
2026-06-20 22:36:57,3,0,0,1,0,221.66,134,284.17,0,0
2026-06-20 23:08:13,0,1,1,1,0,122.12,222,369.03,0,0
2026-06-20 23:43:14,3,0,0,1,0,38.88,82,1530.25,0,0
2026-06-20 23:46:04,4,0,0,0,0,46.94,41,4608.5,0,0
2026-06-21 00:15:21,5,0,0,0,0,48.08,132,13826.22,0,0
2026-06-21 00:24:14,0,0,0,0,0,13.88,224,3373.27,0,0
2026-06-21 04:21:21,0,0,1,0,0,294.29,9,5201.72,0,1
2026-06-21 04:23:14,0,0,1,1,0,170.47,67,5321.25,0,0
2026-06-21 05:22:32,0,0,0,0,0,15.7,27,39975.37,0,0
2026-06-21 07:38:10,0,0,0,0,0,292.74,67,194.93,0,0
2026-06-21 07:41:39,1,0,0,0,0,185.29,46,10205.25,0,0
2026-06-21 08:21:51,0,0,0,0,0,251.15,219,8666.8,0,0
2026-06-21 10:03:44,3,0,0,0,0,33.64,181,1178.98,0,0
2026-06-21 10:25:34,0,1,1,0,1,613.24,184,9761.83,0,0
2026-06-21 10:29:03,1,0,0,0,0,63.47,185,901.12,0,0
2026-06-21 11:39:09,2,0,0,0,0,25.39,228,4122.92,0,1
2026-06-21 11:55:27,2,0,0,0,0,62.63,205,7502.05,0,0
2026-06-21 12:24:29,4,0,0,0,0,0.92,126,13295.05,0,1
2026-06-21 15:05:58,2,0,0,0,0,209.99,112,12747.33,0,0
2026-06-21 15:17:25,4,0,0,0,0,17.71,136,10860.98,0,0
2026-06-21 16:31:41,0,0,1,0,0,69.48,14,12829.23,0,0
2026-06-21 16:41:59,1,0,0,0,0,264.26,218,29329.62,0,0
2026-06-21 17:32:48,0,0,0,0,0,172.03,101,3086.92,0,0
2026-06-21 17:51:02,0,0,0,0,0,149.67,57,6777.72,0,0
2026-06-21 18:17:40,0,1,1,0,0,93.0,29,7321.87,0,1
2026-06-21 19:11:06,0,0,0,0,0,57.32,131,7537.2,0,0
2026-06-21 20:06:07,0,0,0,0,0,59.07,216,43986.47,0,0
2026-06-21 22:37:11,0,0,0,0,0,9.1,143,5747.25,0,0
2026-06-21 23:07:41,0,0,1,0,0,6.7,101,334.88,0,0
2026-06-22 03:28:10,4,0,0,0,0,185.43,142,2926.55,0,1
2026-06-22 03:57:43,0,0,0,0,0,52.54,104,4006.03,0,0
2026-06-22 05:48:48,2,0,0,0,0,5.55,223,11722.33,0,0
2026-06-22 05:59:56,0,0,0,1,0,108.78,11,14006.47,0,0
2026-06-22 06:04:54,4,0,0,0,0,114.98,125,10980.12,0,0
2026-06-22 06:08:30,4,0,0,0,0,25.8,26,4106.52,0,0
2026-06-22 06:36:39,1,0,0,0,0,52.89,193,12010.22,0,0
2026-06-22 07:27:40,1,0,0,0,0,85.2,25,12404.58,0,0
2026-06-22 08:16:49,0,0,0,0,0,90.7,62,7176.47,0,0
2026-06-22 09:07:50,7,0,0,0,0,71.56,149,8022.0,0,0
2026-06-22 09:42:49,3,0,1,0,0,45.29,51,8350.28,0,0
2026-06-22 10:39:52,4,0,0,0,0,7.13,98,48969.72,0,0
2026-06-22 10:53:47,1,0,1,0,1,33.8,67,1635.62,0,0
2026-06-22 11:02:06,0,0,0,0,0,61.53,113,3057.38,0,0
2026-06-22 11:57:21,4,0,0,1,0,22.68,182,16023.98,0,0
2026-06-22 14:06:00,0,0,1,0,0,278.85,7,9827.58,0,0
2026-06-22 14:23:04,1,0,0,1,1,1534.22,11,503.13,0,0
2026-06-22 15:25:45,0,0,0,0,0,88.07,223,576.95,0,0
2026-06-22 15:46:05,4,0,0,0,0,52.18,90,8040.77,0,0
2026-06-22 16:02:50,0,0,0,1,0,39.98,23,14093.02,0,0
2026-06-22 16:18:39,0,0,0,0,0,19.82,208,13003.52,0,0
2026-06-22 16:53:15,1,0,0,0,0,6.2,242,21439.22,0,0
2026-06-22 17:16:38,2,0,0,0,0,100.65,211,5948.65,0,0
2026-06-22 18:33:56,1,0,1,0,0,151.05,148,6609.02,0,0
2026-06-22 18:41:08,0,0,0,1,0,195.03,186,38507.48,0,0
2026-06-22 19:16:04,0,0,0,0,0,128.85,119,16325.18,0,0
2026-06-22 19:22:41,2,0,0,1,0,227.25,74,14596.37,0,0
2026-06-22 19:31:55,7,1,1,0,0,406.32,44,13130.82,0,0
2026-06-22 19:45:03,3,0,0,0,0,326.15,120,5376.6,0,0
2026-06-22 20:00:28,0,0,0,0,0,89.71,185,2011.42,0,0
2026-06-22 21:05:51,4,0,1,0,0,25.39,110,14916.37,0,0
2026-06-22 21:16:28,0,0,1,0,0,11.24,22,21339.72,0,0
2026-06-22 22:04:44,1,0,0,0,0,510.36,215,20818.67,0,0
2026-06-22 22:25:50,0,1,1,0,0,36.87,8,13795.78,0,0
2026-06-22 22:39:31,0,0,0,0,0,3.46,103,4905.1,0,0
2026-06-22 22:45:42,2,0,0,0,0,49.6,13,7015.43,0,1
2026-06-22 23:39:12,1,1,1,0,1,2068.08,77,19704.2,0,0
2026-06-23 00:24:38,0,0,0,0,0,221.46,135,5078.05,0,0
2026-06-23 00:42:52,0,0,0,0,0,64.93,29,1825.2,0,0
2026-06-23 01:36:04,0,0,0,0,0,34.82,173,8349.88,0,0
2026-06-23 01:38:06,1,0,0,0,0,150.69,9,2716.75,0,0
2026-06-23 03:44:42,0,0,0,0,0,70.07,90,718.62,0,0
2026-06-23 03:56:46,0,1,0,0,0,9.0,134,3199.82,0,0
2026-06-23 04:12:04,1,0,1,0,1,3280.54,33,6268.97,0,1
2026-06-23 04:39:00,1,0,1,0,0,106.66,29,236.13,0,0
2026-06-23 05:37:04,2,0,1,0,1,56.26,83,13431.73,0,0
2026-06-23 07:45:28,1,0,0,0,0,0.91,32,15923.55,0,0
2026-06-23 08:37:29,4,0,0,0,0,9.18,149,1409.65,0,0
2026-06-23 10:49:17,5,0,1,0,0,172.57,185,888.82,0,0
2026-06-23 11:16:51,3,0,0,0,0,65.64,17,29036.42,0,0
2026-06-23 11:46:13,1,0,0,0,0,40.84,98,1506.35,0,0
2026-06-23 12:20:37,0,0,0,0,0,28.67,211,1143.98,0,0
2026-06-23 13:02:07,7,0,1,0,1,1060.44,61,17181.15,0,0
2026-06-23 13:08:35,0,0,0,0,0,8.67,75,23111.07,0,0
2026-06-23 13:56:40,0,0,0,0,0,96.02,60,8372.1,0,0
2026-06-23 14:30:12,0,0,0,0,0,47.89,164,11506.15,0,0
2026-06-23 15:48:44,0,0,1,0,1,2932.55,118,12092.28,0,1
2026-06-23 17:07:12,6,0,0,0,0,140.42,151,9079.08,0,0
2026-06-23 17:58:52,1,0,0,0,0,1.85,87,36733.35,0,0
2026-06-23 18:34:21,1,0,0,0,0,18.21,98,408.13,0,0
2026-06-23 19:13:10,1,0,1,1,1,963.78,227,9418.17,0,0
2026-06-23 19:19:00,0,0,0,0,0,107.49,145,5048.15,0,0
2026-06-23 20:15:17,0,0,1,0,0,125.57,13,1289.58,0,0
2026-06-23 20:25:40,1,0,0,0,0,169.41,224,4081.43,0,0
2026-06-23 21:52:20,2,0,1,0,0,5.05,81,4631.13,0,0
2026-06-24 00:04:48,0,0,0,0,0,1.87,6,46648.97,0,0
2026-06-24 00:48:11,2,0,1,0,1,1376.33,244,15487.75,0,1
2026-06-24 01:01:50,0,0,1,1,0,128.67,191,19463.07,0,0
2026-06-24 01:31:18,0,0,1,0,0,154.5,171,30182.87,0,1
2026-06-24 02:15:16,0,0,0,0,0,16.93,170,5315.42,0,0
2026-06-24 02:43:23,0,0,1,0,1,5197.93,240,34871.08,0,0
2026-06-24 02:52:42,3,0,0,0,0,26.06,171,81.4,0,0
2026-06-24 04:23:44,3,0,0,0,0,28.81,228,3884.58,0,0
2026-06-24 04:28:57,0,0,0,0,0,16.76,153,27688.8,0,0
2026-06-24 05:28:00,1,0,0,1,1,66.32,56,9418.15,0,1
2026-06-24 05:36:10,2,0,1,0,0,165.93,179,36851.85,0,0
2026-06-24 06:07:16,0,1,1,0,0,0.57,67,2593.48,0,0
2026-06-24 06:13:44,0,0,1,0,0,62.32,56,45.73,0,0
2026-06-24 06:56:00,6,1,1,1,0,9.65,111,10660.43,0,0
2026-06-24 08:05:52,1,0,0,1,0,4.58,191,424.03,0,0
2026-06-24 10:43:02,7,0,1,1,1,4092.16,15,21514.08,0,0
2026-06-24 11:24:21,0,0,0,0,0,174.53,191,198.48,0,0
2026-06-24 11:34:28,2,0,0,1,0,50.23,46,4552.82,0,0
2026-06-24 12:23:56,0,0,0,0,0,61.36,18,14195.27,0,0
2026-06-24 12:35:09,0,0,0,0,0,202.58,10,18615.17,0,0
2026-06-24 12:50:13,1,0,0,0,0,159.37,133,35498.3,0,0
2026-06-24 14:48:29,0,0,1,1,1,1764.61,166,6830.67,0,1
2026-06-24 18:13:23,0,0,0,0,0,76.91,213,10717.63,0,0
2026-06-24 18:25:40,0,1,0,0,0,93.6,172,10993.02,0,0
2026-06-24 19:03:16,0,0,0,0,0,49.98,129,30063.73,0,0
2026-06-24 19:20:23,2,0,0,0,0,75.1,53,15656.32,0,0
2026-06-24 19:51:41,0,0,0,0,0,77.59,44,2899.77,0,0
2026-06-24 20:38:42,0,0,0,0,0,200.13,25,3671.03,0,0
2026-06-24 21:27:33,0,0,0,0,0,24.67,43,41802.65,0,0
2026-06-24 21:38:20,0,0,1,0,0,28.32,157,19768.12,0,0
2026-06-24 22:49:10,1,0,0,1,1,355.36,170,1233.9,0,0
2026-06-24 23:08:46,0,0,0,1,0,86.55,226,14045.47,0,0
2026-06-24 23:21:55,2,0,1,0,0,118.8,111,985.92,0,0
2026-06-24 23:40:05,0,0,0,0,0,27.25,187,27808.35,0,0
2026-06-25 00:08:04,0,1,1,0,0,113.0,83,2551.0,0,0
2026-06-25 01:30:40,4,1,1,0,0,98.91,182,3693.32,0,0
2026-06-25 01:48:22,2,0,0,0,0,38.72,51,3845.55,0,1
2026-06-25 03:35:55,0,0,1,0,0,26.11,172,550.25,0,0
2026-06-25 04:00:15,3,0,0,0,0,213.54,54,17385.9,0,0
2026-06-25 04:22:43,0,0,0,0,0,84.32,183,31505.02,0,0
2026-06-25 04:33:15,3,0,1,0,0,121.71,19,17005.0,0,0
2026-06-25 05:40:49,1,0,0,0,0,259.48,228,1517.08,0,0
2026-06-25 07:54:03,1,0,1,0,0,22.99,189,13635.88,0,1
2026-06-25 07:55:30,7,0,0,0,0,43.16,12,29170.92,0,0
2026-06-25 09:09:54,0,0,0,0,0,57.0,32,2964.43,0,0
2026-06-25 09:58:12,1,0,1,1,1,397.7,214,44951.22,0,0
2026-06-25 11:20:18,0,0,0,0,0,183.52,129,977.03,0,0
2026-06-25 11:20:25,0,0,1,0,0,8.71,1,7661.98,0,0
2026-06-25 11:38:46,0,0,0,1,0,27.33,229,22326.17,0,0
2026-06-25 12:01:40,0,0,0,0,0,21.2,24,25212.98,0,0
2026-06-25 12:30:29,1,0,0,0,0,306.6,77,3651.28,0,0
2026-06-25 13:36:10,1,0,0,0,0,98.71,241,27310.37,0,0
2026-06-25 14:02:01,1,0,1,0,1,1889.31,49,20528.52,0,0
2026-06-25 14:13:05,0,0,0,0,0,11.48,92,15982.7,0,0
2026-06-25 14:34:26,0,0,1,0,0,21.57,225,13332.3,0,0
2026-06-25 15:26:57,4,0,1,0,0,166.01,90,3582.25,0,0
2026-06-25 15:34:37,0,0,0,0,0,83.87,17,3137.77,0,0
2026-06-25 19:05:43,1,0,0,0,0,4.62,25,1347.02,0,0
2026-06-25 19:17:38,2,0,0,0,0,83.4,63,40374.7,0,0
2026-06-25 20:03:37,2,1,1,1,0,64.51,160,7928.08,0,0
2026-06-25 21:07:00,1,0,0,1,0,16.69,2,16566.22,0,0
2026-06-25 22:22:42,3,0,1,0,0,89.88,246,23625.53,0,0
2026-06-26 00:03:54,0,0,0,0,0,19.09,107,25368.25,0,0
2026-06-26 00:45:00,4,0,0,0,0,166.84,30,26411.77,0,0
2026-06-26 01:30:04,0,0,0,0,0,96.36,114,29299.1,0,0
2026-06-26 01:31:53,0,0,0,0,0,205.04,206,17418.13,0,0
2026-06-26 02:06:07,0,0,0,0,0,55.28,77,815.63,0,0
2026-06-26 02:14:15,2,0,1,1,1,1075.92,165,35699.55,0,0
2026-06-26 02:16:26,0,0,0,0,0,142.96,245,8277.7,0,0
2026-06-26 03:53:24,0,0,0,1,1,1185.4,75,3764.82,0,0
2026-06-26 05:35:59,0,0,1,1,0,84.86,59,16339.77,0,1
2026-06-26 06:53:04,4,0,0,0,0,80.6,173,4637.0,0,0
2026-06-26 07:07:48,3,0,0,0,0,67.59,176,38366.17,0,0
2026-06-26 07:40:22,1,0,0,0,0,163.83,73,45169.45,0,0
2026-06-26 07:42:25,1,1,1,0,0,66.4,228,1561.6,0,0
2026-06-26 08:12:33,0,0,0,0,0,231.06,22,4976.08,0,0
2026-06-26 08:35:07,0,0,0,0,1,2480.22,68,12263.32,0,0
2026-06-26 09:14:27,4,0,1,1,1,1768.63,223,5388.7,0,0
2026-06-26 11:56:58,0,0,0,0,0,228.93,171,3424.27,0,0
2026-06-26 14:37:07,0,0,0,0,0,77.02,230,20414.62,0,0
2026-06-26 15:18:46,0,0,0,0,0,172.51,243,14328.53,0,0
2026-06-26 18:15:18,0,0,0,0,0,27.68,116,9646.55,0,0
2026-06-26 19:14:24,0,0,1,1,1,113.66,233,22056.48,0,1
2026-06-26 19:19:47,1,1,1,1,1,1732.78,193,6523.13,0,0
2026-06-26 20:39:23,0,0,1,1,1,538.47,183,2416.67,0,0
2026-06-26 22:01:09,1,0,0,0,0,100.68,147,39491.87,0,0
2026-06-26 22:12:50,0,0,0,0,0,8.06,64,54750.3,0,0
2026-06-26 22:20:55,0,0,0,0,0,311.56,9,5562.82,0,0
2026-06-26 22:28:58,0,0,0,0,0,72.38,204,29823.52,0,0
2026-06-26 23:52:41,2,0,0,0,0,0.96,167,12079.47,0,0
2026-06-27 00:57:54,0,0,0,0,0,64.64,171,780.93,0,0
2026-06-27 01:22:37,1,0,1,0,1,2338.98,162,13241.1,0,1
2026-06-27 02:05:17,2,0,0,0,0,200.41,203,8922.62,0,0
2026-06-27 02:06:51,1,1,0,0,0,61.85,229,2308.08,0,0
2026-06-27 04:43:04,0,0,0,0,0,13.46,63,2005.43,0,0
2026-06-27 06:14:56,0,1,0,0,0,236.63,176,1387.13,0,0
2026-06-27 06:15:38,0,1,1,0,0,397.23,175,12358.4,0,0
2026-06-27 06:20:31,1,0,0,0,0,6.53,145,4981.52,0,0
2026-06-27 06:52:50,0,0,1,1,1,121.93,209,10473.8,0,0
2026-06-27 07:55:33,3,0,0,0,0,83.38,119,6519.48,0,0
2026-06-27 08:37:33,3,0,0,0,0,76.34,208,6738.9,0,0
2026-06-27 09:02:19,0,0,0,0,0,88.83,44,3670.63,0,0
2026-06-27 10:09:09,0,0,0,0,0,38.14,151,5341.95,0,0
2026-06-27 10:11:42,1,0,0,0,0,5.17,107,2047.8,0,0
2026-06-27 10:18:13,0,0,1,1,1,1302.51,40,10219.97,0,0
2026-06-27 12:01:35,0,0,0,0,0,16.42,104,7683.87,0,0
2026-06-27 12:40:44,4,0,0,1,0,41.74,12,3165.23,0,0
2026-06-27 13:08:30,0,0,1,0,0,87.33,215,6663.77,0,0
2026-06-27 13:37:01,4,0,0,0,0,23.38,51,3588.65,0,0
2026-06-27 13:44:36,2,0,0,0,0,78.19,211,5843.98,0,0
2026-06-27 14:47:31,2,0,0,0,0,125.43,50,25352.85,0,0
2026-06-27 17:09:57,0,0,0,0,0,6.8,224,5564.28,0,0
2026-06-27 18:16:29,0,1,1,0,0,96.62,193,1376.7,0,0
2026-06-27 18:21:47,1,0,0,0,0,71.22,79,11470.18,0,0
2026-06-27 20:20:31,0,0,0,1,0,10.25,176,845.58,0,0
2026-06-27 21:57:48,0,0,1,0,0,122.54,24,3476.13,0,0
2026-06-27 23:57:05,0,0,0,0,1,558.53,189,3843.03,0,0
2026-06-28 00:21:03,0,0,0,0,0,20.13,54,4100.8,0,0
2026-06-28 01:39:10,0,0,0,0,0,33.19,53,4698.78,0,0
2026-06-28 02:39:15,2,0,0,0,0,79.01,49,3637.23,0,0
2026-06-28 04:01:15,0,0,0,0,0,86.76,124,86166.65,0,0
2026-06-28 04:37:12,0,0,1,1,1,278.86,117,11724.37,0,0
2026-06-28 04:48:22,1,0,0,0,0,275.89,90,3681.42,0,0
2026-06-28 06:58:22,6,0,1,0,0,39.89,168,18514.43,0,0
2026-06-28 07:52:50,0,0,0,0,0,31.24,127,38645.13,0,0
2026-06-28 08:34:55,0,0,1,0,0,20.67,152,29334.17,0,0
2026-06-28 09:41:46,1,0,1,0,0,12.84,202,46121.92,0,0
2026-06-28 10:41:55,4,0,1,1,1,6032.92,198,13777.63,0,0
2026-06-28 11:37:20,2,0,0,0,0,112.31,194,17445.87,0,0
2026-06-28 12:20:47,1,0,0,0,0,154.66,125,9015.88,0,1
2026-06-28 13:44:13,0,0,1,0,0,51.33,34,21586.98,0,0
2026-06-28 15:00:22,1,0,0,0,0,53.55,146,23207.38,0,0
2026-06-28 16:33:45,0,1,0,1,0,433.45,88,42265.68,0,1
2026-06-28 17:30:42,1,0,1,0,0,22.4,204,2581.73,0,0
2026-06-28 18:46:26,2,0,0,0,0,39.59,152,611.52,0,0
2026-06-28 18:49:11,6,0,1,0,0,21.71,72,21606.85,0,0
2026-06-28 19:07:20,0,0,0,0,0,33.22,129,4787.03,0,0
2026-06-28 19:51:48,0,0,0,0,0,108.94,173,3658.73,0,0
2026-06-28 20:28:22,1,0,0,1,0,36.95,153,6719.42,0,0
2026-06-28 20:45:51,2,0,0,0,0,208.36,10,6250.7,0,0
2026-06-28 22:27:20,2,0,0,0,0,4.99,100,15694.97,0,0
2026-06-28 23:22:45,0,0,0,0,0,43.81,41,11496.68,0,0
2026-06-29 00:31:28,0,1,1,0,1,2956.76,7,9265.47,0,0
2026-06-29 03:41:47,1,0,0,0,0,97.12,51,2284.77,0,0
2026-06-29 04:20:15,0,0,0,0,0,147.39,93,70589.1,0,0
2026-06-29 05:30:15,3,0,0,0,0,39.1,26,10041.75,0,0
2026-06-29 05:38:39,0,0,0,0,0,46.09,234,29361.12,0,0
2026-06-29 06:03:48,2,0,1,1,0,219.13,227,7850.63,0,0
2026-06-29 08:19:42,1,0,1,1,1,2076.91,160,5056.08,0,0
2026-06-29 08:22:17,2,0,0,0,0,48.49,178,53094.63,0,0
2026-06-29 12:01:58,0,0,1,0,0,24.25,119,3126.42,0,0
2026-06-29 12:10:29,3,0,0,0,0,11.24,40,2992.27,0,0
2026-06-29 12:27:15,0,0,0,0,0,197.93,96,16784.65,0,0
2026-06-29 12:52:12,1,0,0,0,0,119.62,33,9160.13,0,0
2026-06-29 13:01:27,0,0,1,0,0,93.48,247,15088.9,0,0
2026-06-29 13:04:19,0,1,1,0,0,149.87,82,12321.08,0,0
2026-06-29 14:11:46,0,0,0,0,0,246.5,103,9572.25,0,0
2026-06-29 15:36:12,0,0,1,0,0,143.38,86,17137.38,0,0
2026-06-29 16:07:45,6,0,0,0,0,54.59,15,7524.72,0,0
2026-06-29 17:03:20,0,0,1,0,0,19.42,233,4188.93,0,0
2026-06-29 18:48:04,2,0,0,0,0,125.11,151,3398.92,0,0
2026-06-29 19:07:22,7,0,0,0,0,28.33,105,23206.15,0,0
2026-06-29 20:08:42,0,0,0,0,0,152.61,229,3961.85,0,0
2026-06-29 20:39:33,1,0,1,0,0,41.36,141,36838.35,0,0
2026-06-29 20:43:04,0,0,0,1,0,17.05,22,5070.52,0,0
2026-06-29 20:50:27,0,0,0,0,0,29.39,237,14321.85,0,0
2026-06-29 21:16:51,0,0,0,0,0,31.01,86,340.65,0,0
2026-06-29 22:45:46,5,0,0,0,0,47.61,64,4352.93,0,1
2026-06-29 23:47:50,0,0,0,0,0,29.75,93,1167.58,0,0
2026-06-30 01:00:28,1,0,1,1,0,25.56,131,11869.37,0,0
2026-06-30 02:07:55,1,1,1,0,0,49.72,19,7054.67,0,0
2026-06-30 02:17:23,3,0,1,0,1,3038.57,236,30352.33,0,1
2026-06-30 07:28:34,0,0,0,0,0,7.31,49,3169.32,0,0
2026-06-30 09:42:06,1,0,0,0,0,35.13,100,2114.77,0,0
2026-06-30 10:28:22,1,0,0,0,0,82.62,179,8932.2,0,0
2026-06-30 10:44:21,1,0,0,0,0,207.53,167,4971.67,0,0
2026-06-30 11:32:19,5,1,1,0,0,33.43,198,2930.4,0,1
2026-06-30 11:39:34,3,0,1,0,0,42.89,14,12667.88,0,1
2026-06-30 12:48:58,0,0,0,0,0,159.92,156,19278.23,0,0
2026-06-30 12:51:00,0,0,0,0,0,46.6,159,14589.47,0,0
2026-06-30 13:14:51,0,0,0,0,0,190.75,185,10225.57,0,0
2026-06-30 13:36:51,0,0,0,0,0,60.75,173,2505.05,0,0
2026-06-30 15:02:19,0,0,1,0,0,84.19,218,12860.33,0,1
2026-06-30 15:34:06,0,0,0,0,0,82.3,115,41202.92,0,0
2026-06-30 15:35:21,0,0,1,1,0,12.7,134,10778.58,0,0
2026-06-30 17:23:34,6,0,0,0,0,43.84,249,15619.55,0,0
2026-06-30 18:18:12,0,1,1,0,0,27.65,42,18392.15,0,0
2026-06-30 19:33:04,4,0,1,0,1,1723.38,3,41757.82,0,0
2026-06-30 20:13:18,0,0,0,0,0,271.28,137,25961.28,0,0
2026-06-30 22:50:02,1,0,0,0,0,23.88,3,196.97,0,0
2026-07-01 02:44:05,3,0,0,0,0,9.57,81,10371.75,0,0
2026-07-01 03:18:24,0,0,1,1,0,70.64,27,14275.87,0,0
2026-07-01 04:02:36,0,0,0,0,0,49.57,51,2900.82,0,0
2026-07-01 07:00:45,0,0,0,0,0,3.64,14,1161.18,0,0
2026-07-01 07:17:02,0,1,1,1,0,254.62,101,13449.35,0,0
2026-07-01 08:38:54,4,0,0,0,0,281.59,232,26256.17,0,0
2026-07-01 10:02:09,3,0,1,0,0,189.99,239,22508.05,0,0
2026-07-01 11:16:26,0,0,0,0,0,32.92,177,31345.27,0,0
2026-07-01 12:33:15,0,0,1,0,1,195.89,4,16876.43,0,0
2026-07-01 13:15:44,0,0,0,0,0,89.77,234,3337.08,0,0
2026-07-01 16:26:45,0,0,0,0,0,33.06,176,5526.23,0,0
2026-07-01 17:15:26,1,0,0,0,0,22.53,200,30465.08,0,0
2026-07-01 17:54:12,0,0,1,0,0,102.53,139,33777.1,0,0
2026-07-01 18:35:28,1,0,1,0,0,138.78,61,11853.35,0,0
2026-07-01 19:41:29,0,0,1,0,0,74.93,86,2784.63,0,0
2026-07-01 20:11:12,0,0,1,0,0,38.57,180,24853.1,0,0
2026-07-01 20:40:15,1,1,1,0,0,71.85,115,1746.15,0,0
2026-07-01 20:44:48,0,0,1,0,0,91.56,33,3352.6,0,1
2026-07-01 20:54:02,6,0,0,0,0,5.33,106,17061.55,0,0
2026-07-01 21:36:53,3,0,0,0,0,58.67,172,9720.97,0,0
2026-07-01 22:28:56,0,0,1,1,0,91.21,32,9439.03,0,0
2026-07-01 23:42:03,0,0,0,1,0,13.87,216,14615.93,0,0
2026-07-01 23:51:48,3,0,0,0,0,59.57,2,8804.8,0,0
2026-07-02 00:24:19,4,0,0,0,0,42.58,95,50289.27,0,0
2026-07-02 00:51:47,3,0,1,0,0,202.41,135,12987.15,0,0
2026-07-02 02:15:03,0,0,0,0,0,67.21,179,2386.68,0,0
2026-07-02 02:36:49,7,0,0,1,1,833.41,213,10583.43,0,0
2026-07-02 04:17:38,0,0,0,0,0,27.96,62,14160.82,0,0
2026-07-02 04:44:33,2,0,1,0,0,315.76,230,8047.43,0,0
2026-07-02 06:38:34,4,0,0,0,0,324.83,12,6837.83,0,0
2026-07-02 08:17:11,0,0,0,0,0,45.69,67,11649.92,0,0
2026-07-02 08:17:46,4,0,1,0,1,3968.46,240,11854.38,0,1
2026-07-02 09:28:30,0,0,1,0,0,96.39,80,36792.43,0,0
2026-07-02 10:28:32,6,0,0,0,0,151.89,22,3705.47,0,0
2026-07-02 13:30:29,0,0,1,1,1,141.21,203,7885.2,0,0
2026-07-02 16:13:35,5,0,1,0,0,2.15,167,3209.23,0,0
2026-07-02 17:14:19,0,1,1,1,0,72.17,142,15226.15,0,0
2026-07-02 17:30:03,2,0,0,0,0,7.89,234,1694.32,0,0
2026-07-02 18:57:04,1,0,1,1,0,222.29,77,9650.95,0,0
2026-07-02 19:29:58,0,0,0,0,0,171.56,16,53766.28,0,0
2026-07-02 20:12:46,0,0,0,0,0,125.47,92,10439.68,0,0
2026-07-02 20:18:34,2,0,0,0,0,3.19,71,26687.8,0,0
2026-07-02 21:30:31,0,1,1,0,0,61.31,18,12066.58,0,0
2026-07-02 21:58:37,1,0,0,0,0,8.13,79,7416.83,0,0
2026-07-02 22:16:53,0,0,1,0,1,3960.08,210,38578.63,0,1
2026-07-02 22:22:29,5,0,1,0,0,94.83,47,19432.27,0,0
2026-07-02 22:36:07,0,0,0,0,0,17.02,203,545.63,0,0
2026-07-02 23:14:18,0,0,1,0,1,1233.55,203,38.18,0,0
2026-07-02 23:24:28,0,0,0,0,0,12.62,51,2601.87,0,0
2026-07-03 01:00:28,0,0,0,0,0,15.74,39,18040.33,0,0
2026-07-03 02:45:33,0,0,1,0,0,8.44,145,8425.03,0,0
2026-07-03 02:46:58,0,0,0,0,0,205.36,104,8085.38,0,0
2026-07-03 03:24:37,3,0,0,0,0,78.9,116,9189.32,0,1
2026-07-03 03:25:21,2,0,0,0,0,39.74,60,13768.68,0,0
2026-07-03 03:25:54,1,0,0,0,0,0.07,6,13161.1,0,0
2026-07-03 04:33:30,0,0,1,0,0,63.87,46,12539.03,0,0
2026-07-03 05:16:00,1,0,0,0,0,71.9,69,22716.2,0,0
2026-07-03 06:23:33,0,0,0,0,0,41.03,33,2018.75,0,0
2026-07-03 07:35:16,2,0,0,0,0,66.23,85,52048.12,0,0
2026-07-03 08:14:17,0,0,0,0,0,10.62,117,7417.08,0,0
2026-07-03 08:27:20,0,0,0,0,0,255.18,183,9347.95,0,0
2026-07-03 08:40:33,0,0,0,0,0,29.89,121,18305.42,0,0
2026-07-03 08:57:13,3,1,0,0,0,296.61,201,64317.25,0,0
2026-07-03 09:26:27,0,1,0,0,0,67.9,161,19033.87,0,1
2026-07-03 10:19:35,1,0,0,1,0,194.3,197,28782.55,0,0
2026-07-03 10:21:55,0,0,1,1,0,86.09,20,21809.7,0,0
2026-07-03 11:01:12,2,0,0,0,0,186.06,151,5293.13,0,0
2026-07-03 11:01:38,4,0,0,0,0,1.02,37,61686.67,0,0
2026-07-03 11:10:28,0,0,0,0,0,20.64,226,12241.7,0,0
2026-07-03 13:41:07,0,0,1,0,1,655.21,208,8943.57,0,0
2026-07-03 13:47:21,4,0,0,0,0,35.12,174,24848.15,0,0
2026-07-03 14:05:36,1,1,1,0,0,293.24,27,3527.2,0,0
2026-07-03 14:31:49,0,0,0,0,0,50.2,63,9228.75,0,0
2026-07-03 15:15:28,1,0,1,1,0,357.96,132,18180.12,0,0
2026-07-03 17:02:08,1,0,0,0,0,105.27,58,33666.75,0,0
2026-07-03 18:11:36,0,0,0,0,0,180.52,15,5883.85,0,0
2026-07-03 18:19:10,3,0,1,1,1,750.95,84,25003.48,0,0
2026-07-03 19:59:42,0,1,1,0,0,21.08,58,177.57,0,0
2026-07-03 20:00:39,0,0,0,0,0,5.18,179,2505.6,0,0
2026-07-03 20:02:17,2,0,1,0,0,106.83,235,24290.5,0,1
2026-07-03 20:27:42,0,0,0,1,0,356.84,60,1022.35,0,0
2026-07-03 20:52:52,0,0,0,0,0,12.59,197,633.28,0,0
2026-07-04 00:47:56,1,0,0,0,0,147.73,232,3849.03,0,0
2026-07-04 01:24:37,4,1,1,0,1,680.28,128,27630.33,0,0
2026-07-04 02:46:49,4,0,0,0,0,503.03,80,2478.32,0,1
2026-07-04 03:23:04,5,0,0,0,0,204.05,162,10200.45,0,0
2026-07-04 04:21:06,3,1,1,0,0,26.24,111,13259.18,0,1
2026-07-04 05:47:04,0,0,1,0,0,145.14,206,11775.18,0,0
2026-07-04 06:58:13,0,0,0,0,0,132.51,91,41893.08,0,0
2026-07-04 07:04:54,3,1,1,0,0,144.14,194,8367.57,0,0
2026-07-04 08:16:43,0,0,1,0,0,8.65,249,5213.15,0,1
2026-07-04 09:30:36,1,0,0,0,0,165.77,157,13672.27,0,0
2026-07-04 10:01:21,1,0,0,0,0,30.3,5,69227.58,0,0
2026-07-04 11:51:35,0,0,0,0,0,89.26,92,2378.82,0,0
2026-07-04 12:13:37,4,0,1,0,0,12.26,2,3621.82,0,0
2026-07-04 12:18:46,1,0,1,0,0,81.67,226,1508.3,0,0
2026-07-04 12:21:36,0,0,0,0,0,236.89,3,5131.57,0,0
2026-07-04 13:37:00,7,0,0,0,0,19.5,41,8054.25,0,0
2026-07-04 16:10:43,0,0,0,0,0,193.13,150,26133.3,0,0
2026-07-04 16:18:53,0,0,0,0,0,57.17,62,3601.25,0,0
2026-07-04 17:21:24,1,0,1,0,1,583.64,113,17659.3,0,1
2026-07-04 18:09:37,3,0,0,0,0,5.88,48,20343.77,0,0
2026-07-04 18:15:17,2,0,0,0,0,75.19,218,5952.97,0,0
2026-07-04 18:33:56,2,0,0,0,0,22.31,115,4193.68,0,0
2026-07-04 20:02:04,2,0,1,0,0,281.51,133,14831.85,0,0
2026-07-04 23:25:57,0,0,0,0,0,27.2,132,1930.48,0,0
2026-07-05 00:20:49,3,0,0,1,0,88.38,229,7452.12,0,0
2026-07-05 00:42:26,4,0,0,0,0,81.77,33,2538.88,0,0
2026-07-05 02:33:58,0,0,0,0,0,41.07,81,5749.88,0,0
2026-07-05 04:18:16,0,1,1,0,1,2866.47,50,10890.75,0,1
2026-07-05 04:58:20,6,0,1,0,0,20.24,249,1241.62,0,0
2026-07-05 05:07:17,3,1,1,0,0,169.86,115,633.35,0,1
2026-07-05 05:27:31,4,0,0,0,0,23.25,8,17701.68,0,0
2026-07-05 05:36:33,4,0,1,0,0,3.99,176,5109.8,0,0
2026-07-05 07:41:02,1,0,0,0,0,287.98,141,7861.48,0,0
2026-07-05 07:42:17,1,0,0,0,0,101.42,26,8772.03,0,0
2026-07-05 08:10:46,1,0,0,0,0,99.55,179,2170.12,0,0
2026-07-05 09:43:34,0,0,1,0,0,30.79,35,24297.02,0,0
2026-07-05 09:58:22,2,0,0,0,0,14.99,175,11742.73,0,0
2026-07-05 10:29:25,1,0,0,0,0,122.44,236,7692.03,0,0
2026-07-05 12:09:55,1,0,0,0,0,73.13,239,5887.77,0,0
2026-07-05 12:37:24,1,0,0,0,0,38.26,233,8374.07,0,0
2026-07-05 12:51:28,0,0,0,0,0,38.09,192,25300.58,0,0
2026-07-05 14:24:57,0,0,0,1,0,220.05,105,8357.58,0,0
2026-07-05 14:53:47,0,0,0,0,0,220.43,27,2928.18,0,0
2026-07-05 14:55:06,0,1,0,1,0,32.11,46,3501.6,0,0
2026-07-05 15:48:42,0,0,0,0,0,158.06,34,10204.48,0,0
2026-07-05 17:11:47,6,0,0,0,0,25.71,191,16187.43,0,0
2026-07-05 17:35:57,0,0,0,0,0,165.0,248,39297.73,0,0
2026-07-05 19:01:05,0,1,1,0,1,202.5,240,4963.32,0,0
2026-07-05 19:01:33,1,0,1,1,0,141.95,94,28496.12,0,0
2026-07-05 19:15:23,1,0,0,0,0,81.12,219,20813.53,0,0
2026-07-05 19:44:59,0,0,0,0,0,12.51,171,12647.08,0,0
2026-07-05 22:22:34,2,0,0,0,0,95.65,217,39543.97,0,0
2026-07-05 23:15:59,2,0,0,0,0,21.37,221,29203.68,0,0
2026-07-06 00:35:52,0,0,1,0,0,21.58,119,9393.9,0,0
2026-07-06 01:01:32,0,0,1,1,0,59.3,152,10455.1,0,0
2026-07-06 01:59:39,5,0,0,0,0,333.21,17,15025.03,0,0
2026-07-06 02:27:25,3,0,0,0,0,222.78,44,12565.1,0,0
2026-07-06 05:31:39,1,0,1,1,1,2627.21,194,2786.75,0,0
2026-07-06 05:56:34,0,1,1,0,1,2857.11,61,6441.1,0,0
2026-07-06 06:41:18,0,0,0,0,0,68.77,168,11502.93,0,0
2026-07-06 06:54:45,1,0,0,0,0,46.96,208,3913.63,0,0
2026-07-06 08:00:48,0,0,0,0,1,3231.08,3,2619.2,0,0
2026-07-06 08:30:10,0,0,0,0,0,8.43,23,19707.33,0,0
2026-07-06 08:49:13,1,0,0,0,0,554.55,135,6237.43,0,0
2026-07-06 12:25:26,0,0,1,0,1,1207.71,88,11271.68,0,0
2026-07-06 14:06:53,2,1,1,0,0,77.75,184,21821.32,0,0
2026-07-06 15:31:30,3,0,0,0,0,34.52,200,7096.07,0,0
2026-07-06 18:22:51,0,0,0,0,0,18.68,190,26210.67,0,0
2026-07-06 18:34:24,3,0,0,0,0,114.04,213,6717.58,0,0
2026-07-06 19:05:53,0,0,0,0,0,44.9,209,13693.05,0,0
2026-07-06 19:21:53,3,0,1,0,0,36.02,249,2303.55,0,0
2026-07-06 19:40:41,0,1,1,0,0,17.71,155,23401.92,0,0
2026-07-06 19:56:12,0,0,0,0,0,76.6,126,22051.72,0,0
2026-07-06 20:18:01,1,0,1,0,1,1331.21,43,17210.47,0,0
2026-07-06 21:18:03,0,0,0,0,0,58.53,76,55667.23,0,0
2026-07-06 22:21:05,4,0,0,0,0,1.21,217,1438.52,0,0
2026-07-06 22:29:39,0,0,0,0,0,67.66,54,12848.6,0,0
2026-07-06 22:53:09,0,0,0,0,0,31.74,249,211.27,0,0
2026-07-07 00:38:02,1,0,0,0,0,14.92,39,5737.57,0,0
2026-07-07 00:59:22,0,0,0,1,0,86.17,244,18731.18,0,0
2026-07-07 01:30:43,0,0,1,0,1,1668.62,95,7266.4,0,0
2026-07-07 02:03:24,1,0,0,0,0,73.14,170,17474.23,0,0
2026-07-07 03:01:10,2,0,0,0,0,95.27,30,15976.17,0,0
2026-07-07 03:36:04,3,0,0,0,0,93.28,170,92.67,0,0
2026-07-07 03:42:23,6,0,0,0,0,13.27,228,15599.97,0,1
2026-07-07 04:21:13,0,0,0,0,0,24.31,49,9892.65,0,0
2026-07-07 05:01:22,2,0,0,0,0,0.95,105,2316.42,0,0
2026-07-07 05:20:55,0,0,0,0,0,401.2,86,7779.43,0,0
2026-07-07 05:39:32,1,0,0,0,0,23.73,143,22022.35,0,0
2026-07-07 06:20:40,0,0,1,1,0,168.58,87,19461.8,0,0
2026-07-07 08:21:02,7,1,1,0,0,151.98,98,19546.68,0,0
2026-07-07 08:41:31,2,0,0,0,0,122.08,43,743.5,0,0
2026-07-07 08:53:48,5,1,1,0,1,896.07,163,35512.62,0,0
2026-07-07 09:57:48,3,0,0,0,0,87.67,84,5258.63,0,0
2026-07-07 10:03:34,4,0,0,0,0,20.62,243,15524.8,0,0
2026-07-07 10:22:03,3,0,1,0,0,11.22,42,9603.85,0,1
2026-07-07 11:45:29,0,0,0,0,0,43.35,93,10797.65,0,0
2026-07-07 12:28:08,0,0,0,0,0,174.63,92,4356.55,0,0
2026-07-07 12:42:38,0,0,0,0,0,83.02,201,5985.42,0,0
2026-07-07 12:55:05,0,0,0,0,0,144.33,160,11795.38,0,0
2026-07-07 15:40:25,1,0,0,0,0,221.02,72,12771.23,0,0
2026-07-07 15:48:57,1,0,1,0,0,82.22,48,4179.33,0,0
2026-07-07 16:21:05,1,0,0,0,0,45.77,205,23305.63,0,0
2026-07-07 18:01:37,6,0,0,0,0,193.57,98,580.58,0,0
2026-07-07 19:47:07,4,0,1,0,0,26.09,239,3337.2,0,0
2026-07-07 20:58:52,0,1,1,0,0,2.51,153,12990.5,0,0
2026-07-07 22:38:28,0,0,1,0,0,5.2,203,7164.17,0,0
2026-07-07 23:17:55,0,0,0,0,0,87.28,24,14480.12,0,0
2026-07-07 23:38:47,0,0,0,0,0,222.88,196,42827.17,0,0
2026-07-08 01:16:43,2,0,1,0,0,83.07,35,3813.15,0,0
2026-07-08 03:21:50,1,0,0,0,0,52.63,164,20931.63,0,0
2026-07-08 04:13:47,1,0,0,0,0,86.05,194,2802.13,0,0
2026-07-08 05:08:50,3,0,1,1,0,111.2,222,24840.62,0,0
2026-07-08 05:44:42,3,0,0,0,0,142.09,168,2823.4,0,0
2026-07-08 05:47:01,0,0,0,0,0,42.66,198,11174.7,0,0
2026-07-08 05:50:30,2,0,0,0,0,48.92,234,7940.45,0,0
2026-07-08 06:05:47,0,0,0,1,0,2.39,113,5084.38,0,0
2026-07-08 06:27:53,0,0,0,0,0,104.88,7,13316.42,0,0
2026-07-08 07:08:37,0,0,1,0,0,149.94,52,26142.17,0,0
2026-07-08 07:42:27,0,0,0,0,0,71.52,77,7965.38,0,0
2026-07-08 07:44:23,0,0,0,0,0,47.25,43,1382.87,0,0
2026-07-08 08:04:25,0,0,0,0,0,40.52,212,57014.02,0,0
2026-07-08 11:41:39,1,0,0,0,0,103.57,133,5259.58,0,0
2026-07-08 11:56:11,2,0,1,0,0,40.16,152,3534.65,0,0
2026-07-08 13:07:56,0,0,1,0,0,91.4,42,1605.88,0,0
2026-07-08 13:32:49,0,0,0,1,0,261.68,34,4184.12,0,0
2026-07-08 15:48:01,3,0,0,0,0,40.14,215,15999.52,0,0
2026-07-08 18:07:09,0,0,0,0,0,7.08,73,17906.78,0,0
2026-07-08 18:45:14,5,0,0,0,0,207.16,248,4389.28,0,0
2026-07-08 19:01:09,1,0,0,0,0,31.96,26,4998.87,0,0
2026-07-08 20:16:00,0,0,1,0,0,447.12,218,5880.72,0,0
2026-07-08 21:09:06,0,1,1,1,1,2750.02,82,13444.78,0,0
2026-07-08 21:22:11,0,0,0,0,0,55.67,164,1080.35,0,0
2026-07-08 21:30:56,0,0,0,0,0,98.94,17,4051.28,0,0
2026-07-09 00:28:04,0,0,0,0,0,32.51,244,2848.7,0,0
2026-07-09 00:46:04,1,0,0,0,0,8.79,197,7433.2,0,0
2026-07-09 03:07:30,0,1,1,1,0,74.61,6,8621.6,0,0
2026-07-09 03:34:58,1,0,0,0,0,55.28,34,842.15,0,0
2026-07-09 04:02:06,1,0,1,0,0,350.38,53,15982.93,0,1
2026-07-09 05:01:44,0,0,0,0,0,90.99,95,3091.02,0,0
2026-07-09 06:03:54,0,0,1,0,0,137.49,165,18949.65,0,0
2026-07-09 06:37:05,0,0,0,0,0,14.53,148,23763.15,0,0
2026-07-09 06:44:10,0,0,1,0,1,1929.22,248,718.93,0,0
2026-07-09 06:51:26,2,0,1,0,0,5.8,186,23770.3,0,0
2026-07-09 07:09:59,0,0,1,0,1,1424.22,247,14048.53,0,1
2026-07-09 08:06:32,2,0,1,0,0,182.35,204,15275.83,0,0
2026-07-09 12:30:01,0,0,0,0,0,65.98,187,20929.93,0,0
2026-07-09 12:30:16,0,0,1,1,0,24.22,139,11196.07,0,0
2026-07-09 14:11:00,1,0,0,0,0,58.65,94,5469.45,0,0
2026-07-09 15:36:42,2,0,0,0,0,183.96,114,19566.63,0,0
2026-07-09 16:23:41,0,0,0,0,0,125.31,40,14653.2,0,0
2026-07-09 18:01:27,0,0,0,1,0,93.0,206,7934.38,0,0
2026-07-09 18:32:32,1,0,0,0,0,118.36,56,22338.8,0,0
2026-07-09 21:06:06,0,1,1,0,0,179.69,110,24480.25,0,0
2026-07-09 21:20:40,0,0,0,0,0,16.47,21,29537.82,0,0
2026-07-09 22:43:33,1,0,0,0,0,184.47,215,1855.53,0,0
2026-07-09 23:15:28,0,0,0,0,0,164.29,100,13773.37,0,0
2026-07-09 23:18:06,1,0,0,0,0,64.91,197,1352.03,0,0
2026-07-09 23:23:26,1,1,1,0,0,51.56,238,29399.82,0,0
2026-07-09 23:49:36,2,1,1,1,0,269.65,46,6294.5,0,0
2026-07-09 23:54:16,2,0,1,0,0,171.16,67,11017.08,0,0
2026-07-10 01:04:57,1,0,0,0,0,448.0,160,3609.87,0,0
2026-07-10 01:16:47,1,0,0,0,0,102.65,92,3648.65,0,0
2026-07-10 02:05:19,3,0,0,0,0,3.2,4,12332.07,0,0
2026-07-10 02:22:43,0,0,1,1,0,16.71,116,10018.1,0,0
2026-07-10 04:41:39,0,0,0,1,0,171.65,231,28009.92,0,0
2026-07-10 05:05:43,2,0,1,0,0,101.89,154,82497.25,0,0
2026-07-10 06:27:00,1,1,0,0,0,22.07,122,43220.0,0,0
2026-07-10 06:35:51,0,1,0,0,0,1.2,31,31838.92,0,0
2026-07-10 07:09:35,4,1,1,0,0,30.5,74,25186.9,0,0
2026-07-10 09:00:25,0,0,1,1,0,14.8,204,1493.88,0,0
2026-07-10 10:13:34,2,0,0,0,0,208.93,189,17896.48,0,0
2026-07-10 10:57:22,2,0,0,0,0,214.37,145,10571.82,0,0
2026-07-10 11:32:33,5,0,0,1,0,184.73,247,1702.57,0,0
2026-07-10 12:37:55,0,0,0,0,0,9.94,53,1955.82,0,0
2026-07-10 13:13:25,1,0,0,0,0,14.51,174,10046.07,0,0
2026-07-10 13:13:54,0,0,1,0,0,14.56,8,7666.38,0,0
2026-07-10 13:43:37,0,0,0,0,0,29.9,203,3785.15,0,0
2026-07-10 14:36:25,0,0,0,1,1,113.52,72,4256.0,0,0
2026-07-10 17:53:07,1,0,0,0,0,399.35,158,32711.42,0,0
2026-07-10 18:18:58,0,0,0,0,0,193.21,246,21356.27,0,0
2026-07-10 18:27:10,0,0,0,0,0,7.17,83,22699.1,0,0
2026-07-10 19:57:49,1,0,1,0,1,232.66,146,17577.45,0,0
2026-07-10 21:16:15,2,1,0,0,0,30.42,57,27565.22,0,0
2026-07-10 22:10:15,2,0,1,1,1,2237.58,8,536.35,0,0
2026-07-11 00:37:21,4,0,0,0,0,125.21,208,6822.6,0,0
2026-07-11 02:40:55,0,0,1,0,0,99.56,26,3339.77,0,0
2026-07-11 03:27:57,5,0,0,0,0,243.26,149,25610.47,0,0
2026-07-11 03:35:48,3,0,1,0,0,3.7,48,5026.85,0,0
2026-07-11 04:56:21,0,1,0,0,0,17.59,106,13442.32,0,0
2026-07-11 05:03:35,0,1,0,0,0,21.05,51,11859.12,0,1
2026-07-11 06:30:23,0,0,0,0,0,6.15,190,6487.53,0,0
2026-07-11 07:41:49,0,0,0,1,0,96.31,71,12203.25,0,0
2026-07-11 08:20:46,1,0,0,0,0,23.53,43,4356.38,0,0
2026-07-11 09:10:30,1,0,0,0,0,65.9,130,34516.07,0,0
2026-07-11 10:43:55,2,0,0,0,0,115.66,149,435.97,0,0
2026-07-11 10:45:07,1,0,0,0,0,90.49,62,9746.23,0,0
2026-07-11 10:51:11,0,0,0,0,0,34.27,4,1965.87,0,0
2026-07-11 10:59:49,3,0,0,0,0,53.47,53,1341.9,0,0
2026-07-11 14:11:04,0,0,1,0,0,41.52,154,1985.35,0,0
2026-07-11 14:11:14,6,0,1,0,0,191.37,213,6936.83,0,0
2026-07-11 15:07:07,0,0,1,0,0,54.46,11,27404.05,0,0
2026-07-11 15:45:00,5,0,0,0,0,6.37,49,6443.78,0,1
2026-07-11 17:47:51,0,0,0,0,0,96.59,76,6989.8,0,0
2026-07-11 18:01:36,0,0,0,0,0,22.02,42,4613.67,0,0
2026-07-11 18:10:28,0,0,0,0,0,41.34,76,22.62,0,0
2026-07-11 21:33:38,2,0,1,0,0,39.7,156,16364.67,0,0
2026-07-11 22:32:02,3,0,1,0,0,7.52,168,5327.33,0,1
2026-07-11 22:54:38,0,0,1,0,0,301.48,175,9416.27,0,0
2026-07-12 00:47:41,4,0,0,0,0,79.2,50,9869.42,0,0
2026-07-12 01:10:58,1,0,0,0,0,16.99,173,16534.12,0,0
2026-07-12 01:15:01,1,0,0,0,0,81.14,142,13440.7,0,0
2026-07-12 02:03:24,3,0,0,0,0,60.07,233,9446.0,0,0
2026-07-12 02:51:57,0,0,1,0,0,42.29,124,20090.7,0,0
2026-07-12 03:03:09,0,0,0,0,0,63.96,84,6785.35,0,0
2026-07-12 03:12:32,4,1,1,1,0,110.75,29,27273.53,0,0
2026-07-12 04:29:13,4,0,0,1,0,22.25,40,3605.53,0,1
2026-07-12 06:12:07,6,0,0,0,0,77.19,74,2822.53,0,1
2026-07-12 06:34:11,4,0,1,0,0,167.66,115,10166.9,0,0
2026-07-12 06:37:31,0,0,1,0,0,25.17,53,1177.7,0,0
2026-07-12 06:48:31,3,0,0,0,0,72.47,27,9594.73,0,0
2026-07-12 07:25:07,0,0,0,1,0,337.36,225,24050.68,0,0
2026-07-12 07:45:37,7,0,0,0,0,161.2,182,24854.95,0,0
2026-07-12 08:09:13,0,0,0,0,0,89.9,40,220.0,0,0
2026-07-12 08:32:56,1,0,0,0,0,138.28,228,7490.55,0,0
2026-07-12 08:55:37,1,0,0,0,0,74.58,209,8029.73,0,0
2026-07-12 12:32:36,0,0,0,0,0,431.02,192,10061.13,0,0
2026-07-12 12:45:11,0,0,0,0,0,18.53,171,9660.2,0,0
2026-07-12 13:01:01,4,0,1,0,0,127.15,107,21769.32,0,0
2026-07-12 14:38:31,3,0,0,1,0,0.6,187,4448.5,0,0
2026-07-12 14:46:56,0,0,0,0,0,13.43,26,2166.02,0,0
2026-07-12 15:19:08,2,0,0,0,0,127.95,58,12679.43,0,0
2026-07-12 17:15:02,1,0,0,0,0,142.44,111,12293.93,0,0
2026-07-12 18:24:25,0,0,0,0,0,4.02,110,4158.32,0,0
2026-07-12 19:25:46,0,0,0,0,0,40.63,136,30488.35,0,0
2026-07-12 20:41:28,3,0,0,0,0,12.58,70,35671.83,0,0
2026-07-12 21:25:54,2,0,0,0,0,220.86,188,59113.6,0,0
2026-07-12 23:35:42,1,0,0,0,0,60.49,250,47483.25,0,0
2026-07-13 00:25:08,1,0,0,0,0,58.44,104,14258.17,0,0
2026-07-13 00:38:54,0,1,1,0,0,173.65,128,12914.28,0,0
2026-07-13 01:14:00,0,1,1,0,0,118.87,50,1466.32,0,1
2026-07-13 01:17:48,0,0,1,0,0,255.48,224,22087.85,0,0
2026-07-13 02:33:08,0,0,1,1,1,4186.98,70,351.67,0,1
2026-07-13 03:51:28,1,1,0,0,0,37.57,220,39409.62,0,0
2026-07-13 04:31:33,4,0,0,0,0,104.52,210,14774.67,0,0
2026-07-13 05:12:12,0,0,0,0,0,78.04,38,41349.33,0,0
2026-07-13 06:47:59,0,0,0,0,0,90.59,6,5980.48,0,0
2026-07-13 07:14:10,1,0,0,0,0,98.17,202,21452.4,0,0
2026-07-13 08:30:08,3,0,0,0,0,6.19,141,11569.1,0,0
2026-07-13 09:17:46,2,0,1,0,1,3381.63,231,4596.12,0,0
2026-07-13 09:17:56,3,0,0,0,1,226.72,206,5236.48,0,0
2026-07-13 11:26:47,1,0,0,1,0,55.24,225,1681.67,0,0
2026-07-13 12:45:15,2,0,0,0,0,34.54,160,5020.3,0,0
2026-07-13 13:09:33,0,1,1,1,1,1210.31,81,12155.58,0,1
2026-07-13 13:14:11,0,0,1,0,0,325.68,81,4.63,0,0
2026-07-13 13:51:12,0,0,0,0,0,53.18,37,14569.57,0,0
2026-07-13 14:23:10,1,0,1,0,0,92.43,1,26102.75,0,0
2026-07-13 14:32:36,4,0,0,0,0,15.22,243,8909.03,0,0
2026-07-13 14:50:52,3,1,0,0,0,62.18,129,21343.53,0,0
2026-07-13 15:16:05,0,0,0,0,0,247.44,55,47043.1,0,0
2026-07-13 16:15:43,0,0,0,0,0,269.43,152,7459.53,0,0
2026-07-13 17:03:33,0,0,1,0,1,1185.91,84,2280.4,0,0
2026-07-13 17:50:52,0,0,0,0,0,146.36,233,2387.47,0,0
2026-07-13 18:15:25,1,0,0,0,0,0.32,232,14007.48,0,0
2026-07-13 18:35:25,4,0,0,0,0,75.82,231,557.65,0,0
2026-07-13 19:18:45,6,0,0,0,0,131.85,11,3131.63,0,0
2026-07-13 21:08:49,1,0,0,0,0,40.03,217,10007.73,0,0
2026-07-13 21:12:11,3,1,1,1,0,231.42,26,1825.25,0,0
2026-07-13 23:39:54,1,1,1,0,0,151.24,227,21216.1,0,0
2026-07-14 00:11:33,0,1,0,0,0,146.84,156,3037.92,0,0
2026-07-14 02:24:34,1,1,0,0,0,2.15,210,1313.02,0,0
2026-07-14 05:27:07,1,0,0,0,0,20.32,10,22121.27,0,0
2026-07-14 09:08:33,2,0,1,0,1,1875.58,53,3031.03,0,0
2026-07-14 09:44:53,0,0,0,0,0,82.49,176,13208.33,0,0
2026-07-14 10:14:29,0,0,0,0,0,86.39,26,782.3,0,0
2026-07-14 15:16:09,0,0,0,0,0,1.49,127,23483.32,0,0
2026-07-14 16:02:33,5,0,0,0,1,875.24,57,5446.3,0,0
2026-07-14 16:47:12,0,1,1,0,1,2315.72,82,8378.1,0,1
2026-07-14 18:42:03,2,0,0,1,0,108.93,226,14783.28,0,0
2026-07-14 19:15:03,2,0,1,0,1,1274.45,85,16539.78,0,0
2026-07-14 20:56:34,0,0,0,0,0,119.27,192,3383.97,0,0
2026-07-14 21:50:30,1,0,0,1,0,190.37,41,14893.5,0,0
2026-07-14 22:42:46,4,0,0,0,0,189.4,41,52.27,0,0
2026-07-14 23:16:04,0,0,0,0,0,60.89,122,6769.07,0,0
2026-07-15 00:08:31,5,0,0,0,0,36.79,164,8806.33,0,0
2026-07-15 01:16:44,0,0,1,0,1,684.45,92,7199.95,0,0
2026-07-15 02:14:16,0,0,1,0,1,1105.27,121,16893.72,0,0
2026-07-15 03:13:45,4,0,1,0,1,140.42,172,19056.87,0,0
2026-07-15 03:51:10,3,0,1,0,0,89.4,81,2316.98,0,0
2026-07-15 03:59:42,7,0,0,0,0,60.38,73,9232.55,0,1
2026-07-15 05:21:49,1,0,0,0,0,142.27,43,5581.05,0,0
2026-07-15 05:37:02,5,0,1,0,0,32.01,151,16955.83,0,0
2026-07-15 05:54:12,3,0,0,0,0,6.86,217,1965.38,0,0
2026-07-15 06:44:04,3,0,0,0,0,224.97,171,3958.88,0,0
2026-07-15 06:52:52,1,0,0,0,0,7.05,90,24604.5,0,0
2026-07-15 08:38:30,0,0,1,0,0,262.11,245,27742.07,0,0
2026-07-15 09:16:51,5,0,0,0,0,68.81,22,18648.32,0,0
2026-07-15 10:46:12,0,0,1,0,0,5.79,241,28630.03,0,0
2026-07-15 10:54:54,1,0,1,0,0,13.45,18,18084.38,0,0
2026-07-15 11:09:33,0,0,0,0,0,76.13,191,14037.77,0,0
2026-07-15 12:39:57,1,0,0,0,0,1.59,241,113.75,0,0
2026-07-15 12:47:37,0,0,0,0,0,246.66,65,50143.27,0,0
2026-07-15 13:16:37,0,0,0,1,0,159.09,231,2561.2,0,0
2026-07-15 14:14:02,4,0,0,1,0,70.23,14,20593.28,0,1
2026-07-15 15:10:54,0,0,0,0,0,260.7,93,11725.42,0,0
2026-07-15 15:17:47,1,1,1,0,0,30.08,51,6374.2,0,0
2026-07-15 15:23:38,0,0,0,0,0,192.01,207,39903.85,0,0
2026-07-15 17:34:31,0,0,0,0,0,163.54,240,14313.43,0,0
2026-07-15 17:56:26,0,0,0,0,0,87.18,47,18453.95,0,0
2026-07-15 18:55:41,2,0,0,0,0,38.4,15,17324.08,0,0
2026-07-15 19:49:33,0,0,1,0,0,81.72,110,4405.13,0,0
2026-07-15 20:03:16,4,0,0,0,0,315.17,145,7745.9,0,0
2026-07-15 20:27:50,0,0,0,0,0,8.84,81,996.67,0,0
2026-07-15 23:18:28,0,0,1,0,0,22.44,231,601.85,0,0
2026-07-15 23:59:40,0,0,0,0,0,103.25,219,14684.28,0,0
2026-07-16 00:59:51,0,0,0,0,0,113.45,60,17552.15,0,0
2026-07-16 01:11:01,2,0,1,1,1,269.53,95,9849.28,0,0
2026-07-16 01:54:29,3,0,0,0,0,164.14,101,21277.45,0,0
2026-07-16 01:54:50,1,0,0,0,0,263.78,237,23344.38,0,0
2026-07-16 02:43:27,0,0,0,0,0,8.3,144,39774.13,0,0
2026-07-16 05:19:31,0,0,1,0,0,365.93,65,991.9,0,0
2026-07-16 05:23:51,0,0,1,0,1,495.28,120,33698.8,0,0
2026-07-16 06:03:37,5,0,0,0,0,36.94,143,12984.08,0,1
2026-07-16 07:35:30,0,0,0,0,0,4.59,198,11628.48,0,0
2026-07-16 09:30:03,2,0,0,0,0,68.8,160,4124.8,0,0
2026-07-16 09:48:48,0,0,1,0,1,4643.6,37,4077.6,0,0
2026-07-16 10:34:22,0,0,1,0,0,17.55,80,17747.55,0,0
2026-07-16 13:41:43,0,0,1,1,0,86.01,134,22926.37,0,0
2026-07-16 14:22:40,0,0,1,0,0,32.08,120,538.82,0,0
2026-07-16 15:26:59,2,0,0,0,0,1.88,108,43863.38,0,0
2026-07-16 16:49:46,0,0,1,1,0,435.4,249,14036.62,0,0
2026-07-16 17:32:22,2,0,0,0,0,125.94,11,4213.62,0,0
2026-07-16 17:52:48,0,1,1,0,1,1994.66,203,8889.18,0,1
2026-07-16 18:51:05,5,0,0,0,0,108.75,25,30225.37,0,0
2026-07-16 19:11:12,0,1,0,0,0,15.52,203,78.4,0,0
2026-07-16 21:11:18,4,0,0,0,0,23.15,83,8804.13,0,0
2026-07-16 22:13:35,3,0,0,0,0,48.72,193,27597.1,0,0
2026-07-16 22:43:53,6,0,0,0,0,539.64,74,6751.77,0,0
2026-07-16 22:53:44,0,0,1,0,0,111.65,134,552.02,0,0
2026-07-16 22:56:35,2,1,0,0,0,58.41,31,9620.73,0,1
2026-07-16 22:59:44,0,0,0,0,0,66.31,247,9327.18,0,0
2026-07-17 00:04:53,0,0,0,0,1,3830.53,16,20434.92,0,0
2026-07-17 00:26:00,0,0,0,0,0,21.87,102,38277.95,0,0
2026-07-17 02:11:48,0,0,1,1,1,580.42,69,19975.8,0,1
2026-07-17 02:38:14,7,1,1,1,1,695.14,45,71133.83,0,0
2026-07-17 03:21:14,0,0,1,0,0,227.92,234,12810.73,0,0
2026-07-17 03:49:30,1,1,1,0,0,149.96,11,617.13,0,0
2026-07-17 03:54:57,1,0,0,0,0,89.35,5,18353.6,0,1
2026-07-17 05:48:36,1,0,1,0,1,566.91,140,52864.47,0,1
2026-07-17 05:57:35,1,0,1,0,0,22.59,206,5559.65,0,0
2026-07-17 06:54:25,0,1,1,1,0,40.16,138,46721.53,0,0
2026-07-17 08:17:48,1,0,0,0,0,265.15,3,15857.0,0,0
2026-07-17 08:35:51,0,0,0,0,0,241.05,84,5252.3,0,0
2026-07-17 11:40:38,5,0,0,0,0,54.81,142,7825.62,0,0
2026-07-17 12:38:38,2,0,0,0,0,39.38,90,3225.77,0,0
2026-07-17 13:18:00,6,0,0,0,0,215.93,51,2760.22,0,0
2026-07-17 13:27:03,0,0,1,1,1,886.51,25,1115.97,0,0
2026-07-17 13:36:31,0,0,0,0,0,3.95,19,25168.6,0,0
2026-07-17 14:12:42,0,0,0,0,0,42.43,111,7017.67,0,0
2026-07-17 14:26:55,0,0,0,0,0,93.47,80,1672.55,0,0
2026-07-17 14:31:22,0,0,0,0,0,289.3,188,6785.47,0,0
2026-07-17 15:00:00,1,0,0,0,0,55.27,181,37736.27,0,0
2026-07-17 15:04:59,0,0,1,0,0,27.46,182,7639.37,0,0
2026-07-17 15:08:26,1,1,0,0,0,48.53,248,12024.27,0,0
2026-07-17 18:03:59,4,0,1,0,0,5.88,106,9427.63,0,1
2026-07-17 18:33:11,1,0,1,1,1,3436.54,70,6720.05,0,0
2026-07-17 18:50:01,0,0,0,0,0,3.4,70,16.83,0,0
2026-07-17 18:59:31,0,0,0,0,0,0.1,246,10120.55,0,0
2026-07-17 19:00:39,0,0,0,1,0,95.23,161,20734.2,0,0
2026-07-17 19:09:55,0,1,0,0,0,16.72,202,6475.75,0,0
2026-07-17 20:32:33,1,0,0,0,0,35.11,27,8024.03,0,0
2026-07-17 22:44:13,0,1,1,1,0,67.53,86,15443.3,0,0
2026-07-17 23:08:52,3,0,1,0,0,157.08,145,3065.6,0,0
2026-07-17 23:40:37,2,0,0,0,0,49.02,221,17304.63,0,0
2026-07-18 02:01:39,1,0,1,0,0,314.91,66,42637.4,0,0
2026-07-18 02:12:09,0,0,1,0,1,905.5,152,6356.43,0,0
2026-07-18 03:07:03,0,0,1,0,0,252.56,152,54.9,0,0
2026-07-18 04:07:51,2,0,1,1,0,60.21,34,12992.88,0,0
2026-07-18 04:14:42,0,0,0,0,0,72.6,156,6003.15,0,0
2026-07-18 04:17:26,0,0,0,1,1,4757.87,143,2773.82,0,1
2026-07-18 05:34:43,0,0,0,0,0,112.36,115,8580.53,0,0
2026-07-18 06:36:47,0,0,1,0,0,16.18,54,16327.13,0,0
2026-07-18 08:08:17,2,0,1,0,0,91.27,84,1412.43,0,0
2026-07-18 10:48:29,0,0,1,1,1,382.77,89,58638.9,0,0
2026-07-18 13:23:01,1,1,1,0,1,555.87,71,10421.2,0,1
2026-07-18 13:54:45,0,0,0,0,0,182.11,90,1516.12,0,0
2026-07-18 15:43:30,1,1,0,0,0,114.62,233,7072.63,0,1
2026-07-18 17:08:06,3,0,0,1,0,33.81,61,17951.53,0,0
2026-07-18 18:46:51,3,0,0,0,0,0.47,135,17877.63,0,0
2026-07-18 19:44:43,0,0,0,0,0,75.75,176,6359.83,0,0
2026-07-18 20:48:47,0,0,1,0,0,28.79,125,29308.0,0,0
2026-07-18 23:36:50,0,0,0,0,0,2.87,246,1717.32,0,0
2026-07-18 23:37:04,1,0,1,1,0,6.54,36,44849.92,0,0
2026-07-19 00:08:16,1,0,0,0,0,111.86,168,10176.23,0,0
2026-07-19 00:40:45,1,0,0,0,0,53.49,246,63.92,0,0
2026-07-19 01:20:56,0,0,0,0,0,30.45,170,17144.87,0,0
2026-07-19 03:01:00,1,0,0,0,0,211.78,53,6832.45,0,0
2026-07-19 03:30:04,0,0,1,1,0,174.35,109,47075.0,0,0
2026-07-19 04:10:29,2,1,1,1,1,941.57,22,5453.63,0,0
2026-07-19 04:19:54,0,0,1,0,0,32.24,204,12679.48,0,0
2026-07-19 07:05:20,2,0,0,0,0,70.76,221,1884.72,0,0
2026-07-19 07:07:57,0,0,0,0,0,139.81,214,34389.75,0,0
2026-07-19 07:43:27,0,0,0,0,0,1.08,178,28761.17,0,0
2026-07-19 07:54:50,2,0,1,0,0,94.82,35,16238.12,0,0
2026-07-19 08:34:20,0,0,1,0,0,123.83,154,11183.27,0,0
2026-07-19 09:35:46,2,0,0,0,0,169.72,137,26722.47,0,0
2026-07-19 12:56:57,1,0,0,0,0,24.41,72,12860.53,0,0
2026-07-19 13:14:47,1,1,1,1,1,341.18,232,8339.37,0,0
2026-07-19 13:21:18,0,0,1,1,0,24.3,65,4801.78,0,0
2026-07-19 15:02:25,0,0,0,0,0,267.99,220,9310.95,0,1
2026-07-19 15:43:42,1,0,0,0,0,15.2,121,6569.43,0,0
2026-07-19 16:19:23,0,0,1,1,0,144.67,84,1931.1,0,0
2026-07-19 16:26:51,1,0,0,0,0,432.38,46,13957.25,0,0
2026-07-19 17:24:59,0,0,1,1,1,4386.12,27,2692.43,0,0
2026-07-19 17:37:05,0,0,0,0,0,52.74,79,24218.47,0,0
2026-07-19 18:08:16,0,0,0,0,0,182.85,130,12057.77,0,0
2026-07-19 18:37:38,0,1,1,0,0,110.91,183,23650.3,0,0
2026-07-19 18:37:51,0,0,0,0,0,202.85,182,3092.87,0,0
2026-07-19 19:00:30,2,0,0,0,0,17.57,142,3319.87,0,0
2026-07-19 19:33:35,2,0,1,0,0,144.79,45,3895.35,0,0
2026-07-19 19:45:26,0,1,1,0,0,88.32,240,5890.92,0,0
2026-07-19 21:32:44,5,0,0,0,0,77.68,41,7129.97,0,0
2026-07-19 21:43:28,1,0,0,0,0,130.53,203,4472.27,0,0
2026-07-19 23:11:32,4,0,0,0,0,31.89,2,22257.92,0,0
2026-07-19 23:40:06,2,0,0,0,0,7.75,134,4366.37,0,0
2026-07-19 23:53:56,2,0,0,0,0,69.74,219,5754.27,0,0
2026-07-20 00:54:55,0,0,1,0,0,35.97,8,13124.67,0,0
2026-07-20 02:55:29,0,0,0,1,0,29.63,6,9847.5,0,0
2026-07-20 03:35:09,0,0,0,0,0,651.73,232,860.37,0,0
2026-07-20 03:47:05,2,0,0,0,0,22.05,238,14663.65,0,0
2026-07-20 04:21:46,0,0,0,0,1,402.95,210,8757.2,0,0
2026-07-20 04:33:01,2,0,0,0,0,40.63,57,7950.47,0,0
2026-07-20 04:36:41,0,0,0,0,0,68.72,28,54483.5,0,0
2026-07-20 05:07:40,3,0,0,0,0,203.34,214,1319.72,0,0
2026-07-20 06:42:21,0,0,0,0,0,19.41,199,53817.57,0,0
2026-07-20 06:50:25,0,0,1,0,0,95.7,242,39717.17,0,0
2026-07-20 08:34:12,0,0,0,0,0,45.97,208,13436.85,0,0
2026-07-20 10:59:11,0,1,1,1,0,159.41,170,2018.25,0,0
2026-07-20 11:09:31,0,0,0,0,0,92.1,40,11700.3,0,0
2026-07-20 11:27:22,2,0,0,0,0,158.52,171,7483.3,0,1
2026-07-20 11:32:40,0,0,1,0,0,193.16,9,33911.75,0,0
2026-07-20 11:55:42,0,0,0,0,0,243.19,35,1680.87,0,0
2026-07-20 13:10:58,3,0,0,0,0,544.37,4,13099.78,0,0
2026-07-20 13:27:34,0,0,1,0,0,96.46,47,6931.13,0,0
2026-07-20 15:35:40,5,0,0,0,0,101.48,77,17753.22,0,0
2026-07-20 16:37:17,7,0,0,1,1,227.24,203,1133.82,0,1
2026-07-20 17:03:10,0,0,0,0,0,11.1,166,37574.68,0,0
2026-07-20 17:27:31,0,1,1,0,0,66.87,46,1500.67,0,1
2026-07-20 20:08:14,0,0,1,1,0,118.32,15,7272.55,0,0
2026-07-20 20:18:55,2,0,0,0,0,28.53,109,2448.85,0,0
2026-07-20 20:28:51,1,0,0,0,0,39.63,35,513.15,0,0
2026-07-20 21:05:04,1,0,0,0,0,120.44,90,3310.32,0,0
2026-07-21 02:25:13,2,0,1,1,1,356.74,188,5033.85,0,0
2026-07-21 03:03:34,0,0,0,0,0,73.68,55,10787.48,0,0
2026-07-21 03:51:59,3,0,1,1,0,77.35,112,42526.02,0,0
2026-07-21 04:52:48,2,0,0,0,0,248.83,40,1063.28,0,0
2026-07-21 07:25:53,1,0,0,0,0,51.46,69,6074.08,0,0
2026-07-21 08:08:03,4,0,0,0,0,23.64,133,18506.4,0,0
2026-07-21 09:53:09,2,0,0,0,0,19.1,19,5536.63,0,0
2026-07-21 11:05:01,0,0,0,0,0,34.69,116,16362.3,0,0
2026-07-21 14:33:29,0,0,0,0,0,32.7,99,47409.35,0,0
2026-07-21 15:47:08,0,1,1,1,0,138.71,61,4239.03,0,0
2026-07-21 17:24:00,0,0,0,0,0,90.07,140,6455.4,0,0
2026-07-21 17:39:31,5,0,0,1,0,114.7,248,5911.08,0,0
2026-07-21 18:49:27,0,0,0,1,0,99.51,179,23678.68,0,0
2026-07-21 19:55:18,1,0,1,0,1,984.49,34,5267.45,0,0
2026-07-21 20:04:16,1,0,1,0,0,263.49,38,12412.07,0,0
2026-07-21 21:23:01,0,1,1,0,0,170.06,216,28660.97,0,0
2026-07-21 22:04:05,4,0,0,0,0,23.68,44,22776.67,0,0
2026-07-21 23:00:02,3,0,1,0,0,55.11,207,9096.4,0,0
2026-07-22 00:12:33,1,1,1,0,1,509.31,106,6128.57,0,0
2026-07-22 00:41:22,0,0,0,0,0,136.92,24,20243.45,0,0
2026-07-22 00:54:17,0,0,0,0,0,42.23,224,12936.48,0,0
2026-07-22 01:24:43,0,1,1,1,0,102.22,64,31838.95,0,0
2026-07-22 02:42:34,0,0,0,0,0,34.56,102,7336.57,0,0
2026-07-22 02:58:04,1,0,0,1,0,18.83,172,10064.32,0,0
2026-07-22 02:58:26,6,0,1,0,0,0.92,14,9404.4,0,0
2026-07-22 03:09:52,1,0,0,0,0,522.56,159,31098.87,0,0
2026-07-22 03:28:41,4,0,0,0,0,24.78,230,28724.13,0,0
2026-07-22 03:39:01,1,0,0,0,0,178.52,54,5582.23,0,0
2026-07-22 03:59:01,0,0,0,1,1,2589.66,133,1190.97,0,0
2026-07-22 09:01:48,3,0,0,0,0,26.91,100,17866.33,0,0
2026-07-22 09:11:25,0,0,0,0,0,53.72,242,3021.0,0,0
2026-07-22 09:11:28,3,0,0,1,0,180.86,30,21970.3,0,0
2026-07-22 09:27:58,0,1,1,0,0,117.06,187,14089.45,0,0
2026-07-22 10:02:12,0,1,1,0,0,46.18,206,7444.62,0,1
2026-07-22 10:05:59,3,1,1,1,0,297.87,127,11209.83,0,1
2026-07-22 11:26:12,1,0,0,0,0,41.91,245,10247.7,0,0
2026-07-22 12:10:23,4,0,0,0,0,23.83,34,975.08,0,0
2026-07-22 12:43:20,5,0,1,0,0,15.87,57,3370.32,0,0
2026-07-22 12:49:23,0,0,0,0,0,120.84,244,19461.32,0,0
2026-07-22 13:24:34,1,0,0,0,0,2.94,129,12873.7,0,0
2026-07-22 14:05:47,0,0,0,0,0,186.98,106,833.23,0,0
2026-07-22 14:07:44,1,0,0,0,0,36.27,65,4366.43,0,0
2026-07-22 15:52:18,2,1,0,0,0,46.17,170,3173.12,0,0
2026-07-22 16:31:09,0,1,1,0,0,161.86,165,19347.25,0,0
2026-07-22 17:05:06,1,0,0,1,0,168.3,27,4300.12,0,0
2026-07-22 17:46:30,2,0,0,0,0,51.08,184,23259.62,0,0
2026-07-22 18:45:04,0,0,1,0,0,80.7,11,8095.57,0,0
2026-07-22 20:04:28,3,0,1,0,0,113.7,231,9886.0,0,0
2026-07-22 20:18:28,1,0,0,0,0,116.67,204,5278.57,0,0
2026-07-22 21:38:30,5,0,0,1,1,1145.53,135,5931.65,0,0
2026-07-22 22:05:27,0,0,0,0,0,185.86,21,18764.78,0,0
2026-07-22 22:21:35,0,0,0,0,0,184.16,169,52346.47,0,0
2026-07-22 23:16:57,1,1,0,0,0,188.92,101,9922.47,0,0
2026-07-23 00:06:27,0,0,0,1,0,31.23,225,13719.67,0,0
2026-07-23 00:35:37,6,0,1,0,0,29.69,53,5614.62,0,1
2026-07-23 01:52:30,0,0,1,0,1,225.92,158,17759.38,0,0
2026-07-23 02:14:20,2,0,0,0,0,175.1,59,38678.35,0,0
2026-07-23 02:16:29,1,0,0,0,0,6.26,159,1386.62,0,0
2026-07-23 03:41:48,0,0,0,1,1,218.07,14,1483.37,0,0
2026-07-23 05:10:57,0,0,0,0,0,260.65,223,38636.5,0,0
2026-07-23 05:51:22,1,0,0,0,0,13.37,60,10371.52,0,0
2026-07-23 06:29:08,1,0,0,0,0,12.93,51,8231.13,0,0
2026-07-23 06:44:37,0,0,0,0,0,239.81,99,2411.13,0,0
2026-07-23 06:51:23,4,0,1,0,0,37.12,158,298.88,0,0
2026-07-23 07:05:10,0,0,0,0,0,213.22,197,19187.07,0,0
2026-07-23 07:20:59,0,1,1,0,1,711.39,1,13977.82,0,0
2026-07-23 07:32:44,1,0,0,0,0,46.78,125,6403.95,0,0
2026-07-23 08:19:47,0,1,1,1,0,14.52,152,7512.73,0,0
2026-07-23 08:25:46,5,0,0,0,1,3762.99,153,22286.9,0,0
2026-07-23 09:08:14,0,0,0,0,0,143.42,159,411.75,0,0
2026-07-23 11:04:25,0,0,0,0,0,25.57,202,8154.5,0,0
2026-07-23 12:23:00,0,0,1,0,0,130.12,52,21914.38,0,0
2026-07-23 12:42:40,1,0,1,0,1,164.21,145,8013.8,0,0
2026-07-23 16:06:29,1,0,0,0,0,74.19,34,1676.1,0,0
2026-07-23 16:24:28,1,0,0,0,0,29.34,220,5842.05,0,0
2026-07-23 16:49:40,0,1,1,0,0,190.1,215,19806.12,0,0
2026-07-23 17:15:59,0,0,0,1,0,71.57,241,11796.03,0,0
2026-07-23 17:43:18,3,0,0,0,0,254.1,83,9872.0,0,0
2026-07-23 17:43:52,0,0,0,0,0,87.99,28,5107.18,0,0
2026-07-23 18:06:06,3,0,0,0,0,70.11,231,1321.63,0,0
2026-07-23 18:24:58,0,0,1,0,0,118.4,148,20867.88,0,0
2026-07-23 18:33:27,3,0,0,0,0,153.23,13,43098.17,0,0
2026-07-23 18:49:11,0,1,1,1,0,1.54,110,11459.63,0,0
2026-07-23 19:20:51,1,0,1,0,0,73.87,76,17350.38,0,0
2026-07-23 20:56:49,0,0,0,1,0,149.48,173,17025.85,0,0
2026-07-23 21:19:37,0,0,0,0,0,52.34,143,8222.18,0,0
2026-07-23 22:05:47,0,0,1,1,0,4.62,186,21074.35,0,0
2026-07-23 22:27:36,0,0,1,0,0,1.77,196,22968.82,0,0
2026-07-23 22:38:59,0,0,1,0,0,157.92,161,8858.33,0,0
2026-07-24 01:19:35,1,0,1,0,0,22.07,248,3340.07,0,0
2026-07-24 01:23:28,1,0,0,0,0,19.23,36,7306.4,0,0
2026-07-24 01:33:52,2,0,0,0,0,34.19,92,12977.13,0,0
2026-07-24 01:45:57,1,0,0,1,0,10.78,185,33871.1,0,1
2026-07-24 02:17:32,1,0,0,0,0,5.48,236,26868.12,0,0
2026-07-24 04:10:19,0,1,0,0,0,205.77,149,18326.4,0,0
2026-07-24 04:12:57,0,0,0,0,0,36.07,6,5837.47,0,0
2026-07-24 04:39:15,0,0,0,0,0,87.32,182,6361.4,0,0
2026-07-24 05:09:40,3,0,0,0,0,195.05,121,6565.97,0,0
2026-07-24 06:39:04,0,0,0,0,0,379.25,131,34898.6,0,0
2026-07-24 06:57:16,0,0,0,0,0,116.63,156,8802.57,0,0
2026-07-24 07:40:47,1,1,1,0,0,299.9,166,5197.62,0,1
2026-07-24 08:53:48,0,0,0,0,0,55.08,176,7989.08,0,0
2026-07-24 10:17:17,4,0,0,0,0,155.85,140,3893.28,0,0
2026-07-24 10:27:36,3,0,0,0,0,277.42,223,1756.65,0,0
2026-07-24 11:00:52,0,0,1,0,0,5.46,109,5201.95,0,0
2026-07-24 11:45:11,0,0,1,0,0,38.19,41,6612.45,0,0
2026-07-24 13:06:52,0,0,0,0,0,134.8,56,21274.33,0,0
2026-07-24 13:52:16,1,0,0,0,0,37.87,151,13455.23,0,0
2026-07-24 13:52:28,0,0,0,0,0,1.72,68,40637.35,0,0
2026-07-24 13:58:40,2,1,0,0,0,164.52,165,2727.52,0,0
2026-07-24 16:07:46,1,0,0,0,0,18.0,183,7050.13,0,0
2026-07-24 16:39:56,0,0,1,0,0,38.69,59,2305.6,0,1
2026-07-24 16:53:46,0,0,0,0,0,241.44,22,7963.28,0,1
2026-07-24 17:02:07,2,1,0,0,0,23.43,171,6094.75,0,0
2026-07-24 17:19:51,0,0,0,0,0,225.15,5,10884.9,0,0
2026-07-24 18:17:24,3,0,0,0,0,54.91,185,991.45,0,0
2026-07-24 19:39:10,0,0,0,0,0,250.26,204,2840.7,0,0
2026-07-24 20:06:15,1,0,0,1,0,209.44,101,2689.3,0,0
2026-07-24 20:56:36,3,0,0,0,0,53.66,125,2243.87,0,0
2026-07-24 21:16:49,3,0,0,0,0,254.94,189,20823.25,0,0
2026-07-24 22:21:20,0,0,1,0,0,100.16,182,1062.08,0,0
2026-07-25 00:25:36,0,0,0,0,0,64.55,58,17826.47,0,0
2026-07-25 00:50:57,2,0,0,1,0,75.65,206,3768.75,0,0
2026-07-25 02:41:17,0,0,0,0,0,6.54,123,50941.7,0,0
2026-07-25 04:28:58,0,0,1,0,0,164.81,94,22457.97,0,0
2026-07-25 04:35:18,4,0,0,0,0,34.6,23,27125.13,0,0
2026-07-25 07:11:08,0,0,1,0,1,472.41,34,2344.65,0,0
2026-07-25 08:20:11,0,0,0,0,0,125.67,165,1101.52,0,0
2026-07-25 08:26:44,0,0,0,0,0,46.33,86,10662.52,0,0
2026-07-25 10:46:04,1,0,0,0,0,72.19,127,4360.08,0,0
2026-07-25 11:34:09,1,0,0,0,0,54.74,47,7086.58,0,0
2026-07-25 12:00:55,0,0,0,0,0,70.25,3,11743.12,0,0
2026-07-25 17:02:03,0,0,0,0,0,25.13,84,8682.67,0,0
2026-07-25 17:48:35,0,0,0,0,0,216.23,28,2884.72,0,0
2026-07-25 19:24:22,1,0,0,0,0,94.21,46,7316.85,0,0
2026-07-25 20:35:39,0,1,0,0,0,26.62,82,16068.45,0,0
2026-07-25 21:33:20,4,0,0,0,0,9.6,71,10570.32,0,0
2026-07-25 22:56:31,0,0,0,1,1,1150.09,34,945.38,0,0
2026-07-25 22:57:29,7,0,0,0,0,63.13,110,3128.3,0,0
2026-07-26 01:29:29,0,1,0,0,0,269.55,43,15607.67,0,0
2026-07-26 01:46:13,2,1,1,1,1,393.41,12,34267.65,0,1
2026-07-26 02:28:53,0,0,0,0,0,213.37,34,212.37,0,0
2026-07-26 02:52:15,0,0,0,0,0,145.45,110,234.77,0,0
2026-07-26 03:08:35,3,0,1,0,0,64.72,213,20937.35,0,0
2026-07-26 03:21:11,3,1,1,0,1,3104.51,229,30420.37,0,0
2026-07-26 03:22:12,0,0,0,0,0,197.96,230,5753.52,0,0
2026-07-26 03:28:04,2,1,1,1,1,1879.86,162,31685.0,0,1
2026-07-26 03:43:22,1,0,0,0,0,10.71,46,499.0,0,1
2026-07-26 03:57:04,3,0,1,0,0,17.46,207,6057.03,0,0
2026-07-26 04:43:54,0,0,1,0,0,89.55,30,5492.43,0,0
2026-07-26 05:04:34,1,0,0,0,0,28.16,201,26901.93,0,0
2026-07-26 05:05:20,0,1,1,0,0,80.11,18,15490.43,0,0
2026-07-26 05:53:13,0,0,0,0,0,82.28,209,19977.6,0,0
2026-07-26 06:44:58,4,1,1,0,0,88.45,212,25840.55,0,0
2026-07-26 07:06:53,0,0,0,0,0,84.36,2,9115.35,0,0
2026-07-26 07:15:59,0,0,0,0,0,47.68,55,7452.42,0,0
2026-07-26 07:29:49,1,0,0,0,0,23.6,36,3246.35,0,0
2026-07-26 07:42:35,1,0,1,0,1,1096.41,112,7430.6,0,0
2026-07-26 08:40:41,0,0,0,0,0,68.35,66,11919.03,0,0
2026-07-26 09:34:51,0,1,1,0,1,482.78,122,16458.78,0,1
2026-07-26 11:48:28,5,0,0,0,0,5.25,117,33334.18,0,0
2026-07-26 13:23:48,0,0,1,0,0,23.01,224,6509.52,0,0
2026-07-26 13:53:28,1,1,1,1,0,80.02,173,3896.65,0,0
2026-07-26 14:48:13,2,0,1,0,0,76.71,25,13041.17,0,0
2026-07-26 15:29:17,0,0,0,0,0,14.35,46,705.92,0,0
2026-07-26 17:53:46,5,0,0,1,0,93.15,84,1491.72,0,1
2026-07-26 18:22:37,2,0,0,0,0,54.93,59,2982.68,0,0
2026-07-26 19:48:37,0,0,0,0,0,106.04,193,14255.03,0,0
2026-07-26 22:14:43,1,0,1,1,1,3283.95,216,7251.7,0,0
2026-07-26 23:25:50,1,1,0,0,0,36.9,88,29460.4,0,0
2026-07-27 00:01:33,1,0,0,1,1,639.97,160,15271.5,0,0
2026-07-27 00:46:45,3,0,0,0,0,112.95,78,72467.62,0,1
2026-07-27 01:01:44,0,0,0,0,0,297.9,234,14260.5,0,0
2026-07-27 01:48:36,0,1,1,0,0,66.58,10,18501.48,0,0
2026-07-27 07:22:02,0,0,0,1,0,18.55,181,13942.03,0,0
2026-07-27 07:41:26,0,0,0,0,0,273.34,222,27512.6,0,0
2026-07-27 07:47:23,0,0,1,0,0,63.45,8,10492.47,0,0
2026-07-27 08:15:33,3,0,1,1,0,61.75,64,7610.83,0,0
2026-07-27 08:17:07,1,0,0,0,0,77.61,161,4898.13,0,0
2026-07-27 09:49:29,1,0,0,0,0,29.1,210,10407.72,0,0
2026-07-27 10:01:03,1,0,1,0,0,153.57,94,3212.08,0,0
2026-07-27 12:18:18,3,0,1,1,1,1536.83,144,16414.85,0,0
2026-07-27 12:40:40,0,0,0,0,0,309.82,212,1795.7,0,0
2026-07-27 13:25:49,3,0,0,1,0,22.8,99,6161.2,0,0
2026-07-27 14:05:59,0,0,0,0,0,96.53,238,10698.9,0,0
2026-07-27 14:51:24,4,0,1,0,0,72.7,163,29157.6,0,0
2026-07-27 15:10:05,1,0,0,0,0,225.15,73,17950.38,0,0
2026-07-27 15:39:26,0,0,0,0,0,3.08,137,11883.67,0,0
2026-07-27 16:24:46,1,0,0,0,0,143.05,223,4677.17,0,0
2026-07-27 17:04:46,1,0,1,0,0,97.57,120,16002.1,0,0
2026-07-27 17:26:21,0,0,0,0,0,93.53,107,21865.33,0,0
2026-07-27 17:41:04,1,0,0,0,1,3123.02,167,36087.48,0,0
2026-07-27 18:03:58,0,0,0,0,0,89.11,96,40656.72,0,0
2026-07-27 19:34:25,0,0,0,0,0,125.85,110,2442.17,0,0
2026-07-27 20:21:43,5,0,0,0,0,103.76,14,6759.92,0,0
2026-07-27 21:32:07,1,1,1,0,0,7.2,56,4825.25,0,0
2026-07-27 22:01:43,3,0,0,0,0,11.97,171,4619.6,0,0
2026-07-27 22:04:06,1,0,0,0,0,41.32,164,18595.58,0,0
2026-07-27 23:42:25,0,0,0,0,0,112.61,199,11100.07,0,0
2026-07-27 23:42:27,1,0,1,0,0,2.68,96,338.48,0,0
2026-07-28 00:22:40,1,0,0,0,0,148.1,155,30521.98,0,0
2026-07-28 01:49:08,6,0,0,0,0,22.69,136,21983.37,0,0
2026-07-28 02:45:36,0,0,0,0,0,81.99,244,8036.22,0,0
2026-07-28 03:49:15,3,0,1,0,0,22.46,208,11235.05,0,1
2026-07-28 03:54:28,4,0,0,0,0,19.35,124,23102.52,0,0
2026-07-28 03:54:36,1,0,0,0,0,40.68,21,7549.15,0,0
2026-07-28 06:24:36,5,0,1,1,1,3817.15,72,12567.65,0,0
2026-07-28 07:30:01,0,0,0,1,0,27.16,110,715.6,0,1
2026-07-28 08:32:40,5,1,1,0,0,4.97,238,1106.68,0,1
2026-07-28 08:50:27,2,0,0,1,0,213.91,141,21620.32,0,0
2026-07-28 09:13:58,0,0,1,0,0,57.79,2,3007.08,0,0
2026-07-28 09:32:33,4,0,1,0,1,1455.55,132,33726.6,0,0
2026-07-28 10:12:42,0,0,0,0,0,216.96,68,5540.23,0,0
2026-07-28 10:13:32,0,0,1,0,1,2113.73,63,35741.72,0,0
2026-07-28 11:29:58,1,0,0,0,0,159.21,234,2068.23,0,0
2026-07-28 12:08:51,0,0,1,1,1,981.16,223,1184.08,0,0
2026-07-28 13:41:50,0,0,0,0,0,116.26,61,9954.7,0,0
2026-07-28 13:58:25,3,0,1,1,0,331.78,100,8936.62,0,0
2026-07-28 13:59:36,0,0,0,0,0,220.54,145,7276.93,0,0
2026-07-28 15:44:08,0,0,0,0,0,94.79,134,12484.03,0,0
2026-07-28 16:16:13,0,0,0,0,0,8.92,171,1094.5,0,0
2026-07-28 17:25:31,0,0,1,1,0,389.72,195,56865.38,0,0
2026-07-28 17:30:24,2,0,1,0,1,383.28,66,3409.72,0,0
2026-07-28 17:57:20,2,0,1,1,0,44.75,77,11661.67,0,0
2026-07-28 18:26:42,5,0,0,0,0,15.12,59,2884.08,0,0
2026-07-28 20:38:36,1,0,0,0,0,18.23,250,22862.9,0,0
2026-07-28 21:35:57,0,0,0,0,0,158.85,216,2841.23,0,0
2026-07-29 03:52:11,4,0,1,0,1,205.91,151,6599.92,0,0
2026-07-29 04:28:52,2,0,0,0,0,21.0,87,31568.2,0,0
2026-07-29 04:47:34,1,0,0,0,0,18.81,39,31929.53,0,0
2026-07-29 04:49:52,1,0,1,0,0,46.23,98,30888.25,0,0
2026-07-29 07:00:01,4,1,1,0,0,118.64,93,19669.12,0,1
2026-07-29 07:40:30,2,1,1,0,0,103.24,245,9854.3,0,0
2026-07-29 09:29:08,0,0,0,0,0,128.99,161,2952.02,0,0
2026-07-29 09:50:39,2,0,0,0,0,129.76,50,23556.65,0,0
2026-07-29 11:58:19,0,0,0,0,0,0.3,90,12413.25,0,0
2026-07-29 12:08:06,0,0,0,0,0,115.37,145,1328.5,0,0
2026-07-29 13:59:04,0,1,1,0,0,115.38,76,8318.22,0,0
2026-07-29 14:26:53,0,0,1,1,0,6.41,166,7606.1,0,0
2026-07-29 14:46:28,0,0,0,1,0,55.71,185,6989.07,0,0
2026-07-29 16:24:38,0,0,0,0,0,8.19,216,1128.68,0,0
2026-07-29 18:47:51,1,0,0,0,0,21.17,6,8074.9,0,0
2026-07-29 19:13:26,3,0,0,0,0,67.29,151,921.25,0,0
2026-07-29 19:56:00,7,0,0,0,0,1.21,51,9446.87,0,1
2026-07-29 20:10:54,0,0,1,0,0,9.98,74,18567.02,0,0
2026-07-29 20:15:40,1,1,0,0,0,8.87,130,14527.4,0,0
2026-07-29 20:52:27,5,0,0,0,0,13.3,232,13997.3,0,0
2026-07-29 21:24:29,0,0,0,0,0,5.11,165,6544.3,0,0
2026-07-29 21:35:13,2,0,1,0,0,94.69,151,141.78,0,0
2026-07-29 22:28:39,2,0,1,0,0,19.67,4,13517.68,0,0
2026-07-30 00:07:19,0,0,1,0,0,198.49,100,2048.9,0,0
2026-07-30 01:28:06,3,0,1,0,0,216.11,96,2985.65,0,1
2026-07-30 02:27:03,3,0,1,0,0,117.45,111,18014.35,0,0
2026-07-30 02:27:41,0,0,0,0,0,6.72,141,2497.23,0,0
2026-07-30 03:29:15,0,0,0,0,0,222.2,165,364.77,0,0
2026-07-30 04:51:06,0,0,0,0,0,54.25,143,9091.48,0,0
2026-07-30 04:53:54,0,0,0,0,0,19.98,52,9630.9,0,0
2026-07-30 04:55:41,1,0,0,1,1,2262.89,85,22180.63,0,0
2026-07-30 05:31:45,1,0,1,0,0,42.57,231,9325.65,0,0
2026-07-30 06:31:37,0,0,1,0,1,1058.05,206,7540.67,0,0
2026-07-30 06:36:54,4,0,0,0,0,135.88,44,12032.82,0,0
2026-07-30 08:08:38,0,0,0,0,0,10.66,6,800.78,0,0
2026-07-30 08:14:12,0,0,0,0,0,18.58,23,7418.9,0,0
2026-07-30 09:09:45,0,0,0,0,0,345.97,167,3808.68,0,0
2026-07-30 10:26:11,1,0,0,0,0,125.02,121,8956.52,0,0
2026-07-30 11:57:50,0,0,1,1,0,26.28,226,22635.78,0,0
2026-07-30 14:00:07,0,0,0,0,0,85.28,127,7394.05,0,0
2026-07-30 14:00:47,0,0,0,1,0,20.82,173,5767.32,0,0
2026-07-30 16:09:21,3,0,1,0,0,200.59,19,13336.2,0,0
2026-07-30 16:18:08,7,1,0,0,1,892.98,62,27693.02,0,1
2026-07-30 16:46:53,0,0,0,0,0,164.44,31,19790.3,0,0
2026-07-30 18:28:20,0,0,0,0,0,357.26,95,21197.32,0,0
2026-07-31 01:25:32,1,1,0,0,0,395.68,64,5349.98,0,0
2026-07-31 01:48:36,2,0,0,1,0,14.81,19,579.25,0,0
2026-07-31 01:57:31,0,0,1,0,0,289.69,207,7080.45,0,1
2026-07-31 02:15:28,4,1,1,1,0,31.51,160,5893.92,0,0
2026-07-31 04:22:15,1,0,0,0,0,44.57,86,8395.52,0,0
2026-07-31 05:12:22,0,0,0,0,0,6.51,241,10796.38,0,0
2026-07-31 06:54:57,1,0,0,1,0,103.73,174,29861.53,0,0
2026-07-31 09:45:19,5,0,0,0,0,103.32,217,23271.12,0,0
2026-07-31 10:40:49,2,0,0,1,0,150.08,5,9680.97,0,0
2026-07-31 11:56:32,0,0,0,0,0,292.36,22,9782.77,0,0
2026-07-31 12:32:35,0,0,1,1,0,55.89,119,36716.72,0,0
2026-07-31 13:02:30,0,1,0,0,0,52.33,33,38180.07,0,1
2026-07-31 13:39:13,0,0,1,1,1,1528.79,179,14089.77,0,0
2026-07-31 14:13:20,2,0,0,0,0,110.08,14,5391.62,0,1
2026-07-31 14:42:41,3,0,0,0,0,58.92,169,12501.1,0,0
2026-07-31 15:36:46,2,0,0,0,0,251.74,117,7428.3,0,0
2026-07-31 16:32:56,7,0,0,0,0,5.36,210,6163.45,0,0
2026-07-31 16:55:17,0,0,0,0,0,141.22,222,6313.85,0,1
2026-07-31 17:19:30,3,0,0,0,0,23.31,227,25539.6,0,0
2026-07-31 18:49:58,2,0,0,0,0,68.38,214,16662.3,0,0
2026-07-31 19:01:57,0,0,0,0,0,190.71,60,12310.58,0,0
2026-07-31 19:50:47,2,0,0,0,0,39.99,32,43041.85,0,0
2026-07-31 20:22:30,0,0,1,1,1,3449.16,147,50301.35,0,0
2026-07-31 21:50:33,2,0,1,0,1,898.62,237,22795.72,0,0
2026-07-31 22:40:53,1,0,0,0,0,121.32,91,39822.67,0,0
2026-07-31 23:35:28,0,0,0,0,0,128.26,225,12929.02,0,0
2026-08-01 00:19:00,1,0,0,0,0,30.22,5,818.18,0,0
2026-08-01 01:23:49,1,1,1,0,0,230.92,125,10347.22,0,0
2026-08-01 01:35:45,0,0,0,0,0,13.31,10,7187.15,0,0
2026-08-01 01:48:00,0,0,0,0,0,89.18,43,8658.52,0,0
2026-08-01 01:50:52,0,0,0,0,0,264.52,135,13212.37,0,0
2026-08-01 02:02:29,1,0,0,1,1,47.23,187,13954.52,0,0
2026-08-01 02:21:31,3,0,0,0,0,75.77,139,32511.25,0,0
2026-08-01 02:41:58,4,0,1,0,1,424.42,208,5692.72,0,0
2026-08-01 02:42:13,1,0,0,0,0,21.38,245,4021.72,0,0
2026-08-01 03:56:00,2,0,0,1,0,26.63,241,1363.63,0,0
2026-08-01 04:03:41,0,0,0,0,0,232.98,223,5274.83,0,0
2026-08-01 04:08:46,2,0,0,1,0,55.43,242,14097.35,0,0
2026-08-01 04:30:27,0,0,0,0,0,26.91,82,9114.8,0,0
2026-08-01 04:42:14,0,0,0,0,1,3937.44,220,12257.77,0,0
2026-08-01 06:09:05,1,0,0,0,0,38.8,42,29527.48,0,0
2026-08-01 06:44:01,0,0,1,0,0,128.54,27,13778.92,0,0
2026-08-01 07:56:02,2,0,0,0,0,77.04,132,5663.48,0,0
2026-08-01 08:12:19,3,0,0,0,0,113.68,116,15667.3,0,0
2026-08-01 08:41:45,0,0,0,0,0,20.17,145,4113.65,0,0
2026-08-01 08:51:36,0,0,0,0,0,113.48,194,34837.82,0,0
2026-08-01 09:59:33,3,0,0,0,0,236.26,30,8955.65,0,0
2026-08-01 10:16:46,2,1,0,0,0,10.64,242,368.0,0,0
2026-08-01 10:39:45,0,0,0,1,1,592.97,203,16922.47,0,0
2026-08-01 10:59:35,0,0,0,1,0,359.74,161,4410.45,0,0
2026-08-01 11:37:16,1,0,0,0,0,25.51,53,13621.65,0,0
2026-08-01 11:39:06,1,0,0,0,0,6.14,223,455.42,0,1
2026-08-01 12:07:42,0,0,0,0,0,5.66,48,30751.9,0,1
2026-08-01 12:31:01,0,1,0,0,0,32.2,149,12020.7,0,0
2026-08-01 13:47:24,4,0,1,1,0,68.29,37,23278.6,0,0
2026-08-01 14:36:29,1,0,0,1,0,31.31,92,12302.62,0,0
2026-08-01 15:15:18,7,0,0,0,0,32.98,70,21385.28,0,0
2026-08-01 15:44:22,2,0,0,0,0,178.04,45,18490.78,0,0
2026-08-01 16:15:15,5,0,1,1,0,145.65,43,867.25,0,0
2026-08-01 17:36:26,0,0,1,0,0,37.23,213,9507.85,0,0
2026-08-01 17:42:40,2,0,0,0,0,42.29,238,6310.0,0,0
2026-08-01 17:57:39,0,0,0,0,0,349.57,218,34421.65,0,0
2026-08-01 18:53:54,1,0,0,0,0,299.89,7,35306.02,0,0
2026-08-01 19:20:00,0,0,0,0,0,361.56,169,1717.32,0,0
2026-08-01 19:24:01,0,0,0,0,0,280.02,73,7453.93,0,0
2026-08-01 20:07:29,3,1,1,0,0,98.91,90,4809.17,0,0
2026-08-01 20:51:50,3,0,0,0,0,36.86,241,1015.83,0,0
2026-08-01 21:09:53,0,0,0,0,0,348.99,230,9707.68,0,0
2026-08-01 23:02:59,1,1,0,0,0,135.8,71,10169.65,0,0
2026-08-02 00:09:04,0,0,0,1,0,124.22,185,4882.6,0,1
2026-08-02 01:40:09,0,0,1,0,0,159.76,106,15094.37,0,0
2026-08-02 06:44:00,3,0,1,1,0,91.25,123,11762.72,0,0
2026-08-02 06:54:00,0,0,0,0,0,87.53,28,10865.42,0,0
2026-08-02 07:02:44,5,0,0,0,0,44.84,229,10301.55,0,0
2026-08-02 07:15:47,0,0,0,0,0,16.34,2,7081.82,0,0
2026-08-02 08:39:29,1,1,0,0,0,57.72,186,13593.7,0,1
2026-08-02 08:46:39,1,0,0,0,0,72.85,200,38475.15,0,0
2026-08-02 08:51:44,0,0,0,0,0,210.22,129,15567.17,0,0
2026-08-02 09:06:56,0,0,1,0,0,51.35,215,13937.27,0,0
2026-08-02 09:54:31,3,0,1,0,0,214.57,45,1090.15,0,0
2026-08-02 09:56:49,2,0,1,1,0,38.2,172,16258.75,0,0
2026-08-02 12:19:33,0,0,0,0,1,4341.86,164,8055.45,0,0
2026-08-02 13:18:15,1,0,1,0,1,59.57,170,15685.95,0,0
2026-08-02 13:50:59,0,0,1,1,0,74.51,198,24855.48,0,0
2026-08-02 14:07:46,0,0,0,0,0,38.8,191,26098.22,0,0
2026-08-02 14:46:17,0,0,0,0,0,34.87,15,18398.05,0,0
2026-08-02 15:18:12,0,0,0,0,0,8.27,120,8533.43,0,0
2026-08-02 15:27:37,3,1,1,0,0,114.35,207,3690.1,0,0
2026-08-02 16:14:25,2,0,0,0,0,49.85,91,2493.53,0,0
2026-08-02 16:40:12,5,0,0,0,0,297.7,147,2657.7,0,0
2026-08-02 19:37:05,1,0,1,0,1,1869.4,2,741.3,0,0
2026-08-02 20:07:09,5,1,0,0,0,58.5,136,8298.02,0,0
2026-08-02 20:27:56,1,0,0,0,0,98.7,166,6121.05,0,0
2026-08-02 21:09:35,1,0,1,1,1,102.42,11,15984.52,0,0
2026-08-02 22:39:18,6,0,1,0,0,88.95,150,42148.58,0,0
2026-08-02 22:45:39,1,0,0,0,0,109.71,40,18352.85,0,0
2026-08-03 00:01:59,0,0,0,0,0,11.22,53,2184.72,0,0
2026-08-03 00:54:06,2,0,0,0,0,114.71,59,7587.4,0,1
2026-08-03 01:37:20,4,0,1,0,0,64.25,149,2226.32,0,0
2026-08-03 02:14:20,2,0,0,0,0,65.32,103,49682.57,0,0
2026-08-03 02:33:46,1,0,0,0,0,128.58,246,21713.02,0,0
2026-08-03 03:27:50,1,0,0,0,0,59.75,19,4419.23,0,0
2026-08-03 03:31:05,7,0,0,0,0,26.7,142,20670.58,0,0
2026-08-03 03:58:12,0,0,1,0,0,35.42,128,30439.3,0,0
2026-08-03 04:21:52,1,0,0,0,0,134.08,244,8736.27,0,0
2026-08-03 08:11:44,0,0,0,0,0,7.36,242,2754.97,0,0
2026-08-03 08:29:31,1,1,1,0,1,2756.63,136,742.37,0,0
2026-08-03 10:39:16,1,0,1,0,0,87.28,6,5910.63,0,0
2026-08-03 11:11:39,0,0,0,0,0,129.82,46,11262.37,0,0
2026-08-03 12:01:48,0,0,1,0,0,42.11,160,4906.33,0,0
2026-08-03 12:09:00,1,0,1,0,0,25.2,87,7660.13,0,0
2026-08-03 14:31:50,0,0,0,0,1,2448.87,69,19145.95,0,0
2026-08-03 14:45:40,0,0,0,0,0,10.78,167,6095.92,0,0
2026-08-03 15:08:27,3,0,0,0,0,18.13,52,6374.55,0,0
2026-08-03 15:20:56,0,0,0,0,0,33.54,58,13855.33,0,0
2026-08-03 15:38:29,0,0,0,0,0,43.27,127,5858.37,0,0
2026-08-03 15:43:03,5,0,0,0,0,22.77,68,8970.35,0,0
2026-08-03 16:51:11,0,0,0,0,0,243.76,61,8829.35,0,0
2026-08-03 17:36:23,0,0,0,0,0,2.76,203,3296.63,0,0
2026-08-03 18:59:28,1,0,0,0,0,162.69,194,3487.87,0,0
2026-08-03 19:55:10,2,0,0,0,0,52.94,206,6563.55,0,0
2026-08-03 20:19:35,4,0,0,0,0,180.86,62,6001.45,0,0
2026-08-03 21:33:44,4,0,0,0,0,158.95,200,2207.08,0,0
2026-08-04 01:01:58,2,0,0,0,0,12.9,135,4271.1,0,0
2026-08-04 01:27:49,0,0,0,0,0,109.79,52,619.37,0,0
2026-08-04 01:38:09,0,0,0,0,0,47.55,51,7542.15,0,0
2026-08-04 02:03:46,0,0,0,0,0,172.04,209,12730.55,0,0
2026-08-04 02:11:40,0,0,1,0,0,190.39,109,15310.8,0,0
2026-08-04 02:21:10,2,0,1,0,0,20.95,229,2598.43,0,0
2026-08-04 02:23:38,1,0,0,0,0,65.13,22,5187.1,0,0
2026-08-04 03:04:34,0,0,0,0,0,90.24,227,4905.07,0,0
2026-08-04 03:42:01,3,0,0,0,0,78.54,203,605.63,0,0
2026-08-04 06:07:40,0,0,0,0,0,29.0,128,1569.47,0,0
2026-08-04 06:08:44,0,0,0,1,1,477.19,218,3611.08,0,1
2026-08-04 07:16:20,1,1,1,1,1,2929.92,238,3693.67,0,0
2026-08-04 07:28:01,0,1,1,1,1,49.87,108,26881.03,0,0
2026-08-04 07:42:21,0,0,1,1,0,30.43,41,15597.17,0,0
2026-08-04 08:07:18,0,0,0,0,0,25.24,142,1716.22,0,0
2026-08-04 08:45:30,0,0,0,0,0,46.31,138,26031.08,0,0
2026-08-04 08:58:30,2,0,1,0,0,115.87,218,169.77,0,0
2026-08-04 10:02:03,4,0,0,0,0,75.98,217,5776.73,0,1
2026-08-04 10:19:08,0,0,0,0,0,77.79,22,475.5,0,0
2026-08-04 11:02:20,0,1,1,1,1,1971.17,101,15296.08,0,0
2026-08-04 11:54:22,2,0,0,1,0,167.22,207,2666.75,0,0
2026-08-04 13:01:56,5,0,0,0,0,17.42,114,37285.23,0,0
2026-08-04 13:12:53,0,0,0,0,0,11.43,48,4385.18,0,0
2026-08-04 14:35:33,0,0,0,0,0,35.84,70,4280.25,0,0
2026-08-04 15:46:23,2,0,0,0,0,175.77,117,5769.62,0,0
2026-08-04 15:50:13,1,0,0,0,0,78.03,124,10795.75,0,0
2026-08-04 16:24:21,0,0,1,1,0,15.41,147,2864.15,0,0
2026-08-04 17:54:12,1,0,0,0,0,17.88,220,5111.97,0,0
2026-08-04 18:05:23,0,0,0,0,0,228.54,91,2990.97,0,0
2026-08-04 19:02:02,1,0,0,0,0,45.72,170,3223.78,0,0
2026-08-04 19:24:46,1,0,0,0,0,29.47,163,11793.37,0,0
2026-08-04 20:10:19,3,0,0,0,0,118.33,176,16516.52,0,0
2026-08-04 21:46:01,0,0,0,0,0,197.17,209,1182.25,0,0
2026-08-04 21:59:47,0,0,0,1,0,58.41,153,18094.02,0,0
2026-08-04 22:13:34,0,0,0,0,0,156.61,4,8624.92,0,0
2026-08-04 22:55:13,3,0,0,0,0,56.22,137,11955.78,0,0
2026-08-04 23:29:52,0,0,1,1,0,117.58,36,13920.05,0,0
2026-08-05 00:29:39,0,0,1,0,0,85.52,149,2812.32,0,0
2026-08-05 03:03:56,0,0,0,0,0,224.85,229,1482.77,0,0
2026-08-05 03:25:17,2,1,1,0,0,39.31,100,8837.97,0,0
2026-08-05 03:32:47,0,1,1,0,0,147.15,68,2149.73,0,0
2026-08-05 04:55:13,0,0,0,0,0,115.18,247,27715.48,0,0
2026-08-05 05:47:35,0,0,1,0,1,2737.89,240,23642.15,0,0
2026-08-05 08:27:27,3,0,1,0,1,1402.98,172,4230.63,0,0
2026-08-05 10:15:51,1,0,1,1,1,924.66,55,14579.87,0,0
2026-08-05 12:34:16,2,0,0,0,0,5.07,134,11330.13,0,0
2026-08-05 14:25:51,4,0,0,0,0,183.07,190,36475.47,0,0
2026-08-05 14:38:14,4,0,0,0,0,240.72,127,2819.75,0,0
2026-08-05 16:00:27,0,0,0,0,0,59.72,179,7341.23,0,0
2026-08-05 16:30:22,5,0,0,1,0,25.14,102,20987.8,0,0
2026-08-05 16:45:53,0,0,0,0,0,104.17,78,13919.13,0,0
2026-08-05 18:06:23,0,0,0,0,0,12.98,73,5682.37,0,0
2026-08-05 19:12:50,4,0,0,0,0,4.17,99,13307.02,0,0
2026-08-05 20:10:08,0,1,0,0,0,34.26,123,5126.13,0,0
2026-08-05 20:49:31,0,0,0,0,0,113.92,119,7696.93,0,0
2026-08-05 21:35:05,0,0,0,0,0,168.31,75,58661.68,0,0
2026-08-05 21:46:27,1,1,1,0,0,17.06,213,6010.02,0,0
2026-08-05 22:05:40,0,0,0,0,0,292.15,128,2398.0,0,0
2026-08-05 22:22:26,2,0,0,0,0,80.31,39,11134.87,0,0
2026-08-05 23:15:37,4,0,0,0,0,259.37,61,3264.43,0,0
2026-08-05 23:54:53,1,0,0,1,0,16.23,11,4485.3,0,0
2026-08-06 02:25:06,0,0,0,0,0,61.24,210,7792.17,0,0
2026-08-06 03:28:53,5,1,1,0,0,56.35,115,27234.17,0,0
2026-08-06 03:47:05,0,0,1,0,0,53.05,18,15761.75,0,0
2026-08-06 03:50:20,0,0,0,1,0,267.06,58,3629.4,0,0
2026-08-06 03:53:24,0,0,1,0,1,2839.81,151,10458.18,0,0
2026-08-06 07:44:58,1,0,1,0,0,158.12,217,2742.92,0,0
2026-08-06 10:00:51,0,0,0,0,0,33.7,156,18903.58,0,0
2026-08-06 10:04:54,0,0,1,1,0,41.41,239,42617.78,0,0
2026-08-06 10:22:56,0,0,1,0,0,30.02,83,19719.63,0,0
2026-08-06 12:45:44,0,0,0,0,0,157.74,187,7843.25,0,0
2026-08-06 14:27:11,1,0,1,0,0,49.89,27,7663.17,0,0
2026-08-06 15:16:36,3,0,0,0,0,384.84,188,23811.38,0,0
2026-08-06 15:20:35,2,0,0,0,0,45.31,208,7958.62,0,0
2026-08-06 15:28:56,0,0,0,0,1,279.11,199,13906.52,0,0
2026-08-06 19:47:19,0,0,0,0,0,265.72,106,6847.17,0,0
2026-08-06 19:50:15,6,0,0,0,0,152.65,183,18942.48,0,0
2026-08-06 21:46:05,0,0,0,0,0,87.52,179,1785.63,0,0
2026-08-06 22:54:24,3,0,0,0,0,195.5,75,1519.32,0,0
2026-08-06 22:59:52,0,1,1,0,1,4477.06,124,3309.65,0,0
2026-08-07 03:38:24,5,0,0,0,0,197.6,197,21393.23,0,0
2026-08-07 04:15:06,0,0,0,0,0,234.88,28,7041.1,0,0
2026-08-07 05:47:04,0,0,0,0,0,31.64,198,6716.08,0,0
2026-08-07 06:09:30,2,0,1,1,0,71.51,188,892.9,0,0
2026-08-07 07:22:00,1,1,1,0,0,158.62,21,14607.4,0,0
2026-08-07 08:07:54,0,0,0,0,0,74.66,168,27839.63,0,0
2026-08-07 08:42:15,1,0,1,0,0,102.68,233,28378.75,0,0
2026-08-07 08:48:42,2,0,0,1,0,256.19,60,9466.75,0,0
2026-08-07 09:10:29,0,0,0,0,0,35.0,96,11982.38,0,0
2026-08-07 11:40:37,0,0,1,1,0,77.52,76,12821.55,0,0
2026-08-07 11:45:42,0,0,0,0,0,82.91,166,6677.77,0,0
2026-08-07 14:23:54,0,0,0,0,0,44.56,11,2309.02,0,0
2026-08-07 15:17:44,1,0,1,0,0,45.93,226,11719.9,0,0
2026-08-07 15:46:48,0,0,0,1,0,146.55,98,13616.93,0,0
2026-08-07 16:43:55,0,0,0,0,0,265.24,20,50782.0,0,0
2026-08-07 16:45:40,0,0,1,0,0,100.44,186,7686.18,0,0
2026-08-07 16:47:29,1,0,1,0,0,66.93,163,4162.72,0,0
2026-08-07 16:52:32,0,0,1,0,0,138.77,167,5886.87,0,0
2026-08-07 17:41:46,0,0,0,0,0,612.35,156,1900.92,0,0
2026-08-07 19:01:09,0,0,0,0,0,8.6,108,5013.13,0,0
2026-08-07 19:20:15,5,0,0,0,0,105.44,36,4070.38,0,0
2026-08-07 19:58:21,0,0,0,0,0,81.22,19,6750.52,0,0
2026-08-07 20:02:14,2,1,1,1,1,1413.36,178,28098.78,0,0
2026-08-07 20:17:14,0,0,0,0,0,2.31,132,9381.2,0,0
2026-08-08 01:01:47,0,0,0,0,0,311.62,207,5107.42,0,0
2026-08-08 01:03:21,1,0,0,0,0,8.93,37,9315.95,0,0
2026-08-08 01:16:39,0,1,1,0,0,36.74,100,4191.37,0,0
2026-08-08 01:37:01,5,0,0,0,0,35.42,218,5318.52,0,0
2026-08-08 02:32:44,5,0,0,0,0,132.09,73,3386.35,0,0
2026-08-08 03:34:56,2,0,0,0,0,111.15,240,4187.35,0,0
2026-08-08 04:38:24,1,0,1,0,0,6.37,177,54321.97,0,0
2026-08-08 05:33:03,0,0,0,0,0,16.22,64,11767.52,0,0
2026-08-08 05:33:48,0,0,0,0,0,38.39,233,1251.55,0,0
2026-08-08 05:36:19,5,0,0,1,0,121.77,78,3650.43,0,0
2026-08-08 05:47:47,1,0,0,0,1,3972.59,111,13160.73,0,0
2026-08-08 06:06:10,1,0,0,0,0,37.9,216,13781.53,0,0
2026-08-08 06:22:50,0,0,0,0,0,74.56,237,10592.28,0,0
2026-08-08 10:59:31,0,1,1,0,0,46.62,57,24376.18,0,0
2026-08-08 11:38:04,5,0,1,0,0,86.12,59,7843.97,0,0
2026-08-08 12:24:39,0,0,1,1,0,98.88,131,21945.58,0,0
2026-08-08 12:38:57,0,1,1,0,1,1095.63,249,32869.18,0,0
2026-08-08 12:43:58,0,1,0,0,0,49.27,201,19179.4,0,0
2026-08-08 15:15:34,3,0,1,0,1,3177.68,226,1437.83,0,0
2026-08-08 15:53:16,0,1,1,0,0,161.91,51,6615.12,0,0
2026-08-08 16:09:51,3,0,0,0,0,644.12,184,24383.35,0,0
2026-08-08 18:42:34,0,0,0,0,0,53.22,23,13588.37,0,0
2026-08-08 19:13:09,4,0,0,0,0,3.95,178,1390.92,0,0
2026-08-08 19:39:43,2,0,1,0,0,105.37,58,3829.38,0,0
2026-08-08 20:13:17,0,0,1,0,0,152.98,25,19045.07,0,0
2026-08-08 22:57:35,1,0,1,1,0,276.12,82,11187.13,0,1
2026-08-08 23:05:19,0,0,0,0,0,1.04,30,10865.77,0,0
2026-08-09 00:02:15,0,0,1,0,0,211.68,209,5896.23,0,0
2026-08-09 00:16:41,3,0,0,0,0,72.72,73,1303.95,0,0
2026-08-09 00:48:42,0,0,0,0,0,46.97,132,1711.47,0,0
2026-08-09 01:07:01,0,0,0,0,0,25.09,139,11445.5,0,0
2026-08-09 02:01:13,0,0,0,0,0,168.27,221,29935.88,0,0
2026-08-09 03:13:01,0,0,0,0,0,45.21,223,11013.92,0,0
2026-08-09 03:59:07,3,0,0,0,0,92.77,38,26394.85,0,0
2026-08-09 04:12:05,0,0,0,0,0,71.68,123,4801.95,0,0
2026-08-09 04:41:36,5,0,0,1,0,30.54,21,2719.6,0,1
2026-08-09 06:04:17,5,0,0,0,0,155.01,47,21270.13,0,0
2026-08-09 06:49:39,0,1,1,0,1,531.1,132,360.95,0,0
2026-08-09 06:58:49,0,0,1,0,0,154.79,164,9759.27,0,0
2026-08-09 07:06:12,3,0,0,0,0,52.69,115,4537.32,0,0
2026-08-09 08:20:07,0,0,1,0,1,45.82,68,6047.33,0,0
2026-08-09 09:04:05,0,0,0,0,0,145.86,228,40351.15,0,0
2026-08-09 09:06:13,0,1,0,0,0,229.54,55,5690.37,0,0
2026-08-09 10:31:49,1,0,0,0,0,12.76,217,4486.85,0,0
2026-08-09 10:43:45,2,0,0,0,0,88.0,47,279.47,0,0
2026-08-09 12:05:32,0,0,0,0,0,7.45,92,11369.05,0,0
2026-08-09 12:35:22,0,0,0,0,0,177.13,250,16796.77,0,0
2026-08-09 15:25:35,4,0,0,0,0,441.94,36,2645.33,0,0
2026-08-09 17:28:09,2,0,0,0,0,68.32,150,9768.85,0,0
2026-08-09 19:04:11,1,0,0,0,0,37.6,246,9630.42,0,0
2026-08-09 20:12:50,2,0,0,0,0,186.92,239,4927.93,0,0
2026-08-09 20:15:23,0,0,0,0,0,73.56,174,13760.43,0,0
2026-08-09 20:43:49,2,0,0,0,0,59.61,15,10437.53,0,0
2026-08-09 21:19:15,0,0,0,1,0,25.85,21,997.65,0,0
2026-08-10 00:31:05,0,0,0,0,0,95.72,75,4416.68,0,0
2026-08-10 00:58:51,2,0,0,1,0,93.22,21,219.6,0,0
2026-08-10 03:56:04,0,0,0,0,0,30.49,41,8413.72,0,0
2026-08-10 04:15:33,7,0,1,0,0,23.75,12,21749.33,0,1
2026-08-10 04:34:23,0,0,1,0,0,57.73,178,2001.23,0,0
2026-08-10 04:34:55,4,0,0,0,0,59.93,182,23413.58,0,0
2026-08-10 05:27:02,5,0,0,0,0,13.74,185,11837.97,0,0
2026-08-10 06:54:11,0,0,0,0,0,32.3,14,13960.85,0,0
2026-08-10 11:32:26,2,0,1,0,1,262.16,131,2827.78,0,1
2026-08-10 12:08:37,0,0,0,0,0,231.71,148,25543.65,0,0
2026-08-10 12:13:52,4,0,0,0,0,7.72,38,1934.75,0,1
2026-08-10 13:59:31,0,0,0,0,0,211.0,119,6790.0,0,0
2026-08-10 14:05:09,2,0,1,0,0,75.05,126,50048.95,0,0
2026-08-10 15:55:10,0,0,0,0,0,109.46,99,7002.33,0,0
2026-08-10 16:05:16,0,0,1,0,0,256.72,152,26385.48,0,0
2026-08-10 16:52:31,0,1,1,0,0,45.47,25,2679.23,0,0
2026-08-10 17:07:33,0,0,0,0,0,121.27,194,9968.08,0,0
2026-08-10 17:37:08,2,0,0,1,0,111.38,139,2430.12,0,0
2026-08-10 18:23:02,1,0,0,1,0,445.22,119,263.52,0,0
2026-08-10 19:15:53,1,0,0,0,0,4.71,204,24456.72,0,0
2026-08-10 19:28:48,0,0,0,0,0,60.78,80,34861.88,0,0
2026-08-10 21:02:15,0,0,1,1,0,456.16,215,12235.32,0,0
2026-08-10 22:28:19,0,0,1,0,0,39.73,61,7152.7,0,0
2026-08-10 23:35:30,3,0,1,0,0,337.16,109,9923.83,0,0
2026-08-11 01:24:06,7,0,0,0,0,169.67,80,355.3,0,0
2026-08-11 02:56:21,0,0,0,0,0,41.45,51,3543.08,0,0
2026-08-11 06:15:21,0,0,0,0,0,2.95,98,5188.55,0,0
2026-08-11 06:48:17,0,0,0,0,0,32.9,222,15233.0,0,0
2026-08-11 07:29:01,1,0,0,0,0,13.21,201,4005.05,0,0
2026-08-11 07:36:48,1,0,0,0,0,55.94,151,7423.4,0,0
2026-08-11 07:39:05,2,0,0,0,0,280.55,4,9205.52,0,0
2026-08-11 08:03:29,0,0,0,0,0,71.87,43,13908.23,0,0
2026-08-11 08:29:14,2,0,0,0,0,59.33,156,5207.47,0,0
2026-08-11 09:14:07,1,0,0,0,0,24.3,106,6566.8,0,0
2026-08-11 09:34:40,0,0,0,0,0,97.14,181,21732.63,0,0
2026-08-11 09:45:26,1,0,1,0,0,60.77,7,13851.53,0,0
2026-08-11 11:14:02,0,0,0,0,0,148.16,89,34585.55,0,0
2026-08-11 11:18:27,0,0,0,0,0,72.59,101,10096.12,0,0
2026-08-11 11:44:16,4,0,0,0,0,217.66,191,12816.5,0,0
2026-08-11 14:53:20,0,0,1,0,0,152.79,240,4998.4,0,0
2026-08-11 18:26:26,3,0,0,0,0,15.67,71,14123.45,0,0
2026-08-11 18:41:12,1,1,0,0,0,14.62,49,44816.2,0,0
2026-08-11 18:49:54,0,0,1,0,1,36.98,21,2511.05,0,1
2026-08-11 19:03:25,1,0,0,0,0,46.05,107,21697.07,0,0
2026-08-11 22:48:06,1,1,0,0,0,5.62,168,6640.2,0,0
2026-08-12 00:04:48,0,0,0,0,0,59.77,98,1069.45,0,0
2026-08-12 00:55:46,0,1,0,0,0,27.62,104,43230.63,0,1
2026-08-12 01:41:37,0,0,0,0,0,68.96,48,10828.73,0,0
2026-08-12 01:50:05,0,0,0,0,0,17.23,229,10006.15,0,0
2026-08-12 02:12:30,0,0,0,0,0,79.67,8,22705.12,0,0
2026-08-12 04:16:21,0,0,0,0,0,339.42,130,19200.68,0,0
2026-08-12 04:55:59,0,0,1,0,0,101.4,184,5086.13,0,0
2026-08-12 05:12:45,4,0,1,0,0,83.1,21,622.85,0,1
2026-08-12 06:24:00,0,1,0,0,0,155.14,148,2535.38,0,0
2026-08-12 06:46:24,2,0,0,0,0,0.56,77,20929.07,0,0
2026-08-12 07:03:55,1,0,0,0,0,33.19,249,5424.97,0,0
2026-08-12 07:57:34,2,0,0,1,0,434.11,204,2201.68,0,0
2026-08-12 08:03:06,0,0,0,0,0,152.61,67,48008.83,0,0
2026-08-12 09:03:56,5,0,0,0,0,9.46,131,2731.5,0,0
2026-08-12 10:05:13,1,0,1,0,0,39.52,184,309.23,0,0
2026-08-12 11:32:24,3,0,0,0,0,57.96,59,5754.33,0,0
2026-08-12 12:34:08,0,0,0,0,0,272.7,66,21303.73,0,0
2026-08-12 12:36:50,0,0,0,0,0,88.23,110,21906.82,0,0
2026-08-12 13:22:39,1,0,0,0,0,8.04,142,11835.35,0,0
2026-08-12 13:29:44,0,0,0,0,0,71.15,195,21364.22,0,0
2026-08-12 15:58:36,0,0,1,1,1,512.44,189,27041.78,0,0
2026-08-12 17:02:27,0,1,1,0,0,41.35,156,1953.22,0,1
2026-08-12 19:14:48,1,0,0,0,0,12.13,72,22370.2,0,0
2026-08-12 20:08:05,6,0,0,0,0,61.39,249,784.17,0,0
2026-08-12 20:10:21,0,0,1,0,0,110.71,30,5585.03,0,0
2026-08-12 21:03:56,3,0,1,1,0,142.52,139,3086.8,0,0
2026-08-12 23:13:55,1,0,0,1,0,118.87,79,34896.83,0,0
2026-08-12 23:45:24,0,0,1,0,1,1620.48,145,16743.65,0,1
2026-08-13 00:38:18,5,0,0,0,0,203.42,248,28758.72,0,0
2026-08-13 01:47:10,4,0,0,0,0,40.4,111,6959.38,0,0
2026-08-13 02:01:33,2,0,1,0,1,362.33,202,29697.13,0,0
2026-08-13 02:09:58,0,0,0,0,0,9.37,167,7757.43,0,0
2026-08-13 02:26:37,1,0,0,0,0,18.12,30,376.27,0,0
2026-08-13 02:38:53,0,0,1,0,0,16.18,126,3633.73,0,0
2026-08-13 03:06:07,0,0,0,0,0,243.61,112,25643.53,0,0
2026-08-13 03:52:06,0,0,0,1,0,19.91,16,39107.22,0,0
2026-08-13 04:31:26,3,0,1,0,0,9.87,18,10124.35,0,0
2026-08-13 04:39:33,4,1,1,0,0,51.12,222,2751.27,0,1
2026-08-13 04:49:02,0,0,0,1,1,278.79,129,15597.3,0,0
2026-08-13 05:41:38,0,0,1,0,0,13.99,47,5457.88,0,0
2026-08-13 06:08:11,3,0,0,0,0,45.01,167,238.22,0,0
2026-08-13 07:00:39,0,0,0,0,0,251.81,232,20768.2,0,0
2026-08-13 07:12:48,1,0,1,0,0,3.09,45,15678.28,0,0
2026-08-13 07:23:03,0,0,1,1,1,349.25,1,30242.07,0,0
2026-08-13 07:55:00,0,0,1,0,1,2607.84,36,5309.42,0,0
2026-08-13 08:02:23,7,0,0,0,0,28.13,163,8114.9,0,0
2026-08-13 08:40:38,0,0,1,0,0,58.18,245,17638.42,0,0
2026-08-13 10:29:26,0,0,0,0,0,10.37,191,2805.17,0,0
2026-08-13 10:30:51,0,0,1,0,0,158.56,217,5759.03,0,0
2026-08-13 11:53:58,4,0,0,0,0,133.36,108,8212.82,0,0
2026-08-13 12:06:36,3,0,0,0,0,13.7,177,7648.2,0,0
2026-08-13 12:26:14,0,0,0,0,0,295.58,147,12721.88,0,0
2026-08-13 14:20:04,0,0,0,0,0,89.31,242,14768.33,0,0
2026-08-13 14:36:29,1,0,0,0,0,160.03,225,18181.02,0,0
2026-08-13 16:18:58,0,0,1,0,0,144.31,60,9090.27,0,0
2026-08-13 16:45:38,1,0,1,1,0,73.2,6,14766.37,0,0
2026-08-13 19:56:58,0,1,1,0,1,2064.47,166,9131.27,0,0
2026-08-13 20:34:08,0,0,0,0,0,27.15,25,4541.62,0,0
2026-08-13 20:35:19,1,0,0,0,0,2.15,158,31063.93,0,0
2026-08-13 20:35:43,0,0,1,0,0,41.87,27,10448.53,0,0
2026-08-13 21:47:33,3,0,0,0,0,16.55,188,9578.05,0,0
2026-08-13 22:09:14,0,0,0,0,0,396.76,239,5876.4,0,0
2026-08-13 22:48:41,0,0,1,0,1,3858.15,56,24556.57,0,0
2026-08-13 23:04:16,7,0,1,0,0,15.56,82,7206.68,0,0
2026-08-14 02:46:18,0,1,1,0,0,42.16,11,9382.4,0,0
2026-08-14 03:02:01,2,0,0,0,0,71.2,25,387.88,0,0
2026-08-14 03:43:24,0,0,0,0,0,50.87,22,14004.27,0,0
2026-08-14 04:09:23,1,0,0,0,0,120.4,157,58718.78,0,0
2026-08-14 04:51:15,2,0,0,0,0,70.02,89,3937.22,0,0
2026-08-14 05:03:26,0,0,0,0,0,83.3,87,15414.43,0,0
2026-08-14 05:11:34,3,0,0,0,0,113.21,184,2586.35,0,0
2026-08-14 05:15:38,1,0,0,0,0,2.4,202,1634.08,0,0
2026-08-14 07:30:00,0,0,0,0,0,1.25,95,20941.67,0,0
2026-08-14 08:20:10,1,0,1,1,0,19.62,231,21768.42,0,0
2026-08-14 08:35:11,1,0,1,1,0,126.69,174,6499.8,0,0
2026-08-14 08:44:21,0,0,1,0,0,27.5,216,8798.18,0,0
2026-08-14 09:32:39,0,1,0,0,0,252.79,25,390.63,0,0
2026-08-14 10:58:39,0,0,0,1,0,8.17,240,4085.32,0,1
2026-08-14 11:43:35,0,0,1,0,0,86.73,6,1137.95,0,0
2026-08-14 12:20:00,2,0,0,0,0,2.59,45,1747.2,0,0
2026-08-14 12:45:01,0,0,1,0,0,357.76,90,18277.53,0,0
2026-08-14 13:15:43,5,0,0,0,0,24.04,23,8313.15,0,0
2026-08-14 14:38:50,0,0,0,0,0,88.59,82,934.57,0,0
2026-08-14 15:00:42,0,0,0,0,0,305.88,247,13565.48,0,0
2026-08-14 15:41:25,2,1,0,0,0,3.08,33,20318.92,0,0
2026-08-14 17:04:50,1,0,0,0,0,71.89,75,6753.75,0,0
2026-08-14 17:56:20,1,0,1,1,1,1122.08,186,10150.67,0,0
2026-08-14 17:57:19,0,0,0,0,0,43.31,4,4938.23,0,0
2026-08-14 19:37:56,0,1,1,0,0,106.29,106,4943.82,0,0
2026-08-14 19:51:52,0,0,1,0,0,78.2,30,2485.25,0,0
2026-08-14 20:08:00,7,1,1,0,1,429.81,28,11032.9,0,1
2026-08-14 21:26:12,0,0,0,0,0,122.18,131,3622.27,0,0
2026-08-14 22:07:51,4,0,0,0,0,62.77,47,2426.22,0,0
2026-08-14 22:16:30,1,0,0,0,0,63.55,20,10412.58,0,0
2026-08-14 23:01:39,0,0,1,0,0,303.49,92,7856.12,0,0
2026-08-14 23:56:52,1,0,0,1,0,76.58,101,5078.42,0,0
2026-08-15 01:43:59,3,0,0,0,0,153.55,176,14733.67,0,0
2026-08-15 02:36:22,4,0,0,0,0,202.03,74,23425.47,0,0
2026-08-15 03:27:38,0,0,1,1,0,86.92,112,2901.52,0,0
2026-08-15 05:01:13,0,0,0,0,0,154.35,175,49326.58,0,0
2026-08-15 05:19:38,0,0,0,0,0,37.04,20,423.13,0,0
2026-08-15 05:53:10,0,0,1,0,0,20.08,228,8449.08,0,0
2026-08-15 05:59:18,1,0,1,0,1,1783.82,184,1487.73,0,1
2026-08-15 06:30:21,3,0,0,0,0,260.63,13,32396.9,0,0
2026-08-15 07:33:10,0,0,0,0,0,4.34,82,1014.33,0,0
2026-08-15 08:25:15,2,0,0,0,0,143.99,241,19413.42,0,0
2026-08-15 10:48:43,1,0,0,0,0,2.88,88,28042.88,0,0
2026-08-15 10:52:59,0,0,0,0,0,61.36,30,901.12,0,0
2026-08-15 11:26:29,0,0,0,0,0,113.07,144,27308.18,0,0
2026-08-15 13:32:17,2,0,0,0,0,51.97,188,2384.73,0,0
2026-08-15 13:58:23,3,0,1,0,0,35.8,139,3894.45,0,0
2026-08-15 14:09:50,1,0,1,0,0,20.68,125,20926.02,0,0
2026-08-15 14:35:58,0,1,1,1,0,381.09,103,18021.63,0,0
2026-08-15 17:39:29,0,0,0,0,0,84.47,28,1291.48,0,0
2026-08-15 19:26:38,0,0,0,0,0,13.68,194,7339.08,0,0
2026-08-15 19:57:54,1,0,0,0,0,4.93,243,47845.3,0,0
2026-08-15 20:10:55,2,0,0,0,0,27.89,79,4137.0,0,0
2026-08-15 20:15:52,0,0,0,0,0,77.35,33,1714.45,0,0
2026-08-15 22:53:05,3,0,0,0,0,139.43,27,3017.37,0,0
2026-08-16 02:19:16,1,0,1,1,0,396.12,150,9171.12,0,0
2026-08-16 03:27:35,1,0,0,1,0,179.54,30,994.6,0,0
2026-08-16 04:13:10,6,0,0,0,0,94.67,84,29419.4,0,0
2026-08-16 04:21:30,0,0,1,0,0,109.8,88,1052.78,0,0
2026-08-16 05:08:55,4,0,0,0,0,73.83,51,7332.57,0,0
2026-08-16 06:01:37,0,1,1,1,0,57.02,113,56155.83,0,0
2026-08-16 06:41:09,0,0,0,0,0,153.58,250,9725.78,0,0
2026-08-16 08:34:33,3,0,1,0,0,19.52,129,4545.52,0,0
2026-08-16 09:29:05,4,0,0,0,0,40.64,38,8475.22,0,0
2026-08-16 09:29:36,1,0,0,0,0,384.83,103,1133.63,0,0
2026-08-16 09:43:10,1,0,0,0,0,84.8,174,2947.98,0,0
2026-08-16 10:45:15,2,0,0,0,0,69.02,88,383.75,0,0
2026-08-16 11:41:24,3,0,0,0,0,190.24,64,11888.35,0,0
2026-08-16 11:57:00,0,0,0,0,0,143.56,65,35869.27,0,0
2026-08-16 12:53:26,3,0,1,0,1,591.88,207,12231.65,0,0
2026-08-16 13:17:23,0,0,0,0,0,98.34,144,1550.9,0,0
2026-08-16 13:23:27,0,1,1,0,0,20.5,5,22384.45,0,0
2026-08-16 15:23:41,0,0,0,0,0,5.44,133,36684.67,0,0
2026-08-16 16:15:16,1,0,0,0,0,459.01,22,3631.87,0,0
2026-08-16 16:32:03,5,0,0,0,0,133.64,57,11852.53,0,1
2026-08-16 17:00:34,1,0,0,0,0,267.03,115,10674.37,0,0
2026-08-16 17:15:22,5,0,1,1,0,178.31,203,18093.35,0,0
2026-08-16 17:37:29,0,0,0,0,0,55.87,161,21997.9,0,0
2026-08-16 18:05:53,2,0,1,0,0,197.65,79,1314.97,0,0
2026-08-16 18:20:30,3,0,0,1,0,154.51,147,4674.27,0,0
2026-08-16 18:22:13,1,0,0,0,0,29.87,63,27848.68,0,0
2026-08-16 19:36:14,1,0,1,1,1,1463.3,232,5075.58,0,0
2026-08-16 20:08:23,1,0,1,0,0,36.39,234,27878.42,0,0
2026-08-16 21:00:06,3,0,1,1,0,26.66,175,2398.88,0,0
2026-08-17 00:00:05,3,0,0,0,0,8.53,219,40326.15,0,0
2026-08-17 00:01:53,0,0,0,1,0,78.34,19,13203.53,0,0
2026-08-17 00:42:33,3,0,1,0,0,49.83,119,9019.52,0,0
2026-08-17 01:23:15,0,0,0,0,0,9.22,41,9927.18,0,0
2026-08-17 01:45:55,0,0,0,0,0,126.71,200,18972.18,0,0
2026-08-17 02:39:07,3,0,1,1,1,1925.94,219,159.03,0,0
2026-08-17 03:03:13,0,0,0,0,0,26.83,91,17817.83,0,0
2026-08-17 03:25:33,3,0,1,0,0,312.15,37,13102.2,0,0
2026-08-17 04:38:23,0,0,0,0,0,150.45,109,8942.88,0,1
2026-08-17 05:55:11,0,0,1,0,0,163.63,139,2396.8,0,0
2026-08-17 06:54:38,0,0,0,0,0,0.37,203,819.27,0,0
2026-08-17 07:34:57,0,0,1,0,0,383.68,120,21136.75,0,0
2026-08-17 08:21:09,2,0,1,1,1,6952.58,46,19989.5,0,1
2026-08-17 08:37:24,0,0,0,0,0,70.77,65,1240.4,0,0
2026-08-17 09:51:54,0,0,1,0,1,6301.2,50,27361.25,0,0
2026-08-17 10:24:46,0,0,0,0,0,94.71,237,13201.93,0,0
2026-08-17 11:05:53,0,0,0,0,0,14.39,115,1085.32,0,0
2026-08-17 11:19:08,2,1,1,0,0,168.32,4,3921.82,0,0
2026-08-17 11:39:20,0,0,0,0,0,81.66,193,31190.72,0,0
2026-08-17 13:27:20,1,0,0,0,0,41.9,184,3328.03,0,0
2026-08-17 13:49:59,4,0,0,1,0,26.94,240,4491.33,0,1
2026-08-17 15:00:47,1,0,1,0,1,1097.51,228,3427.62,0,1
2026-08-17 16:47:06,3,0,0,0,0,117.68,71,8540.67,0,0
2026-08-17 17:48:04,0,1,1,1,0,209.56,42,23738.98,0,0
2026-08-17 20:29:41,0,0,1,0,0,91.29,226,13274.12,0,0
2026-08-17 21:19:54,4,0,1,1,0,53.66,230,23050.02,0,0
2026-08-17 21:21:07,2,0,1,1,0,100.0,73,12784.43,0,0
2026-08-18 00:24:04,1,0,1,0,0,68.71,7,9518.63,0,0
2026-08-18 00:28:23,1,0,0,0,0,105.55,167,6860.2,0,0
2026-08-18 00:46:21,0,0,0,0,0,93.9,211,74101.75,0,0
2026-08-18 00:56:42,0,0,0,0,0,384.83,64,2235.3,0,0
2026-08-18 02:26:49,2,0,1,1,1,1460.27,167,118.43,0,1
2026-08-18 02:31:21,1,0,0,0,0,117.45,16,7119.25,0,0
2026-08-18 02:47:35,0,0,0,0,0,222.92,185,11360.55,0,0
2026-08-18 04:17:42,4,0,1,0,0,244.21,119,1655.15,0,1
2026-08-18 06:08:22,0,0,0,0,0,15.18,18,7296.93,0,0
2026-08-18 06:21:57,0,0,0,0,0,60.48,71,814.85,0,0
2026-08-18 06:29:32,3,0,1,0,0,286.07,126,7430.65,0,0
2026-08-18 08:35:32,2,0,1,0,0,321.31,186,5199.2,0,0
2026-08-18 10:15:31,1,0,0,0,0,21.08,153,19455.73,0,0
2026-08-18 10:19:05,0,1,1,0,0,58.65,31,26972.2,0,0
2026-08-18 10:53:05,0,1,1,1,1,489.95,240,1263.1,0,1
2026-08-18 11:50:15,1,0,0,0,0,156.42,87,6166.82,0,0
2026-08-18 12:00:38,0,1,1,1,0,191.17,241,4535.38,0,0
2026-08-18 12:46:46,3,0,1,0,1,950.18,87,56.52,0,0
2026-08-18 14:42:38,5,0,1,0,1,1688.94,161,2705.15,0,0
2026-08-18 14:44:57,3,0,1,1,0,204.0,236,36747.42,0,0
2026-08-18 17:19:47,0,0,0,0,1,1854.33,162,33951.72,0,0
2026-08-18 17:52:49,2,0,0,0,0,17.01,137,19857.6,0,0
2026-08-18 19:05:15,0,0,0,0,0,124.48,19,2583.37,0,0
2026-08-18 19:37:38,0,0,0,0,0,17.31,248,8339.33,0,0
2026-08-18 19:56:57,0,0,0,0,0,106.06,225,7520.47,0,0
2026-08-18 20:15:44,0,0,0,0,0,40.58,160,22093.93,0,0
2026-08-18 21:32:41,4,0,1,1,0,5.81,249,8724.6,0,0
2026-08-18 23:16:51,0,1,1,1,0,25.68,12,12661.3,0,0
2026-08-18 23:55:26,0,0,0,0,0,63.18,206,21840.27,0,0
2026-08-19 01:35:14,6,0,0,0,0,511.87,77,9768.83,0,0
2026-08-19 01:49:49,0,0,0,0,0,29.53,74,5713.45,0,0
2026-08-19 03:50:07,2,0,0,0,0,385.29,118,81361.38,0,0
2026-08-19 06:13:08,0,0,0,0,0,45.29,225,616.18,0,0
2026-08-19 06:55:50,0,0,0,0,0,321.92,119,1598.13,0,0
2026-08-19 06:57:08,4,0,0,0,0,312.59,156,9474.68,0,1
2026-08-19 08:57:18,0,0,0,0,0,15.42,85,29041.62,0,0
2026-08-19 09:07:36,1,0,1,0,0,176.45,149,20677.95,0,0
2026-08-19 10:07:05,0,0,1,0,0,72.84,221,14885.87,0,0
2026-08-19 11:23:48,0,0,1,1,0,115.9,169,25443.8,0,0
2026-08-19 12:01:58,0,0,0,0,0,149.64,32,26891.18,0,0
2026-08-19 12:29:58,0,0,0,0,0,13.3,15,13906.15,0,0
2026-08-19 13:48:16,0,0,0,0,0,160.43,112,6380.63,0,0
2026-08-19 14:17:39,2,0,1,1,0,36.07,86,27955.4,0,0
2026-08-19 15:10:25,0,0,0,1,0,131.81,217,8919.57,0,0
2026-08-19 16:30:56,0,0,0,0,0,85.25,172,20643.48,0,0
2026-08-19 21:53:20,0,1,1,0,0,115.41,210,19888.23,0,0
2026-08-19 22:02:04,4,0,0,0,0,97.52,164,15303.25,0,0
2026-08-19 22:28:20,4,0,0,0,0,166.29,79,4582.45,0,0
2026-08-19 22:55:42,2,0,0,0,0,224.96,144,4898.32,0,0
2026-08-19 23:06:01,4,0,0,0,0,59.62,141,30038.33,0,0
2026-08-19 23:06:49,0,0,0,0,0,49.79,182,14071.9,0,0
2026-08-20 01:15:30,0,0,0,0,0,27.73,115,3729.62,0,0
2026-08-20 02:05:45,1,0,0,0,0,168.11,218,17308.73,0,0
2026-08-20 04:18:35,1,0,0,0,0,341.17,44,30101.68,0,0
2026-08-20 04:42:52,0,0,0,0,0,21.73,10,27547.12,0,0
2026-08-20 05:31:34,0,0,0,0,0,61.22,131,7685.37,0,0
2026-08-20 07:16:49,7,1,1,1,1,2206.72,173,29836.03,0,1
2026-08-20 07:40:39,3,0,1,0,0,101.07,236,2455.7,0,0
2026-08-20 08:23:43,0,0,0,0,0,168.76,202,8828.08,0,0
2026-08-20 09:21:06,2,0,1,0,0,1.63,192,52584.53,0,0
2026-08-20 10:40:14,0,0,1,1,0,242.3,154,46205.9,0,0
2026-08-20 10:51:37,0,1,1,1,0,6.33,239,9402.38,0,0
2026-08-20 11:05:47,0,0,1,0,1,884.47,209,16503.53,0,0
2026-08-20 11:20:34,0,0,0,0,0,32.26,133,5516.88,0,0
2026-08-20 11:45:38,0,1,1,1,0,263.38,54,42246.62,0,0
2026-08-20 13:18:48,3,0,1,1,0,32.18,228,4218.02,0,0
2026-08-20 13:42:41,0,0,0,0,0,46.73,109,4864.3,0,0
2026-08-20 16:13:12,1,0,0,0,0,219.23,110,11736.37,0,1
2026-08-20 16:30:57,0,0,0,0,0,77.09,80,13866.85,0,0
2026-08-20 17:11:43,0,0,0,0,0,228.48,57,5799.67,0,0
2026-08-20 18:00:04,4,0,0,1,0,108.17,214,28750.1,0,0
2026-08-20 18:07:13,1,0,0,0,0,8.25,67,12124.12,0,0
2026-08-20 21:19:21,5,0,0,0,0,57.06,71,3777.4,0,0
2026-08-20 21:21:40,7,0,1,0,1,291.08,85,2184.37,0,0
2026-08-20 23:32:58,0,1,1,0,0,6.74,176,8508.98,0,0
2026-08-21 02:15:25,0,0,0,0,0,46.81,89,9924.17,0,0
2026-08-21 02:57:58,3,0,0,0,0,239.06,165,31648.72,0,1
2026-08-21 03:39:48,7,0,0,1,0,12.52,11,10133.5,0,0
2026-08-21 03:59:17,1,0,0,0,0,0.68,71,399.93,0,0
2026-08-21 04:16:28,2,0,0,0,0,273.47,150,7317.2,0,0
2026-08-21 04:27:12,2,0,0,0,0,75.52,76,19726.58,0,0
2026-08-21 05:24:34,0,0,1,1,0,81.78,10,1481.7,0,0
2026-08-21 06:10:07,1,1,1,0,0,263.74,110,836.92,0,0
2026-08-21 07:15:21,3,0,0,0,0,120.46,83,21412.42,0,1
2026-08-21 07:35:16,1,0,0,1,0,175.34,106,9357.33,0,0
2026-08-21 07:53:26,0,0,1,0,1,2207.74,208,21152.85,0,0
2026-08-21 07:54:26,0,0,0,0,0,94.64,183,20884.18,0,0
2026-08-21 08:08:39,0,0,0,1,0,116.6,64,4751.95,0,0
2026-08-21 08:18:02,0,0,0,1,1,1233.87,68,17277.92,0,1
2026-08-21 08:31:29,4,0,1,1,0,43.91,134,22797.22,0,0
2026-08-21 09:48:59,0,0,0,0,0,33.6,6,9965.4,0,0
2026-08-21 09:56:20,0,0,1,0,0,19.35,179,20890.25,0,0
2026-08-21 09:57:53,0,0,0,0,0,43.7,18,4549.52,0,0
2026-08-21 11:22:01,1,0,1,0,0,86.01,35,45533.17,0,0
2026-08-21 12:06:05,1,0,0,1,0,88.56,40,26720.43,0,0
2026-08-21 14:14:19,0,0,0,1,0,115.02,113,7692.7,0,0
2026-08-21 14:22:39,0,0,0,1,0,211.55,155,35399.98,0,0
2026-08-21 14:52:23,0,0,1,0,0,105.51,3,39051.47,0,0
2026-08-21 15:40:40,1,0,0,0,0,18.74,134,429.18,0,0
2026-08-21 15:51:20,0,0,1,1,0,2.6,29,58358.8,0,0
2026-08-21 17:04:25,5,0,1,0,1,328.86,237,6159.65,0,0
2026-08-21 17:38:42,0,0,0,0,0,238.71,220,24464.5,0,0
2026-08-21 18:40:33,0,0,0,0,0,83.85,220,61.85,0,0
2026-08-21 19:32:16,2,1,0,0,0,188.79,183,697.83,0,0
2026-08-21 21:30:42,0,0,0,1,0,26.7,188,9118.42,0,0
2026-08-21 21:41:03,1,0,1,0,1,1856.19,90,10616.03,0,0
2026-08-21 22:12:22,0,1,0,0,1,1973.33,60,11873.4,0,1
2026-08-21 23:31:08,1,0,0,1,1,2487.43,84,8357.97,0,0
2026-08-21 23:53:33,2,0,0,1,0,76.68,144,2937.85,0,0
2026-08-22 01:01:35,4,0,0,0,0,157.75,152,16376.32,0,1
2026-08-22 01:06:19,0,0,0,0,0,274.02,205,65325.23,0,0
2026-08-22 01:15:25,0,1,0,1,0,315.57,160,4619.68,0,0
2026-08-22 01:40:27,0,0,0,1,0,13.4,171,35124.23,0,0
2026-08-22 01:48:28,4,0,0,0,0,97.9,72,13353.67,0,0
2026-08-22 03:33:59,4,0,0,0,0,12.05,62,26354.4,0,0
2026-08-22 03:54:21,0,0,1,0,0,255.86,36,12719.35,0,0
2026-08-22 04:19:14,0,0,0,0,0,310.99,244,27357.37,0,0
2026-08-22 05:02:01,0,1,0,0,0,69.23,11,1522.22,0,0
2026-08-22 05:22:03,0,1,0,0,0,321.62,13,10011.7,0,0
2026-08-22 05:44:35,0,0,1,1,0,145.35,110,1414.47,0,0
2026-08-22 05:46:31,0,0,0,0,0,119.05,117,25320.13,0,0
2026-08-22 06:06:13,1,0,0,0,0,86.93,243,9248.32,0,0
2026-08-22 06:15:29,5,1,0,0,0,52.22,29,864.15,0,0
2026-08-22 06:36:34,7,0,0,0,0,331.81,182,3329.75,0,0
2026-08-22 07:45:31,0,0,0,0,0,21.95,157,11736.13,0,0
2026-08-22 08:47:55,1,0,0,0,0,162.22,185,6120.33,0,0
2026-08-22 09:26:46,3,0,1,0,0,45.8,162,5286.98,0,0
2026-08-22 10:12:38,0,0,0,0,0,139.94,147,8152.13,0,0
2026-08-22 12:42:48,1,0,1,1,0,17.88,80,2651.85,0,0
2026-08-22 13:38:32,0,0,0,1,0,46.73,170,25596.5,0,0
2026-08-22 15:43:16,0,0,0,0,0,292.15,31,6084.18,0,0
2026-08-22 16:01:03,0,0,0,0,0,81.49,235,71758.77,0,0
2026-08-22 17:04:49,0,0,0,0,0,67.58,113,1610.5,0,0
2026-08-22 17:20:19,1,0,0,0,0,139.48,118,5130.2,0,0
2026-08-22 17:24:40,0,0,0,0,0,53.97,155,1622.02,0,0
2026-08-22 21:43:43,0,0,0,0,0,67.93,123,19771.63,0,0
2026-08-22 22:51:08,0,0,0,0,0,82.24,51,9702.22,0,0
2026-08-22 23:30:34,3,0,0,0,0,460.39,177,13643.97,0,0
2026-08-22 23:33:16,0,0,0,0,0,163.67,142,15010.62,0,0
2026-08-22 23:40:03,1,0,0,0,0,4.06,221,5132.97,0,0
2026-08-23 00:08:02,1,0,0,0,0,153.07,87,6441.27,0,0
2026-08-23 00:20:44,0,0,0,0,0,69.91,111,14313.57,0,0
2026-08-23 00:53:07,0,0,0,1,0,26.22,220,1812.57,0,0
2026-08-23 00:53:45,2,1,1,1,1,2881.12,102,24983.38,0,0
2026-08-23 01:23:12,0,0,0,0,0,31.54,74,5733.38,0,0
2026-08-23 03:21:57,0,0,0,0,0,38.63,218,4396.2,0,0
2026-08-23 04:46:06,2,0,1,1,0,6.51,191,14056.67,0,1
2026-08-23 06:22:47,0,1,1,0,1,5698.37,87,374.75,0,0
2026-08-23 06:40:58,0,0,1,0,0,158.66,103,9911.37,0,1
2026-08-23 07:18:25,0,1,1,0,1,240.43,82,11505.25,0,0
2026-08-23 07:29:42,0,0,0,1,0,67.25,132,20200.05,0,0
2026-08-23 09:45:04,2,0,0,0,0,41.06,245,14464.43,0,0
2026-08-23 10:11:40,1,0,0,0,0,3.29,185,1523.75,0,0
2026-08-23 10:53:27,1,0,0,1,0,262.03,112,5585.18,0,0
2026-08-23 10:54:40,2,0,0,0,0,182.89,11,1792.65,0,0
2026-08-23 12:06:34,0,0,0,0,0,433.73,171,2066.12,0,0
2026-08-23 12:42:38,0,0,0,0,0,27.78,40,2916.55,0,0
2026-08-23 15:05:24,0,0,1,0,0,120.2,40,142.77,0,0
2026-08-23 16:07:04,0,0,0,0,0,12.58,141,5341.05,0,0
2026-08-23 16:08:08,7,0,0,0,0,56.46,153,7552.62,0,0
2026-08-23 16:28:37,3,0,0,0,0,187.56,7,8164.55,0,0
2026-08-23 17:13:51,0,1,1,1,0,0.81,222,15154.3,0,0
2026-08-23 17:17:22,0,0,1,0,0,65.53,107,17173.95,0,1
2026-08-23 17:17:26,0,0,0,0,0,57.04,6,3328.45,0,0
2026-08-23 17:17:42,0,0,0,0,0,117.44,41,9594.45,0,0
2026-08-23 17:48:09,0,0,0,0,0,27.17,224,40584.35,0,0
2026-08-23 21:29:17,1,0,0,0,0,19.03,37,9723.73,0,0
2026-08-23 21:29:54,3,0,0,1,0,105.18,213,25903.45,0,0
2026-08-23 21:48:56,2,0,0,0,0,102.51,157,2283.42,0,0
2026-08-24 04:04:59,0,0,0,0,0,139.35,115,5929.48,0,1
2026-08-24 08:05:28,0,0,0,0,0,28.36,217,6775.05,0,0
2026-08-24 08:35:05,1,0,0,0,0,1.65,242,15495.02,0,0
2026-08-24 09:28:56,3,0,0,0,0,210.34,74,1925.73,0,0
2026-08-24 11:21:31,3,0,1,0,0,23.11,19,8176.27,0,0
2026-08-24 11:56:25,4,0,0,0,1,811.85,68,4538.38,0,0
2026-08-24 12:14:10,1,0,0,0,0,63.21,60,3721.8,0,0
2026-08-24 12:23:23,1,1,1,0,0,20.74,221,2203.33,0,0
2026-08-24 13:48:47,0,0,0,0,0,73.57,81,57200.95,0,0
2026-08-24 15:56:53,1,0,1,1,0,245.68,98,18232.08,0,0
2026-08-24 17:42:07,0,0,0,0,0,31.66,133,6141.55,0,0
2026-08-24 18:53:40,0,0,0,0,0,73.47,70,29058.12,0,0
2026-08-24 20:58:15,1,1,1,0,0,36.92,230,10058.35,0,0
2026-08-24 21:03:07,0,1,1,1,1,5923.45,99,20467.95,0,0
2026-08-24 21:12:06,0,0,0,1,0,24.92,196,46004.5,0,0
2026-08-24 21:39:00,0,0,1,1,1,173.67,175,11558.9,0,0
2026-08-24 22:22:19,0,0,0,0,0,15.39,155,3177.65,0,0
2026-08-24 23:59:39,0,0,0,1,0,45.74,169,7955.85,0,0
2026-08-25 00:40:06,0,1,1,1,0,80.49,129,12485.55,0,0
2026-08-25 01:12:52,0,0,0,0,0,110.27,80,3630.07,0,0
2026-08-25 01:25:29,0,0,0,0,0,82.65,89,5710.07,0,0
2026-08-25 02:19:57,7,0,0,0,0,235.95,40,2114.55,0,0
2026-08-25 04:46:56,0,0,0,0,0,44.67,4,11127.8,0,0
2026-08-25 05:41:02,0,1,0,0,0,124.6,164,7658.97,0,0
2026-08-25 05:43:31,1,0,1,0,1,468.33,181,19928.85,0,0
2026-08-25 05:49:59,3,0,0,0,0,114.49,139,11514.8,0,1
2026-08-25 06:53:03,1,0,0,0,0,260.12,58,23713.33,0,0
2026-08-25 07:45:57,0,0,1,1,0,383.52,18,5628.07,0,0
2026-08-25 09:39:41,1,1,1,0,0,130.82,119,8803.85,0,0
2026-08-25 10:01:35,2,1,1,0,0,285.5,242,1526.5,0,0
2026-08-25 12:43:33,2,1,1,0,0,114.08,23,15807.83,0,0
2026-08-25 15:28:02,1,0,0,0,0,330.22,108,17494.07,0,0
2026-08-25 16:23:50,3,0,0,0,0,228.3,69,31792.0,0,0
2026-08-25 17:02:11,3,0,0,0,0,11.27,231,16362.02,0,0
2026-08-25 17:11:05,1,0,1,0,0,64.27,111,3890.35,0,0
2026-08-25 18:01:42,0,0,0,0,0,42.69,81,1692.92,0,0
2026-08-25 19:58:40,1,0,0,0,0,2.74,176,6985.7,0,0
2026-08-25 20:05:17,3,0,0,0,0,62.91,169,1205.63,0,0
2026-08-25 20:49:49,0,0,0,0,0,16.06,13,5247.77,0,0
2026-08-25 21:29:59,7,0,0,0,0,3.71,68,2013.57,0,0
2026-08-25 22:26:32,0,0,1,1,0,58.88,186,10911.0,0,0
2026-08-25 23:54:19,0,1,1,0,0,26.45,235,4793.27,0,0
2026-08-26 00:47:14,3,0,0,0,0,273.79,222,3333.38,0,0
2026-08-26 01:25:13,0,0,0,0,0,167.5,174,13902.05,0,0
2026-08-26 02:23:37,0,1,1,1,0,312.75,143,38732.52,0,0
2026-08-26 03:08:15,0,0,0,0,0,213.25,72,5839.78,0,0
2026-08-26 03:52:39,0,0,1,1,0,130.18,70,1978.98,0,0
2026-08-26 04:06:35,0,0,0,1,0,91.04,196,1854.48,0,0
2026-08-26 04:40:50,0,0,0,1,0,6.77,218,4398.88,0,0
2026-08-26 05:48:00,0,0,0,0,0,30.9,248,10690.37,0,0
2026-08-26 06:34:10,7,0,0,0,0,124.04,89,1748.68,0,0
2026-08-26 07:12:26,7,0,0,0,0,51.28,21,20279.68,0,0
2026-08-26 08:33:06,0,0,1,0,0,39.36,29,5897.62,0,0
2026-08-26 09:14:15,2,0,0,0,0,10.98,202,8690.53,0,0
2026-08-26 09:58:02,0,0,0,0,0,7.28,184,12750.7,0,0
2026-08-26 10:39:49,0,0,0,0,0,23.57,84,6428.68,0,0
2026-08-26 12:16:53,0,0,0,0,0,179.92,170,5678.35,0,0
2026-08-26 12:56:25,6,0,0,1,0,108.77,84,136.6,0,0
2026-08-26 13:16:45,5,0,0,0,0,41.7,89,402.58,0,1
2026-08-26 16:13:21,0,0,0,0,0,6.3,135,32591.38,0,0
2026-08-26 16:38:41,0,0,1,0,0,20.87,133,2816.57,0,0
2026-08-26 16:44:10,0,0,1,1,1,896.44,7,4335.55,0,0
2026-08-26 17:38:58,1,0,1,1,1,249.47,47,17011.12,0,0
2026-08-26 18:01:11,1,0,1,0,0,143.8,222,1033.95,0,0
2026-08-26 19:16:06,0,0,0,0,0,155.42,156,10818.97,0,0
2026-08-26 19:22:11,2,1,1,0,0,14.72,209,9136.4,0,0
2026-08-26 19:24:33,0,1,1,1,1,1946.72,27,15631.47,0,1
2026-08-26 19:36:39,4,0,0,0,0,71.79,210,9943.32,0,0
2026-08-26 19:46:27,1,0,1,1,0,328.03,84,410.03,0,0
2026-08-26 21:39:14,0,0,0,0,0,154.91,186,1392.7,0,0
2026-08-26 22:04:20,2,0,0,0,0,88.02,130,21227.98,0,0
2026-08-26 23:08:11,3,0,0,0,0,92.54,237,7563.77,0,0
2026-08-27 01:12:24,0,0,0,0,0,19.71,150,8455.93,0,0
2026-08-27 01:31:37,0,0,0,0,0,224.08,18,2505.67,0,0
2026-08-27 04:14:26,5,0,0,0,0,81.93,72,1506.18,0,0
2026-08-27 04:29:53,0,0,0,0,0,85.35,139,2799.9,0,0
2026-08-27 04:43:22,0,0,1,0,0,85.67,23,2399.82,0,0
2026-08-27 05:45:04,0,0,1,1,1,484.93,31,6601.8,0,0
2026-08-27 07:08:02,3,0,0,0,0,167.18,127,31229.8,0,0
2026-08-27 07:13:46,2,0,0,0,0,198.3,149,11406.17,0,0
2026-08-27 08:27:42,4,1,1,0,0,33.95,154,9947.47,0,0
2026-08-27 08:40:58,1,0,1,0,0,58.3,187,29995.23,0,0
2026-08-27 08:49:56,0,1,0,0,0,19.74,236,10149.28,0,0
2026-08-27 09:22:08,1,0,0,0,0,27.25,49,22480.93,0,0
2026-08-27 09:48:37,2,0,0,0,0,40.94,123,6484.9,0,0
2026-08-27 11:57:45,0,0,0,0,0,232.27,88,15912.5,0,0
2026-08-27 13:08:20,0,0,1,0,0,98.39,100,28071.68,0,0
2026-08-27 15:52:35,0,0,1,1,0,88.66,116,37900.27,0,0
2026-08-27 17:50:57,1,0,0,0,0,293.29,36,8036.6,0,0
2026-08-27 17:53:40,4,0,1,0,0,156.7,81,2871.97,0,1
2026-08-27 18:24:32,1,0,0,0,0,1.62,170,1807.65,0,0
2026-08-27 19:23:34,7,0,1,0,0,13.28,186,1304.33,0,0
2026-08-27 19:25:49,0,0,1,0,1,427.04,112,6272.37,0,0
2026-08-27 20:15:00,4,0,0,0,0,36.23,239,10643.38,0,0
2026-08-27 20:42:58,3,0,0,0,0,179.61,98,4606.08,0,0
2026-08-27 20:57:56,0,0,0,0,0,146.93,142,7044.67,0,0
2026-08-27 21:09:39,6,0,0,0,0,15.72,155,4247.33,0,0
2026-08-27 22:38:36,0,0,1,0,0,76.34,55,26732.38,0,0
2026-08-28 00:42:06,4,0,0,0,0,11.55,177,7271.53,0,0
2026-08-28 01:30:25,4,0,0,0,0,18.98,117,8383.9,0,0
2026-08-28 01:41:06,2,0,0,0,1,415.98,153,6332.97,0,0
2026-08-28 01:42:47,1,0,1,0,0,235.7,200,15836.87,0,0
2026-08-28 02:12:19,0,0,0,0,0,45.53,72,1317.88,0,0
2026-08-28 02:25:59,1,0,0,0,0,247.48,174,2940.77,0,0
2026-08-28 02:26:41,0,0,0,0,0,138.93,101,18869.82,0,0
2026-08-28 03:16:31,2,0,0,0,0,138.39,212,45515.85,0,0
2026-08-28 03:34:26,2,0,0,0,0,162.7,42,14986.37,0,0
2026-08-28 04:02:28,4,0,0,0,0,10.09,125,18112.63,0,0
2026-08-28 04:51:33,0,0,0,0,0,168.53,82,7053.13,0,0
2026-08-28 05:12:09,3,0,0,0,0,29.11,192,11271.05,0,0
2026-08-28 05:24:41,5,1,1,0,0,413.09,33,17828.82,0,1
2026-08-28 06:07:52,2,0,0,0,0,188.52,194,17921.23,0,0
2026-08-28 06:47:26,0,1,0,0,0,569.75,39,32185.0,0,0
2026-08-28 07:21:44,0,0,0,0,0,276.65,134,9581.07,0,0
2026-08-28 08:58:58,0,0,0,0,0,44.59,135,2445.62,0,0
2026-08-28 10:17:35,1,0,0,0,0,284.2,47,2438.62,0,1
2026-08-28 10:30:13,1,0,0,0,0,40.08,106,10254.95,0,1
2026-08-28 11:11:25,7,0,0,0,1,1615.01,174,525.43,0,0
2026-08-28 12:15:49,0,0,0,0,0,170.73,67,11168.6,0,0
2026-08-28 12:17:39,0,0,0,0,0,48.12,53,36735.67,0,0
2026-08-28 12:56:05,1,0,0,0,0,22.8,163,21893.7,0,0
2026-08-28 14:07:23,3,0,0,1,0,225.27,105,75426.02,0,0
2026-08-28 14:22:48,5,0,1,0,0,10.9,223,28029.78,0,1
2026-08-28 14:41:38,3,0,1,0,0,45.41,63,17059.42,0,0
2026-08-28 15:16:08,0,0,0,0,0,77.78,232,17019.9,0,0
2026-08-28 15:30:23,1,1,1,1,0,163.35,167,15183.57,0,0
2026-08-28 16:40:57,3,0,0,0,0,203.14,118,8600.63,0,0
2026-08-28 16:46:03,0,0,1,1,1,1075.03,142,1188.12,0,0
2026-08-28 17:07:49,0,0,0,0,0,85.19,228,11749.02,0,0
2026-08-28 18:51:41,0,1,0,0,0,192.3,20,19532.05,0,0
2026-08-28 19:05:22,0,0,0,0,0,62.93,146,70507.55,0,0
2026-08-28 19:07:33,2,0,0,0,0,81.89,92,19925.9,0,0
2026-08-28 19:44:15,0,0,1,0,0,1.86,123,2035.63,0,0
2026-08-28 19:47:41,0,0,0,0,0,301.84,111,4476.6,0,0
2026-08-28 20:47:04,0,0,0,0,0,83.65,38,17957.98,0,0
2026-08-28 21:04:18,1,0,0,0,0,130.04,166,21667.33,0,0
2026-08-28 22:11:11,0,0,1,0,0,28.49,250,18210.03,0,0
2026-08-29 00:42:48,1,1,1,0,0,106.88,98,1679.83,0,0
2026-08-29 03:06:57,0,0,0,0,0,61.62,151,25650.15,0,0
2026-08-29 04:02:09,0,1,1,0,0,11.93,189,23763.55,0,0
2026-08-29 05:54:29,0,0,0,0,0,177.29,186,2070.92,0,0
2026-08-29 06:36:44,0,0,0,0,0,182.85,32,14074.77,0,0
2026-08-29 09:55:44,0,0,0,0,0,6.58,79,13647.4,0,0
2026-08-29 11:00:38,0,0,0,0,0,49.53,116,2588.05,0,0
2026-08-29 11:17:49,4,0,0,0,0,33.05,221,7134.43,0,0
2026-08-29 11:39:13,1,0,1,1,0,72.64,230,6640.97,0,0
2026-08-29 11:39:16,0,0,0,0,0,67.1,139,3309.38,0,0
2026-08-29 11:44:46,0,0,1,1,0,106.84,112,2418.95,0,0
2026-08-29 14:28:48,6,0,0,0,0,28.43,208,11915.37,0,0
2026-08-29 15:44:46,1,0,0,0,0,25.06,124,32684.9,0,0
2026-08-29 17:02:16,0,0,0,0,0,128.49,44,13723.68,0,0
2026-08-29 17:18:16,2,0,0,0,0,373.83,230,339.05,0,0
2026-08-29 17:37:57,2,0,0,0,0,292.52,39,2090.52,0,0
2026-08-29 17:54:54,2,0,0,0,0,157.02,44,52.63,0,0
2026-08-29 18:28:18,0,0,1,0,0,6.99,115,8063.32,0,0
2026-08-29 18:39:18,0,0,0,1,0,27.15,223,1696.5,0,0
2026-08-29 19:23:40,0,0,0,0,0,117.0,69,5939.83,0,0
2026-08-29 20:10:35,4,0,1,0,1,525.98,117,2560.17,0,0
2026-08-29 20:26:27,1,0,0,0,0,50.03,4,6699.52,0,0
2026-08-29 21:01:20,0,0,1,0,1,4608.38,250,1370.15,0,1
2026-08-29 21:18:29,4,0,0,0,0,9.03,218,5317.65,0,0
2026-08-29 21:56:32,4,0,0,0,0,197.5,110,11051.95,0,0
2026-08-29 23:03:12,7,0,1,0,0,5.16,124,438.43,0,0
2026-08-29 23:21:35,3,0,0,0,0,41.24,202,5167.33,0,0
2026-08-29 23:24:40,7,1,1,1,0,81.06,219,18525.55,0,0
2026-08-30 02:59:33,0,0,1,0,1,660.98,7,4935.38,0,0
2026-08-30 03:08:54,3,0,1,1,0,315.02,197,33090.5,0,0
2026-08-30 03:17:21,3,0,1,0,0,70.19,99,7574.23,0,1
2026-08-30 04:44:00,0,0,0,0,0,132.37,52,37636.18,0,0
2026-08-30 04:56:14,0,0,0,0,0,121.09,162,11249.47,0,0
2026-08-30 04:58:04,6,0,0,0,0,180.24,28,20838.58,0,0
2026-08-30 05:57:17,0,0,1,1,0,199.45,227,37612.72,0,0
2026-08-30 07:24:43,3,0,0,0,0,62.8,5,19801.27,0,1
2026-08-30 08:30:53,0,0,0,0,0,198.78,143,6127.27,0,1
2026-08-30 09:53:26,0,1,0,0,0,105.97,161,16990.8,0,0
2026-08-30 12:55:01,0,0,1,0,0,115.86,220,10801.9,0,0
2026-08-30 13:31:42,0,0,1,1,0,19.02,48,26630.08,0,0
2026-08-30 14:49:11,1,0,0,0,0,28.12,28,591.12,0,0
2026-08-30 15:12:02,1,0,0,0,0,116.37,84,5485.58,0,0
2026-08-30 15:30:52,0,0,1,1,0,30.87,28,41.68,0,0
2026-08-30 16:03:58,0,0,0,0,0,67.34,117,1193.38,0,0
2026-08-30 16:45:29,0,0,1,0,0,67.33,79,1849.75,0,0
2026-08-30 17:24:10,0,0,0,0,0,26.66,213,9834.27,0,0
2026-08-30 17:41:36,2,0,1,0,0,83.58,120,19326.65,0,0
2026-08-30 17:43:33,0,0,0,0,0,82.96,163,3167.47,0,0
2026-08-30 17:56:59,0,0,1,1,0,13.81,64,13548.33,0,0
2026-08-30 19:00:56,0,0,0,0,0,47.98,105,3173.55,0,0
2026-08-30 19:29:38,0,0,1,0,0,45.54,196,6683.05,0,0
2026-08-30 21:24:39,0,0,0,0,0,82.57,27,5880.1,0,0
2026-08-30 22:00:06,0,0,0,0,0,138.36,173,15283.28,0,0
2026-08-30 22:01:55,3,0,1,1,1,27.6,10,13957.35,0,0
2026-08-30 22:25:19,4,0,0,0,0,14.22,14,29731.13,0,0
2026-08-31 03:02:31,3,0,0,0,0,35.95,175,8963.52,0,0
2026-08-31 03:07:03,0,1,1,1,0,166.29,77,17371.82,0,0
2026-08-31 05:11:32,0,0,0,0,0,65.49,181,8608.02,0,0
2026-08-31 05:16:35,1,0,1,0,0,71.52,66,26922.45,0,0
2026-08-31 06:38:15,2,0,0,0,0,52.63,178,30363.87,0,0
2026-08-31 08:28:01,7,0,0,0,0,53.64,43,28824.53,0,0
2026-08-31 08:59:36,0,0,0,0,0,379.68,169,7974.32,0,0
2026-08-31 09:18:36,0,0,1,1,0,228.91,41,11040.9,0,0
2026-08-31 10:19:49,1,1,0,0,0,129.41,47,4322.23,0,0
2026-08-31 10:22:58,3,0,0,0,0,39.17,45,24362.97,0,0
2026-08-31 11:09:50,3,0,0,0,0,72.09,242,8708.25,0,0
2026-08-31 11:54:58,1,1,1,1,1,1753.94,93,47814.95,0,0
2026-08-31 16:45:12,5,0,0,0,0,50.18,65,20647.8,0,0
2026-08-31 17:13:52,1,0,0,0,0,74.33,17,77502.93,0,0
2026-08-31 18:11:35,4,1,1,0,0,15.75,172,17380.65,0,0
2026-08-31 18:16:11,6,0,0,0,0,9.82,57,15904.47,0,1
2026-08-31 18:53:27,3,0,0,0,0,18.31,220,1798.43,0,0
2026-08-31 19:29:41,0,0,0,0,0,140.92,245,12104.62,0,0
2026-08-31 19:38:07,0,0,0,1,0,21.07,211,19851.77,0,0
2026-08-31 20:22:51,1,0,0,0,0,258.66,33,5218.17,0,0
2026-08-31 21:56:39,0,1,0,0,0,45.97,63,4755.02,0,0
2026-08-31 22:26:33,3,0,0,0,0,18.52,196,1616.92,0,0
2026-08-31 22:58:15,0,0,0,0,0,174.44,243,13972.03,0,0
2026-08-31 23:55:06,0,1,1,1,1,914.99,181,1123.57,0,0
2026-08-31 23:55:49,2,0,0,0,0,49.18,154,6688.12,0,0
2026-09-01 00:37:38,0,0,0,0,0,39.97,88,6519.88,0,0
2026-09-01 02:11:45,0,0,0,0,0,40.12,71,15732.47,0,0
2026-09-01 02:46:51,0,1,1,0,0,108.9,171,12400.28,0,0
2026-09-01 02:48:23,1,1,1,1,1,1166.91,181,173.28,0,0
2026-09-01 02:54:32,0,0,0,0,0,63.04,90,14713.48,0,0
2026-09-01 03:07:24,3,0,0,0,0,59.25,208,3638.6,0,0
2026-09-01 03:36:43,0,0,0,0,0,15.32,14,1751.4,0,0
2026-09-01 04:00:22,4,0,1,0,1,2639.32,179,15484.03,0,1
2026-09-01 04:44:18,0,1,1,0,0,261.52,125,5801.83,0,0
2026-09-01 07:39:52,0,0,0,1,0,162.05,165,16121.9,0,1
2026-09-01 07:44:47,0,0,0,0,0,60.01,204,28787.22,0,0
2026-09-01 07:47:45,0,0,0,0,0,358.25,45,1284.78,0,0
2026-09-01 07:50:54,1,0,0,0,0,96.4,123,5046.65,0,0
2026-09-01 08:52:09,0,0,0,0,0,148.76,139,4152.88,0,0
2026-09-01 08:56:23,0,0,0,0,0,135.18,65,971.18,0,0
2026-09-01 10:36:02,1,1,0,0,0,123.04,163,2452.48,0,0
2026-09-01 11:06:06,0,1,1,0,0,102.72,160,14990.68,0,0
2026-09-01 11:49:14,0,0,0,0,0,23.78,178,1750.98,0,0
2026-09-01 12:22:07,2,0,0,0,0,34.88,33,959.27,0,0
2026-09-01 12:34:48,5,0,0,0,0,217.79,69,3911.13,0,0
2026-09-01 12:58:30,0,0,0,0,0,19.84,33,36.38,0,0
2026-09-01 13:26:55,0,0,0,0,0,16.48,66,1930.33,0,0
2026-09-01 14:28:06,6,0,1,1,0,33.43,33,89.6,0,0
2026-09-01 16:46:40,0,0,0,0,0,45.02,250,4065.33,0,0
2026-09-01 18:14:40,6,0,0,0,0,80.55,152,15433.08,0,0
2026-09-01 20:21:12,0,0,1,0,1,1395.35,232,6065.07,0,0
2026-09-01 22:36:32,3,0,0,1,0,156.39,141,13349.47,0,0
2026-09-01 23:10:16,0,0,1,0,1,114.36,225,19737.13,0,0
2026-09-01 23:17:24,5,0,1,0,1,350.23,7,4097.85,0,0
2026-09-02 00:00:04,0,0,0,0,0,70.35,35,16598.05,0,0
2026-09-02 00:01:15,1,0,1,1,0,28.88,19,12279.73,0,0
2026-09-02 00:03:08,0,0,1,1,1,3101.09,98,5720.33,0,0
2026-09-02 01:05:23,0,0,0,0,0,102.21,162,4089.15,0,0
2026-09-02 01:42:14,2,0,0,0,0,67.38,154,1546.42,0,0
2026-09-02 01:46:52,1,0,1,0,0,0.04,198,37199.8,0,0
2026-09-02 02:18:53,4,0,0,0,0,195.65,53,6601.23,0,0
2026-09-02 02:35:12,0,0,1,0,1,926.67,182,15598.63,0,0
2026-09-02 02:46:36,3,1,1,1,1,1137.04,218,4648.12,0,0
2026-09-02 02:55:12,0,0,0,0,0,119.82,99,4297.85,0,0
2026-09-02 03:35:09,6,0,0,0,0,277.19,151,5788.2,0,0
2026-09-02 05:06:07,5,1,0,0,0,17.22,191,14420.02,0,0
2026-09-02 06:26:32,0,0,0,0,0,7.38,219,4741.87,0,0
2026-09-02 06:30:18,4,0,0,0,0,13.0,10,3388.38,0,0
2026-09-02 06:30:35,3,0,0,0,0,134.99,36,7959.63,0,0
2026-09-02 06:31:14,0,0,0,0,0,13.84,222,9390.05,0,0
2026-09-02 07:23:08,1,0,0,0,0,69.51,226,22253.45,0,0
2026-09-02 08:41:58,0,0,0,1,0,122.59,103,14521.0,0,0
2026-09-02 09:00:03,3,0,0,1,0,124.74,244,16120.82,0,0
2026-09-02 09:40:51,0,1,1,0,1,782.2,161,4307.42,0,1
2026-09-02 10:55:15,0,0,1,0,0,119.94,201,31886.23,0,0
2026-09-02 11:44:33,0,0,0,0,0,299.6,187,8823.58,0,0
2026-09-02 12:24:01,1,0,0,0,0,2.84,65,1647.63,0,0
2026-09-02 13:28:28,3,0,1,0,0,111.29,127,9020.43,0,0
2026-09-02 13:32:23,6,0,0,1,1,1109.16,161,231.53,0,0
2026-09-02 13:53:21,0,0,0,1,0,23.9,119,11773.67,0,0
2026-09-02 16:40:22,0,0,1,0,1,551.63,71,2308.62,0,0
2026-09-02 18:18:33,2,0,1,0,0,181.49,201,443.3,0,1
2026-09-02 18:23:38,1,0,1,0,1,1326.09,189,6621.48,0,0
2026-09-02 18:34:48,0,0,0,0,0,1.46,245,2825.12,0,0
2026-09-02 19:34:33,0,1,0,0,0,336.28,144,17021.0,0,0
2026-09-02 20:39:03,1,0,1,0,0,109.72,222,847.82,0,0
2026-09-02 21:19:13,0,0,0,0,0,58.45,210,10182.57,0,0
2026-09-02 21:32:28,2,0,0,1,0,124.6,192,8180.32,0,0
2026-09-02 22:23:46,1,1,1,1,1,343.31,188,17333.07,0,1
2026-09-02 22:32:32,3,1,1,0,0,30.17,216,28188.18,0,0
2026-09-03 01:30:24,1,0,1,0,0,16.5,115,6182.1,0,0
2026-09-03 01:37:46,0,0,0,0,0,50.6,14,2761.05,0,0
2026-09-03 01:38:56,3,0,0,0,0,235.07,174,8067.52,0,0
2026-09-03 02:47:48,1,0,1,0,0,49.2,221,6689.98,0,0
2026-09-03 02:53:43,0,0,0,0,0,33.98,165,2593.85,0,0
2026-09-03 04:50:40,1,0,0,0,0,121.59,230,6452.4,0,0
2026-09-03 04:57:04,0,0,0,0,0,203.72,211,3438.95,0,0
2026-09-03 06:27:07,3,0,0,0,0,28.0,134,8585.38,0,0
2026-09-03 06:28:20,0,0,0,0,0,164.99,69,2513.53,0,0
2026-09-03 06:34:49,2,0,0,0,0,36.36,11,15580.15,0,0
2026-09-03 06:47:35,0,0,1,1,1,426.17,199,39798.65,0,0
2026-09-03 06:55:59,0,0,0,0,0,64.05,138,43090.48,0,0
2026-09-03 08:54:56,7,0,1,0,0,6.91,146,8029.57,0,0
2026-09-03 09:03:44,3,0,0,0,0,198.22,104,32167.97,0,0
2026-09-03 09:22:03,0,0,1,1,0,207.42,246,35417.87,0,0
2026-09-03 10:04:12,0,0,0,0,0,113.13,225,2093.93,0,0
2026-09-03 11:04:51,0,0,0,0,0,36.08,207,25811.42,0,0
2026-09-03 12:05:31,1,0,0,0,0,18.24,123,3134.62,0,0
2026-09-03 13:00:26,2,1,1,0,0,120.0,203,24845.8,0,0
2026-09-03 13:37:46,2,0,1,0,0,10.88,82,9166.22,0,0
2026-09-03 14:13:07,1,0,1,0,0,52.95,221,685.32,0,1
2026-09-03 15:17:14,3,0,0,0,0,9.3,131,20745.67,0,0
2026-09-03 15:19:51,0,1,1,1,0,55.59,30,26632.27,0,0
2026-09-03 15:27:56,0,0,0,0,1,216.66,51,16836.8,0,0
2026-09-03 15:43:31,1,0,0,0,1,49.07,141,2466.98,0,0
2026-09-03 16:06:04,5,0,1,0,0,59.74,90,3671.53,0,0
2026-09-03 16:31:08,2,0,1,1,0,83.86,147,17658.5,0,0
2026-09-03 17:53:50,1,0,0,0,0,57.86,11,679.02,0,0
2026-09-03 18:29:11,1,0,0,1,0,19.38,69,720.85,0,0
2026-09-03 19:33:49,5,0,0,0,0,8.06,25,29401.17,0,0
2026-09-03 20:48:05,0,0,0,1,0,13.51,93,4853.12,0,0
2026-09-03 21:09:27,0,0,0,0,0,129.87,22,26214.18,0,0
2026-09-03 22:12:52,6,0,0,0,1,24.01,173,5772.77,0,0
2026-09-03 22:35:05,3,1,1,0,1,2985.13,217,15269.62,0,1
2026-09-03 22:41:27,0,0,0,1,0,183.31,160,3575.35,0,0
2026-09-03 23:26:12,0,0,0,0,0,212.42,163,3650.17,0,0
2026-09-03 23:45:37,0,0,1,1,0,210.99,57,4649.43,0,1
2026-09-03 23:49:52,0,0,0,0,0,110.12,180,92378.67,0,0
2026-09-04 01:13:53,5,0,1,0,0,188.01,55,10235.28,0,0
2026-09-04 04:57:09,0,0,0,1,0,131.06,192,1884.68,0,0
2026-09-04 06:25:44,3,0,0,0,0,35.68,209,12183.55,0,0
2026-09-04 06:26:54,0,0,0,0,0,140.7,90,860.83,0,0
2026-09-04 08:04:35,1,0,0,1,0,95.6,131,1007.35,0,0
2026-09-04 08:19:43,0,0,0,0,0,2.79,36,2989.13,0,0
2026-09-04 09:35:48,2,0,0,0,0,154.35,60,15681.63,0,0
2026-09-04 10:38:24,1,0,0,0,0,204.67,120,6776.8,0,0
2026-09-04 12:54:45,1,0,1,0,0,72.87,225,1610.55,0,0
2026-09-04 13:18:57,0,0,1,0,1,1001.3,159,62170.72,0,0
2026-09-04 13:20:24,0,0,0,0,0,55.73,7,3723.0,0,0
2026-09-04 14:28:11,0,0,0,0,0,126.88,84,7156.15,0,0
2026-09-04 14:55:05,0,0,0,0,0,24.26,238,45098.75,0,0
2026-09-04 15:28:25,1,0,1,1,0,148.69,107,17171.05,0,0
2026-09-04 16:42:54,1,1,1,0,0,34.58,83,20727.55,0,0
2026-09-04 18:15:39,1,0,0,0,0,30.31,45,4947.9,0,0
2026-09-04 18:39:16,1,0,1,0,1,2484.63,40,15379.32,0,0
2026-09-04 19:40:19,0,0,0,1,0,19.16,69,1511.13,0,0
2026-09-05 00:01:09,0,0,1,0,1,2976.41,118,10520.2,0,0
2026-09-05 00:51:57,0,0,0,0,0,381.06,32,9735.22,0,0
2026-09-05 01:24:48,3,0,0,0,0,38.55,242,6614.97,0,0
2026-09-05 02:52:53,1,0,0,0,0,262.93,174,2953.95,0,0
2026-09-05 02:58:29,0,0,0,0,0,83.57,145,33313.08,0,0
2026-09-05 05:44:34,0,0,0,0,0,30.02,236,12774.63,0,0
2026-09-05 07:04:34,3,0,1,0,0,60.26,183,20852.3,0,0
2026-09-05 10:28:54,2,0,1,0,0,160.97,136,47639.38,0,0
2026-09-05 10:50:22,1,0,0,0,0,109.85,99,4795.17,0,1
2026-09-05 11:07:19,0,0,0,0,0,68.28,134,3160.2,0,0
2026-09-05 12:16:21,0,0,0,0,0,29.75,63,6619.7,0,0
2026-09-05 12:28:10,6,0,0,0,0,129.39,44,9753.27,0,1
2026-09-05 12:48:24,2,0,0,0,0,37.59,241,25967.77,0,0
2026-09-05 15:57:52,0,0,0,0,0,40.19,196,6811.32,0,0
2026-09-05 16:30:53,3,0,0,0,0,137.39,34,59882.0,0,0
2026-09-05 17:14:54,2,0,0,0,0,81.74,1,33711.85,0,0
2026-09-05 17:20:59,0,0,0,0,0,20.56,92,11413.43,0,0
2026-09-05 20:14:16,0,0,0,0,0,116.19,115,4003.87,0,0
2026-09-05 20:26:59,0,0,0,0,0,29.85,219,5160.45,0,0
2026-09-05 21:31:50,0,0,0,0,0,142.92,242,1207.03,0,0
2026-09-05 21:58:17,2,1,1,0,0,65.15,213,8914.12,0,0
2026-09-05 22:02:25,0,0,0,0,0,90.38,217,2847.33,0,0
2026-09-05 22:21:24,3,0,0,0,0,91.87,216,4308.87,0,1
2026-09-06 00:01:56,7,1,1,0,1,238.16,28,9151.07,0,0
2026-09-06 02:48:46,0,1,1,0,0,105.12,194,12760.9,0,0
2026-09-06 04:40:21,0,0,0,0,0,201.84,71,5039.98,0,0
2026-09-06 04:53:28,3,0,0,0,0,221.83,75,32388.63,0,0
2026-09-06 07:05:35,2,1,1,0,0,116.65,94,58864.53,0,0
2026-09-06 07:15:19,2,0,0,0,0,347.3,108,16787.28,0,1
2026-09-06 09:27:09,0,0,1,0,0,91.2,211,4590.08,0,0
2026-09-06 12:22:01,0,0,0,0,0,29.42,6,19864.58,0,0
2026-09-06 12:46:51,1,1,0,0,0,107.93,188,5183.08,0,0
2026-09-06 13:32:09,6,0,1,0,0,239.88,169,8912.55,0,0
2026-09-06 14:21:25,0,0,1,0,0,44.45,80,18068.55,0,0
2026-09-06 14:57:51,4,0,0,0,0,30.77,83,2774.95,0,0
2026-09-06 15:30:31,0,0,0,0,0,339.63,154,6588.28,0,0
2026-09-06 15:46:53,7,1,0,0,0,145.48,250,7140.22,0,0
2026-09-06 16:16:25,1,0,0,0,0,5.11,143,10545.53,0,0
2026-09-06 16:36:07,0,0,0,0,0,82.37,34,1445.23,0,0
2026-09-06 17:14:13,1,0,1,1,0,26.71,14,5256.45,0,0
2026-09-06 18:15:13,0,0,1,0,0,33.8,242,1243.38,0,0
2026-09-06 19:08:48,0,0,0,0,0,9.17,197,11039.9,0,0
2026-09-06 19:20:23,0,0,0,0,0,26.27,102,21266.63,0,0
2026-09-06 19:27:54,0,0,1,0,0,70.37,84,3179.72,0,0
2026-09-06 19:49:15,0,0,1,1,1,122.73,230,5218.58,0,0
2026-09-06 23:45:40,2,0,0,0,0,220.45,116,12285.03,0,1
2026-09-07 01:38:33,1,0,1,1,0,149.34,12,27501.7,0,0
2026-09-07 03:43:02,0,0,1,0,0,48.03,37,20533.75,0,0
2026-09-07 04:36:45,3,1,1,0,1,209.29,199,5629.17,0,0
2026-09-07 05:26:53,1,0,1,0,0,511.15,246,5524.83,0,1
2026-09-07 08:36:04,6,0,0,0,0,82.85,226,7272.93,0,0
2026-09-07 10:09:21,1,0,0,0,0,54.99,160,5007.9,0,0
2026-09-07 10:29:59,0,0,1,0,0,22.14,137,28357.17,0,0
2026-09-07 11:23:38,0,1,1,0,0,22.72,122,62028.78,0,0
2026-09-07 11:49:48,1,0,0,0,0,159.07,37,486.77,0,0
2026-09-07 13:09:01,0,0,0,0,0,73.37,128,46983.35,0,0
2026-09-07 13:27:04,0,0,0,0,0,413.53,137,177.08,0,0
2026-09-07 14:22:05,0,0,0,0,0,305.97,245,6947.28,0,0
2026-09-07 15:12:22,0,0,0,0,0,23.17,147,5681.23,0,0
2026-09-07 15:24:58,0,0,0,0,0,737.83,103,7603.0,0,0
2026-09-07 19:04:04,0,0,1,1,0,431.21,204,9319.28,0,0
2026-09-07 20:11:01,0,1,1,1,1,2408.76,64,11654.03,0,0
2026-09-07 20:12:05,1,0,1,0,0,49.58,8,38519.58,0,0
2026-09-07 20:54:47,1,1,1,0,1,380.68,140,65437.5,0,0
2026-09-07 21:28:09,0,0,0,0,0,10.89,37,578.35,0,0
2026-09-07 22:52:46,0,0,0,0,0,5.34,16,30021.42,0,0
2026-09-07 23:49:15,0,0,0,0,0,171.93,105,11808.32,0,0
2026-09-08 01:39:37,0,0,0,1,1,4366.03,131,5375.03,0,0
2026-09-08 02:35:07,0,0,1,0,1,2221.29,136,3846.22,0,0
2026-09-08 02:45:07,0,0,0,0,0,142.31,139,9712.97,0,0
2026-09-08 03:12:53,1,0,0,0,0,53.64,82,6575.12,0,0
2026-09-08 03:31:07,1,0,1,1,1,1537.41,74,21242.18,0,0
2026-09-08 03:55:33,0,0,0,0,0,111.24,225,5220.8,0,0
2026-09-08 04:05:18,0,0,0,0,0,29.74,143,2148.88,0,0
2026-09-08 04:52:45,1,1,0,0,0,134.2,23,17289.38,0,0
2026-09-08 04:52:47,3,0,0,0,0,15.8,234,32204.4,0,0
2026-09-08 05:24:32,2,0,0,1,0,34.74,12,1665.98,0,0
2026-09-08 05:30:27,1,0,0,0,0,89.09,245,908.37,0,0
2026-09-08 06:39:45,0,0,0,0,0,77.56,220,10786.3,0,0
2026-09-08 07:53:24,0,0,0,1,0,121.94,247,35572.7,0,0
2026-09-08 08:48:23,3,0,0,0,0,87.45,243,10670.13,0,0
2026-09-08 09:20:52,0,0,1,0,0,5.08,131,461.25,0,0
2026-09-08 10:07:17,7,0,0,0,0,380.33,61,41018.97,0,0
2026-09-08 10:26:01,1,0,0,1,0,144.18,193,31606.68,0,0
2026-09-08 11:08:30,1,0,0,1,0,212.39,35,9308.43,0,0
2026-09-08 12:48:59,0,0,0,0,0,162.93,129,20888.88,0,0
2026-09-08 13:57:58,1,0,0,0,0,23.88,100,17329.63,0,0
2026-09-08 14:33:53,0,0,0,0,0,269.87,222,8274.83,0,0
2026-09-08 14:58:45,0,0,0,0,0,414.04,222,24.87,0,0
2026-09-08 15:15:24,0,1,0,0,0,8.19,122,1671.77,0,0
2026-09-08 15:50:13,4,0,0,0,0,17.25,117,12946.25,0,0
2026-09-08 16:25:25,1,0,0,0,0,463.5,202,13983.83,0,0
2026-09-08 17:05:15,0,0,0,0,0,34.74,111,15677.57,0,0
2026-09-08 17:13:33,0,0,0,0,0,171.37,233,45339.75,0,0
2026-09-08 17:20:27,2,0,0,0,0,7.7,14,2886.23,0,0
2026-09-08 19:18:42,2,0,0,0,0,131.84,241,4710.3,0,0
2026-09-08 19:21:28,1,0,1,0,0,120.86,216,4140.07,0,0
2026-09-08 19:31:47,1,1,1,0,0,277.49,84,2883.88,0,0
2026-09-08 19:51:43,0,0,0,0,0,130.46,84,19.93,0,0
2026-09-08 20:02:36,1,0,1,0,0,4.23,33,10414.5,0,1
2026-09-08 20:33:35,0,0,0,0,0,59.87,204,1529.52,0,0
2026-09-08 20:46:46,5,0,0,0,0,42.75,120,6368.37,0,0
2026-09-08 20:52:50,1,0,0,0,0,84.57,117,302.62,0,0
2026-09-08 20:55:23,0,0,0,0,0,55.92,179,11095.02,0,0
2026-09-08 21:24:32,0,0,0,0,0,32.97,69,5864.22,0,0
2026-09-08 22:14:01,3,0,0,0,0,108.19,87,23991.23,0,0
2026-09-09 00:31:33,0,0,0,0,0,37.27,16,1538.78,0,0
2026-09-09 00:37:04,0,0,1,0,0,190.15,41,12438.47,0,0
2026-09-09 00:50:32,1,0,0,0,0,39.01,110,14574.0,0,0
2026-09-09 01:21:38,0,0,0,0,0,72.43,91,33018.42,0,0
2026-09-09 01:22:46,2,0,1,0,0,174.88,73,31921.65,0,0
2026-09-09 04:43:39,0,0,0,0,0,173.1,14,683.2,0,0
2026-09-09 05:37:22,2,0,1,1,0,88.21,29,19984.27,0,0
2026-09-09 06:21:04,0,0,0,0,0,47.79,142,16655.02,0,0
2026-09-09 08:16:59,0,0,0,0,0,81.63,95,37486.98,0,0
2026-09-09 08:39:35,4,0,0,0,0,189.5,135,17260.62,0,0
2026-09-09 08:57:08,1,0,0,1,1,370.35,233,943.58,0,0
2026-09-09 09:25:30,0,0,0,0,0,13.07,172,12433.92,0,0
2026-09-09 10:43:32,0,0,0,0,0,87.24,9,73390.87,0,0
2026-09-09 10:47:04,1,0,0,0,0,85.34,189,9623.43,0,0
2026-09-09 10:56:56,1,0,0,0,0,34.69,78,46400.62,0,0
2026-09-09 12:36:38,7,0,0,1,0,57.0,188,4309.78,0,0
2026-09-09 14:00:33,7,0,1,0,0,9.27,83,4262.7,0,0
2026-09-09 14:09:00,1,0,0,0,0,14.01,53,10790.12,0,0
2026-09-09 14:26:28,0,1,1,0,0,176.22,226,3230.4,0,0
2026-09-09 14:42:36,0,0,0,0,0,62.45,74,2111.48,0,0
2026-09-09 15:03:37,1,0,1,0,0,10.52,47,13243.8,0,0
2026-09-09 15:29:24,0,0,1,0,0,326.67,144,9834.85,0,0
2026-09-09 18:17:22,0,1,1,0,0,23.56,47,193.75,0,1
2026-09-09 18:17:41,0,0,0,0,0,38.11,165,9563.97,0,0
2026-09-09 18:42:59,0,0,0,0,0,359.48,23,2270.23,0,0
2026-09-09 19:42:33,0,0,0,1,0,19.95,229,41392.47,0,0
2026-09-09 19:44:25,0,0,0,0,0,346.5,159,7585.47,0,0
2026-09-09 20:25:48,2,0,0,0,0,128.1,248,21037.8,0,0
2026-09-09 21:53:59,0,0,0,0,0,55.67,58,22500.93,0,0
2026-09-09 22:24:23,0,0,0,0,0,90.37,191,11118.27,0,0
2026-09-09 22:35:04,0,0,0,0,0,70.91,130,20190.73,0,0
2026-09-09 22:52:32,1,0,1,1,0,163.34,86,30754.88,0,0
2026-09-10 00:38:31,0,0,0,0,0,6.49,234,2625.73,0,0
2026-09-10 01:22:42,1,0,0,0,1,2518.12,125,12758.4,0,0
2026-09-10 03:32:37,6,0,0,0,0,352.75,246,4205.73,0,0
2026-09-10 04:03:04,0,0,0,0,0,56.14,4,16296.62,0,0
2026-09-10 04:16:58,0,0,0,0,0,21.25,97,128802.75,0,0
2026-09-10 05:07:45,0,0,0,0,0,11.52,150,20395.35,0,0
2026-09-10 06:07:46,6,0,0,0,0,42.58,185,25676.1,0,0
2026-09-10 08:03:28,2,0,1,0,0,14.0,31,20298.4,0,0
2026-09-10 09:30:08,4,1,1,1,0,26.1,204,2216.55,0,0
2026-09-10 10:00:11,0,0,0,0,0,106.26,97,343.22,0,0
2026-09-10 11:35:01,7,0,1,1,0,53.75,54,30229.38,0,1
2026-09-10 11:54:36,0,0,0,0,0,231.28,124,16611.4,0,0
2026-09-10 13:28:16,0,0,1,1,0,62.34,148,42184.27,0,0
2026-09-10 13:40:45,3,1,0,0,0,16.74,169,5768.6,0,0
2026-09-10 14:33:35,4,0,0,0,0,14.92,9,1670.05,0,0
2026-09-10 14:57:21,0,0,1,0,0,118.13,176,22738.68,0,0
2026-09-10 15:13:41,0,0,0,0,0,100.49,23,1230.7,0,0
2026-09-10 16:12:25,0,0,0,0,0,123.06,161,11680.03,0,0
2026-09-10 18:06:51,0,0,1,1,1,620.45,211,6279.7,0,1
2026-09-10 18:36:37,0,0,0,0,0,246.55,33,2794.02,0,0
2026-09-10 18:56:34,6,0,0,0,0,12.08,197,5747.77,0,0
2026-09-10 20:06:58,1,1,0,0,0,3.34,191,1302.58,0,0
2026-09-10 20:47:10,2,0,0,0,0,135.54,247,3653.77,0,0
2026-09-10 21:16:04,2,0,0,0,0,113.03,53,1867.07,0,0
2026-09-10 23:38:28,1,0,0,0,0,68.04,115,7404.2,0,0
2026-09-10 23:51:58,2,0,0,0,0,4.47,21,22599.53,0,0
2026-09-10 23:57:53,1,0,0,0,0,12.13,64,4546.87,0,0
2026-09-11 00:30:17,0,0,0,0,0,21.73,32,8618.33,0,0
2026-09-11 01:35:08,1,0,0,0,0,101.81,192,9877.98,0,0
2026-09-11 03:48:06,1,0,0,0,0,108.78,169,847.35,0,0
2026-09-11 04:19:55,3,0,0,0,0,112.98,211,613.07,0,0
2026-09-11 05:18:54,7,0,0,1,0,162.48,46,35817.75,0,1
2026-09-11 05:39:43,0,0,1,0,0,2.51,250,6592.83,0,0
2026-09-11 06:14:35,2,0,0,0,0,103.08,150,1506.83,0,0
2026-09-11 06:35:40,0,0,1,0,0,28.98,18,21904.05,0,0
2026-09-11 06:53:35,2,0,0,0,0,84.64,100,3895.62,0,0
2026-09-11 07:03:21,0,0,0,0,0,133.89,119,12550.0,0,0
2026-09-11 08:05:58,0,0,0,0,0,127.31,153,20544.87,0,0
2026-09-11 08:49:04,0,0,0,0,0,33.95,228,19661.25,0,0
2026-09-11 10:13:41,1,0,1,0,0,43.9,208,14826.28,0,0
2026-09-11 11:19:59,0,0,1,0,0,249.26,90,10373.08,0,0
2026-09-11 11:22:26,4,1,1,0,0,188.97,77,16335.38,0,0
2026-09-11 11:25:38,0,0,0,0,0,29.71,96,50535.15,0,0
2026-09-11 11:51:30,5,0,0,0,0,88.44,67,20135.68,0,0
2026-09-11 12:35:35,2,1,1,0,0,11.35,119,332.23,0,0
2026-09-11 12:57:39,0,1,1,1,0,106.09,242,6882.43,0,0
2026-09-11 13:21:32,0,0,0,0,0,97.11,228,272.47,0,0
2026-09-11 14:36:00,2,0,1,0,0,30.64,229,2573.45,0,0
2026-09-11 16:02:39,1,1,0,0,0,54.79,19,13921.4,0,1
2026-09-11 16:18:45,1,0,0,0,0,152.47,78,3201.82,0,0
2026-09-11 17:11:57,0,0,0,0,0,29.5,21,1039.98,0,0
2026-09-11 17:53:22,0,0,0,0,0,146.26,224,27365.22,0,0
2026-09-11 18:11:57,7,0,0,0,0,38.04,50,36500.05,0,0
2026-09-11 19:04:11,0,0,1,0,1,2744.8,152,14449.52,0,0
2026-09-11 21:45:40,0,0,0,0,1,46.47,61,5018.38,0,0
2026-09-11 22:06:01,0,0,0,0,0,29.86,80,7664.6,0,0
2026-09-11 22:38:51,2,0,0,0,0,19.56,101,21372.17,0,0
2026-09-11 23:31:06,2,0,0,0,0,221.25,72,21438.78,0,0
2026-09-12 00:02:50,0,0,0,0,0,55.95,60,10947.03,0,0
2026-09-12 00:04:14,0,0,0,1,0,78.88,93,11716.15,0,0
2026-09-12 00:28:16,0,0,0,0,0,27.72,179,4532.88,0,0
2026-09-12 01:23:31,0,0,0,0,0,13.74,178,15214.28,0,0
2026-09-12 03:25:19,0,0,1,0,0,91.19,57,11739.7,0,0
2026-09-12 03:31:13,7,0,0,0,0,33.31,197,1954.65,0,0
2026-09-12 03:36:33,0,0,0,0,0,264.31,142,4155.48,0,0
2026-09-12 03:48:37,0,0,0,0,0,64.69,24,75067.25,0,0
2026-09-12 05:05:02,4,0,0,0,0,14.87,10,14314.73,0,0
2026-09-12 05:18:16,0,0,0,0,0,2.41,197,107.05,0,0
2026-09-12 05:39:33,1,0,0,0,0,26.43,45,10763.9,0,0
2026-09-12 06:47:55,0,0,1,1,1,578.32,182,14652.72,0,0
2026-09-12 06:59:18,0,0,0,0,0,23.19,236,10154.73,0,0
2026-09-12 07:02:30,5,0,0,0,0,45.51,114,55800.57,0,0
2026-09-12 09:14:58,1,0,0,0,0,211.17,11,12441.13,0,0
2026-09-12 09:27:09,0,0,0,0,0,4.91,225,6091.6,0,0
2026-09-12 09:52:12,1,0,1,0,0,161.56,93,587.97,0,0
2026-09-12 10:20:13,4,0,0,0,0,55.48,98,15017.08,0,0
2026-09-12 11:33:31,0,0,0,0,0,236.89,66,15726.6,0,0
2026-09-12 11:38:43,1,0,0,0,0,109.98,237,23790.53,0,0
2026-09-12 12:00:09,5,0,0,0,0,18.02,169,1932.05,0,0
2026-09-12 12:50:52,0,1,1,0,0,320.64,55,12216.98,0,0
2026-09-12 13:07:18,2,0,1,0,0,16.81,48,18695.6,0,0
2026-09-12 13:31:40,1,0,0,0,0,40.99,245,6241.22,0,0
2026-09-12 14:50:32,1,0,0,0,0,385.4,48,103.23,0,0
2026-09-12 15:30:53,0,0,0,0,0,23.81,169,210.73,0,0
2026-09-12 16:25:57,0,0,0,1,0,99.75,216,5584.48,0,0
2026-09-12 16:43:02,1,1,0,0,0,379.47,58,4009.05,0,0
2026-09-12 17:51:07,0,0,1,0,1,1751.56,167,21740.73,0,0
2026-09-12 18:17:55,0,0,1,1,0,108.7,213,9859.63,0,0
2026-09-12 19:29:37,0,0,0,0,0,97.17,72,1198.52,0,0
2026-09-12 19:30:47,0,0,0,0,0,81.07,138,13714.8,0,0
2026-09-12 21:12:57,6,0,0,0,0,297.9,53,2876.88,0,1
2026-09-12 21:48:16,0,0,1,1,0,78.47,109,33605.58,0,0
2026-09-12 22:57:31,6,1,1,0,0,108.85,75,9724.05,0,0
2026-09-13 00:43:22,0,0,1,1,1,2013.92,60,1480.53,0,0
2026-09-13 02:11:52,1,0,0,0,0,75.02,245,760.2,0,0
2026-09-13 03:17:58,0,0,1,0,0,218.68,78,2099.22,0,0
2026-09-13 03:26:36,2,0,1,1,0,2.31,69,6122.07,0,0
2026-09-13 03:56:17,2,0,0,0,0,50.3,50,2024.33,0,0
2026-09-13 04:38:49,0,0,0,0,0,95.88,112,21174.05,0,0
2026-09-13 05:37:30,4,0,0,0,0,1.92,25,13563.68,0,0
2026-09-13 06:05:44,0,1,1,0,0,276.3,26,87591.25,0,0
2026-09-13 06:29:48,1,0,0,0,0,175.09,38,22182.73,0,0
2026-09-13 06:52:44,7,0,1,0,0,24.72,44,11184.57,0,0
2026-09-13 07:40:49,4,0,1,0,0,40.31,45,1561.27,0,0
2026-09-13 08:22:54,5,0,0,0,0,113.06,98,1322.68,0,0
2026-09-13 08:58:54,0,1,1,1,0,41.71,222,6840.15,0,0
2026-09-13 09:34:59,0,1,1,1,0,194.32,17,18261.12,0,0
2026-09-13 10:35:11,0,0,1,1,0,28.57,116,9289.52,0,0
2026-09-13 11:49:16,1,0,0,0,0,170.53,244,16009.22,0,0
2026-09-13 12:03:53,2,1,0,0,0,62.47,53,890.93,0,0
2026-09-13 12:20:54,0,0,1,1,0,60.4,164,27759.87,0,0
2026-09-13 12:59:09,1,0,1,1,0,18.44,225,1652.0,0,1
2026-09-13 14:04:07,0,0,1,0,0,409.66,95,6107.13,0,0
2026-09-13 14:21:46,0,0,1,1,1,634.29,18,3346.1,0,0
2026-09-13 16:00:15,1,0,0,0,0,22.89,12,7835.72,0,0
2026-09-13 18:02:24,0,0,0,0,0,3.3,198,16815.53,0,0
2026-09-13 18:25:45,3,0,1,1,0,68.03,139,8140.63,0,1
2026-09-13 18:51:31,0,0,0,0,0,3.28,26,765.78,0,0
2026-09-13 20:13:16,2,0,0,0,0,60.76,169,1722.38,0,0
2026-09-13 21:59:44,0,0,0,0,0,232.94,136,8364.62,0,0
2026-09-13 22:09:14,0,0,0,1,0,68.91,96,3523.6,0,0
2026-09-13 23:19:20,1,0,0,0,0,4.43,215,49097.08,0,0
2026-09-14 01:15:24,3,1,1,1,1,460.54,119,3639.82,0,0
2026-09-14 03:12:23,0,0,0,0,0,5.0,113,32287.57,0,0
2026-09-14 03:14:01,0,1,1,1,0,213.74,133,26555.33,0,0
2026-09-14 03:23:05,1,0,0,0,0,27.46,222,1104.18,0,0
2026-09-14 03:32:08,0,0,1,0,0,6.73,196,12214.27,0,1
2026-09-14 03:33:02,3,0,0,0,0,333.92,165,6315.35,0,0
2026-09-14 03:34:51,2,0,0,0,0,66.78,47,6317.48,0,0
2026-09-14 03:42:48,0,1,0,0,0,52.03,134,12515.48,0,0
2026-09-14 06:53:22,0,0,0,1,0,261.84,22,14983.92,0,0
2026-09-14 07:04:21,2,0,1,0,0,75.68,90,4064.37,0,0
2026-09-14 07:58:55,0,0,0,0,0,33.05,29,7341.55,0,0
2026-09-14 08:13:43,1,1,0,1,0,157.01,157,30864.78,0,0
2026-09-14 08:18:48,0,0,0,0,0,31.72,197,3060.53,0,0
2026-09-14 11:08:35,1,0,1,1,1,877.32,237,2849.87,0,0
2026-09-14 11:25:03,0,0,1,0,1,2438.13,147,9852.68,0,1
2026-09-14 11:34:34,3,0,0,1,0,268.0,3,34362.18,0,0
2026-09-14 12:25:25,0,0,0,0,0,93.11,40,14026.15,0,0
2026-09-14 12:50:24,0,0,1,0,0,70.28,206,38214.97,0,0
2026-09-14 14:07:19,3,0,0,0,0,7.92,47,632.47,0,0
2026-09-14 14:31:11,0,0,0,0,0,95.98,128,10162.17,0,0
2026-09-14 14:47:14,0,1,0,0,0,39.54,104,16183.5,0,0
2026-09-14 16:01:12,0,0,0,0,0,72.26,125,6638.5,0,0
2026-09-14 16:18:05,0,0,1,1,0,136.49,188,7421.45,0,0
2026-09-14 16:40:34,4,0,1,1,0,102.22,168,48592.47,0,0
2026-09-14 19:21:53,2,0,0,0,0,10.2,237,493.3,0,0
2026-09-14 20:17:25,0,0,1,0,0,50.62,87,8523.4,0,0
2026-09-14 20:25:25,2,0,0,0,0,22.25,155,25875.77,0,0
2026-09-14 22:05:28,1,0,0,0,0,16.38,229,4769.47,0,0
2026-09-14 23:07:37,4,0,0,0,0,24.89,192,5612.48,0,0
2026-09-14 23:30:54,0,0,0,0,0,253.43,13,28961.08,0,0
2026-09-15 00:27:15,1,0,0,0,0,124.66,236,3927.95,0,1
2026-09-15 01:30:17,1,0,0,0,0,238.71,86,7357.75,0,0
2026-09-15 02:39:25,0,1,1,1,0,70.61,246,7146.8,0,0
2026-09-15 03:15:12,0,0,0,0,0,0.11,11,3960.23,0,0
2026-09-15 03:16:37,0,0,1,0,0,3.5,207,16811.77,0,0
2026-09-15 04:40:24,2,0,1,0,1,234.45,93,4008.2,0,1
2026-09-15 05:08:15,0,0,1,0,0,151.74,79,22342.77,0,1
2026-09-15 05:31:39,5,1,1,0,0,22.52,25,2874.15,0,1
2026-09-15 06:46:29,0,0,0,0,0,10.71,85,36564.82,0,0
2026-09-15 07:41:05,1,0,0,0,0,197.32,171,20454.23,0,0
2026-09-15 10:32:09,5,0,0,0,0,25.95,55,4181.28,0,0
2026-09-15 13:33:56,1,0,0,0,0,69.8,73,9371.17,0,0
2026-09-15 14:39:30,3,0,0,0,0,41.47,217,13957.08,0,0
2026-09-15 17:46:46,3,0,0,0,0,226.87,241,9988.07,0,0
2026-09-15 18:32:35,0,0,0,0,0,121.99,28,14070.65,0,0
2026-09-15 18:54:47,1,0,1,0,0,60.5,87,1357.37,0,1
2026-09-15 20:02:16,0,0,0,0,0,198.82,157,2148.55,0,0
2026-09-15 20:12:02,1,1,0,0,0,129.73,94,13746.45,0,0
2026-09-15 20:16:01,0,0,1,0,0,165.48,89,29219.27,0,0
2026-09-15 22:14:59,2,0,1,0,0,379.72,212,27058.47,0,0
2026-09-15 23:01:49,1,0,1,0,0,22.71,163,17255.62,0,1
2026-09-15 23:13:10,0,0,0,0,0,22.63,129,10704.18,0,0
2026-09-15 23:25:50,0,0,0,0,0,81.31,174,15632.95,0,0
2026-09-16 00:22:24,7,0,0,0,0,76.06,103,12057.43,0,0
2026-09-16 00:53:45,0,0,0,1,0,203.35,24,5585.13,0,0
2026-09-16 00:56:22,0,0,1,0,0,16.95,221,17923.25,0,0
2026-09-16 01:39:24,0,0,1,1,1,830.19,89,323.38,0,1
2026-09-16 02:23:03,6,0,0,0,0,75.06,147,2338.0,0,1
2026-09-16 03:15:40,6,0,0,0,0,62.39,19,6433.02,0,0
2026-09-16 04:09:59,1,0,0,0,0,6.95,161,7917.57,0,0
2026-09-16 05:06:44,4,0,1,0,1,239.99,53,3902.85,0,1
2026-09-16 05:30:47,0,0,0,0,0,16.67,104,2323.55,0,0
2026-09-16 05:41:04,6,0,0,0,0,90.64,87,646.28,0,0
2026-09-16 06:36:59,0,1,1,1,0,56.01,183,15812.42,0,0
2026-09-16 08:43:39,0,0,0,0,0,19.62,52,24719.65,0,0
2026-09-16 10:09:36,0,1,1,1,0,133.43,113,3297.22,0,0
2026-09-16 12:13:55,1,0,0,0,0,162.44,231,31391.73,0,0
2026-09-16 15:24:27,2,0,0,0,0,23.59,99,16114.08,0,0
2026-09-16 15:35:06,0,0,0,0,0,128.29,220,12055.35,0,0
2026-09-16 16:53:43,6,0,1,0,0,6.57,112,5054.9,0,0
2026-09-16 18:28:45,0,1,0,0,0,193.75,101,6949.9,0,0
2026-09-16 19:14:57,0,0,0,0,0,328.94,169,4261.68,0,0
2026-09-16 19:55:25,0,0,0,1,1,254.17,67,7683.92,0,0
2026-09-16 20:29:33,1,0,0,0,0,154.25,172,10744.05,0,0
2026-09-16 20:29:50,3,0,0,0,0,10.24,242,7652.18,0,0
2026-09-16 21:10:56,0,0,0,0,0,325.07,12,4630.68,0,0
2026-09-16 22:16:32,1,0,0,0,0,60.16,123,19331.02,0,0
2026-09-16 22:32:04,0,0,1,1,0,76.63,250,8212.35,0,0
2026-09-16 22:46:12,1,0,1,0,1,2165.23,200,28623.42,0,0
2026-09-16 22:53:47,7,0,1,1,0,28.61,34,14777.67,0,0
2026-09-17 01:01:21,0,0,0,0,0,50.89,246,2781.93,0,0
2026-09-17 01:43:30,4,0,0,0,0,7.26,198,4781.1,0,0
2026-09-17 02:25:41,1,0,0,0,0,95.35,175,24443.17,0,0
2026-09-17 02:27:06,0,0,0,1,0,160.61,194,15818.33,0,0
2026-09-17 03:33:37,5,1,1,0,0,190.95,21,7821.67,0,0
2026-09-17 05:39:00,0,0,0,0,0,76.86,75,6161.48,0,0
2026-09-17 08:04:57,0,1,0,0,0,145.16,33,9448.33,0,0
2026-09-17 08:12:01,0,0,1,0,0,16.24,13,3401.12,0,0
2026-09-17 09:58:25,0,0,1,0,1,2040.43,43,24570.4,0,0
2026-09-17 10:10:41,3,0,0,0,0,0.45,207,3294.07,0,0
2026-09-17 10:37:59,1,0,0,0,0,21.67,12,807.05,0,0
2026-09-17 11:38:00,4,0,0,0,0,100.69,23,9864.32,0,0
2026-09-17 12:05:09,0,0,0,0,0,38.65,82,13492.27,0,0
2026-09-17 12:20:23,0,1,1,0,0,52.87,236,3593.13,0,0
2026-09-17 12:59:59,0,0,1,1,1,2623.63,217,2780.48,0,1
2026-09-17 15:20:51,1,0,1,0,0,84.65,127,21712.38,0,0
2026-09-17 16:09:41,7,0,0,0,0,50.91,221,2353.32,0,0
2026-09-17 16:51:20,1,1,0,0,0,62.69,60,6727.97,0,0
2026-09-17 19:01:45,0,0,1,1,0,188.67,113,1972.15,0,0
2026-09-17 19:32:02,3,0,1,0,0,66.47,20,28840.35,0,0
2026-09-17 19:59:30,2,0,1,0,0,208.22,54,10584.48,0,0
2026-09-17 20:02:36,0,0,0,0,0,28.38,211,9582.68,0,0
2026-09-17 20:25:54,3,0,0,0,0,76.3,102,15905.52,0,0
2026-09-17 21:50:58,0,0,0,1,0,46.05,228,9149.43,0,0
2026-09-17 22:34:11,0,0,0,0,0,89.48,112,1780.47,0,0
2026-09-17 23:10:13,0,0,1,1,1,1285.3,206,4939.82,0,0
2026-09-17 23:41:01,0,1,1,0,1,1270.53,162,22955.63,0,0
2026-09-18 01:14:52,0,0,0,0,0,75.03,42,30100.43,0,0
2026-09-18 01:35:09,0,1,0,0,0,60.59,43,936.73,0,0
2026-09-18 01:44:51,0,0,1,1,0,241.21,222,5661.77,0,0
2026-09-18 02:40:06,2,0,1,1,1,467.87,53,2733.37,0,0
2026-09-18 02:58:05,7,0,0,0,0,56.91,10,8513.05,0,0
2026-09-18 02:58:14,2,0,0,0,0,23.73,112,264.05,0,0
2026-09-18 04:12:30,0,1,1,0,0,40.38,236,952.12,0,0
2026-09-18 04:42:33,0,0,0,0,1,429.49,200,1796.35,0,0
2026-09-18 06:20:51,0,0,0,0,0,110.78,194,1673.75,0,0
2026-09-18 06:24:16,0,1,1,1,1,1844.51,235,33509.95,0,0
2026-09-18 06:57:09,1,0,1,0,1,485.97,214,41097.08,0,0
2026-09-18 07:01:00,1,0,0,0,0,411.13,24,3247.25,0,0
2026-09-18 07:53:11,2,0,0,0,0,33.44,70,33360.53,0,0
2026-09-18 09:08:56,1,0,1,0,1,2643.83,133,6114.92,0,0
2026-09-18 09:24:49,0,0,0,1,0,34.62,222,459.97,0,0
2026-09-18 12:08:18,0,0,0,1,1,799.59,158,51332.98,0,0
2026-09-18 13:26:49,1,0,0,0,0,109.28,224,9813.45,0,0
2026-09-18 16:03:24,0,0,0,0,0,81.57,131,14802.53,0,0
2026-09-18 16:26:36,0,0,0,0,0,70.56,120,14139.83,0,0
2026-09-18 18:17:09,0,0,1,0,1,2371.42,76,41149.95,0,0
2026-09-18 18:50:56,0,0,0,0,0,123.0,26,7199.42,0,0
2026-09-18 19:11:48,0,0,0,0,0,245.53,204,12101.67,0,0
2026-09-18 20:10:36,3,0,1,1,1,393.7,162,1229.58,0,0
2026-09-18 20:48:39,3,0,0,0,0,1.65,106,30858.43,0,0
2026-09-18 22:02:36,0,0,0,0,0,886.3,201,23264.05,0,0
2026-09-18 22:49:03,0,0,0,0,0,33.33,200,1086.5,0,0
2026-09-18 22:51:05,2,0,0,0,0,4.39,22,6717.72,0,0
2026-09-19 02:02:50,0,0,0,0,0,28.42,175,2857.15,0,0
2026-09-19 02:19:41,0,1,1,0,0,110.5,187,23915.13,0,0
2026-09-19 03:43:08,0,0,0,0,0,88.7,201,340.53,0,0
2026-09-19 04:02:45,0,0,0,0,0,23.16,102,1896.85,0,0
2026-09-19 06:07:46,2,1,0,0,0,20.61,88,26250.13,0,0
2026-09-19 06:24:36,3,0,1,0,0,58.76,204,672.8,0,1
2026-09-19 06:58:09,0,0,1,1,0,1.36,76,761.0,0,0
2026-09-19 07:09:22,0,0,0,0,0,0.24,53,1709.27,0,0
2026-09-19 07:37:25,0,0,0,1,0,95.93,46,11658.52,0,0
2026-09-19 07:44:14,0,0,0,0,0,39.35,183,4387.25,0,0
2026-09-19 10:26:42,7,0,0,0,0,2.42,146,23131.77,0,0
2026-09-19 17:03:47,1,0,0,1,0,61.58,17,9088.8,0,0
2026-09-19 19:31:49,1,1,0,1,0,274.2,168,7371.25,0,0
2026-09-19 21:41:00,2,1,1,1,1,441.39,165,8287.97,0,0
2026-09-19 22:15:10,3,0,0,0,0,28.91,31,13811.7,0,0
2026-09-19 22:48:55,3,0,0,0,0,63.11,9,13455.33,0,1
2026-09-19 23:51:02,0,0,0,0,0,16.07,103,5728.63,0,1
2026-09-20 00:41:00,0,0,1,0,0,101.59,224,2114.18,0,0
2026-09-20 00:54:11,1,0,0,0,0,182.79,116,9499.0,0,0
2026-09-20 01:57:41,0,0,0,0,0,21.63,229,7432.22,0,0
2026-09-20 02:12:00,7,0,1,1,1,1612.64,19,5696.33,0,0
2026-09-20 02:45:10,1,0,0,0,0,218.93,53,1175.8,0,0
2026-09-20 04:49:00,5,0,0,0,0,233.39,170,33744.47,0,1
2026-09-20 05:04:21,0,0,0,1,0,80.49,228,3313.38,0,0
2026-09-20 08:07:48,3,0,0,0,0,16.52,3,8433.23,0,0
2026-09-20 08:10:13,0,0,0,0,0,107.64,216,11024.27,0,0
2026-09-20 08:12:14,7,0,0,1,0,132.73,36,23032.52,0,0
2026-09-20 09:22:05,0,1,1,0,0,140.37,90,8777.73,0,0
2026-09-20 09:31:24,1,0,1,0,0,272.33,212,6436.42,0,0
2026-09-20 09:50:54,2,0,1,1,0,95.52,78,10472.93,0,0
2026-09-20 10:18:57,0,0,1,1,1,941.35,187,1919.27,0,0
2026-09-20 10:31:54,0,0,1,0,1,1047.39,96,9382.67,0,0
2026-09-20 12:23:50,7,0,0,0,0,38.79,136,9504.1,0,0
2026-09-20 13:37:31,0,0,1,1,1,88.46,181,28009.13,0,0
2026-09-20 14:03:20,1,0,0,0,0,126.4,37,18275.18,0,0
2026-09-20 14:08:30,0,0,0,0,0,2.0,229,730.82,0,0
2026-09-20 15:23:24,3,0,0,0,0,6.63,75,4904.4,0,0
2026-09-20 15:57:50,1,0,0,0,0,40.67,70,3364.65,0,0
2026-09-20 16:36:15,0,0,0,0,0,267.46,165,1135.25,0,0
2026-09-20 16:40:42,0,0,0,1,0,66.0,160,19111.35,0,0
2026-09-20 17:38:34,1,0,0,0,0,24.23,161,6568.58,0,0
2026-09-20 17:42:57,0,0,1,0,0,227.35,174,6857.12,0,0
2026-09-20 18:53:49,0,0,1,0,0,84.79,81,34620.15,0,0
2026-09-20 19:00:13,1,0,0,0,0,46.17,61,12794.55,0,0
2026-09-20 19:32:45,0,0,0,1,0,125.78,182,12284.83,0,1
2026-09-20 19:52:57,0,0,0,0,0,58.18,226,16166.48,0,0
2026-09-20 22:37:24,1,0,1,0,0,130.93,227,31240.12,0,0
2026-09-21 00:42:36,0,1,1,1,0,24.64,166,33338.3,0,0
2026-09-21 01:53:29,0,0,1,0,0,16.27,178,12989.97,0,0
2026-09-21 02:14:51,0,0,0,0,0,61.79,150,14160.27,0,0
2026-09-21 03:12:11,1,0,0,0,0,38.51,191,14825.22,0,0
2026-09-21 04:33:49,1,0,0,0,0,92.93,236,4341.32,0,0
2026-09-21 04:41:15,2,0,1,1,0,155.49,230,20692.0,0,0
2026-09-21 04:45:51,0,1,0,0,0,231.77,194,4225.0,0,1
2026-09-21 05:58:56,0,0,0,0,0,142.93,186,33124.45,0,1
2026-09-21 06:12:29,0,0,0,0,0,41.82,224,1771.48,0,0
2026-09-21 06:17:29,0,0,0,0,0,129.96,114,12914.98,0,0
2026-09-21 06:44:02,5,0,1,0,0,75.48,23,5466.03,0,0
2026-09-21 06:59:19,0,0,0,0,0,236.53,141,25395.8,0,0
2026-09-21 07:22:54,0,0,0,0,0,122.72,28,7970.32,0,0
2026-09-21 07:39:20,0,0,0,0,0,16.28,144,16809.93,0,0
2026-09-21 08:55:22,1,1,1,1,0,8.13,188,9637.28,0,0
2026-09-21 09:57:00,1,0,1,1,1,1177.36,13,5864.98,0,0
2026-09-21 10:45:00,1,0,0,0,0,45.42,121,76338.82,0,0
2026-09-21 11:09:02,3,0,0,0,0,18.4,127,5508.18,0,1
2026-09-21 11:13:53,0,0,0,0,0,159.78,241,8247.12,0,0
2026-09-21 14:30:39,0,0,1,0,0,47.07,152,14126.47,0,0
2026-09-21 17:05:25,0,0,1,1,1,134.91,68,38615.43,0,0
2026-09-21 17:56:10,1,0,0,0,0,30.42,230,794.92,0,0
2026-09-21 18:11:49,1,0,0,0,0,112.97,96,1899.92,0,0
2026-09-21 18:48:40,1,0,1,1,0,104.4,174,1505.72,0,0
2026-09-21 18:55:42,1,0,1,1,1,456.66,51,26127.77,0,0
2026-09-21 19:24:53,1,0,0,0,0,41.73,45,12224.07,0,0
2026-09-21 19:26:04,4,0,0,0,0,5.11,26,4355.13,0,0
2026-09-21 19:41:10,1,0,0,0,1,4594.85,171,9360.08,0,1
2026-09-21 20:33:46,2,0,0,0,0,39.62,79,9565.52,0,0
2026-09-21 21:58:31,0,0,0,0,0,265.09,80,14392.5,0,0
2026-09-21 22:01:17,1,0,1,0,0,168.14,1,23326.38,0,0
2026-09-21 23:28:25,4,0,0,0,0,40.82,28,965.52,0,0
2026-09-21 23:30:29,0,0,0,0,0,118.47,81,1716.67,0,0
2026-09-22 00:30:23,2,0,0,0,0,64.17,16,18718.83,0,0
2026-09-22 00:47:14,2,0,0,0,0,375.72,223,33487.93,0,0
2026-09-22 01:43:38,0,0,1,1,0,101.75,188,1008.27,0,0
2026-09-22 01:58:59,1,0,0,0,0,73.2,101,7650.23,0,0
2026-09-22 02:25:00,0,0,1,0,0,101.6,144,1125.67,0,0
2026-09-22 02:41:16,6,0,0,0,0,24.88,110,18830.73,0,1
2026-09-22 03:13:31,3,1,1,0,0,36.58,196,11501.38,0,0
2026-09-22 04:02:10,0,0,0,1,0,124.72,43,5907.02,0,0
2026-09-22 04:21:11,0,0,0,0,0,8.74,24,5600.18,0,0
2026-09-22 04:45:47,1,0,0,0,0,36.04,27,32121.13,0,0
2026-09-22 04:51:06,0,0,0,0,0,96.64,163,8989.28,0,0
2026-09-22 05:58:48,0,0,0,0,0,544.83,115,16220.33,0,0
2026-09-22 08:01:22,1,0,0,0,0,259.92,34,7747.58,0,0
2026-09-22 08:15:49,0,0,1,0,0,178.51,57,14690.5,0,0
2026-09-22 10:57:41,0,0,0,0,0,69.48,85,10331.2,0,0
2026-09-22 11:05:26,3,0,0,0,0,163.34,173,26692.57,0,0
2026-09-22 12:42:55,4,0,1,1,1,1227.82,13,1605.92,0,0
2026-09-22 13:22:22,2,0,1,1,0,61.33,201,4899.23,0,0
2026-09-22 13:41:43,3,0,0,0,0,25.3,199,22144.97,0,0
2026-09-22 13:50:15,0,0,1,0,0,301.45,120,5603.65,0,0
2026-09-22 14:04:35,0,0,0,1,1,1367.71,44,13391.85,0,1
2026-09-22 15:09:08,0,0,0,0,0,112.5,29,11950.22,0,0
2026-09-22 15:20:11,2,0,1,0,1,228.12,151,29505.03,0,0
2026-09-22 16:51:29,5,0,1,1,0,56.36,245,13839.62,0,0
2026-09-22 17:17:41,2,1,1,0,0,334.28,240,50784.6,0,0
2026-09-22 19:29:21,4,0,1,1,0,141.75,190,69423.5,0,0
2026-09-22 20:25:47,1,1,0,0,0,214.4,82,7700.63,0,0
2026-09-22 22:10:56,0,0,0,0,0,50.4,88,5283.17,0,0
2026-09-22 22:18:10,0,0,1,0,0,6.88,176,17720.82,0,0
2026-09-22 23:41:38,0,0,0,0,0,43.31,190,252.28,0,0
2026-09-23 00:17:44,0,0,0,1,0,47.16,133,6668.8,0,0
2026-09-23 01:33:22,1,1,1,0,0,35.83,24,1272.18,0,0
2026-09-23 02:05:35,0,0,0,0,0,74.8,85,907.9,0,0
2026-09-23 02:29:40,1,0,1,0,0,21.34,236,2755.85,0,0
2026-09-23 03:58:02,1,0,1,0,0,277.53,221,7908.35,0,0
2026-09-23 06:32:10,0,0,1,0,0,238.08,161,3653.6,0,1
2026-09-23 06:47:39,0,1,1,0,1,454.91,10,7429.57,0,0
2026-09-23 07:02:34,0,0,1,0,0,105.41,105,22033.32,0,0
2026-09-23 07:21:21,0,0,0,0,0,69.54,127,2652.32,0,0
2026-09-23 07:59:36,3,0,0,0,0,28.78,21,8905.98,0,0
2026-09-23 08:24:07,0,1,1,0,1,3410.98,146,5637.42,0,0
2026-09-23 09:05:53,1,0,0,0,0,26.27,30,28426.03,0,0
2026-09-23 09:46:29,4,1,1,0,0,97.98,100,17452.9,0,0
2026-09-23 11:38:22,3,0,0,0,0,40.85,161,306.2,0,0
2026-09-23 12:33:50,4,0,0,0,0,174.93,180,28123.97,0,0
2026-09-23 13:28:30,0,0,0,0,0,96.85,141,3269.18,0,0
2026-09-23 14:12:08,0,0,0,0,0,178.73,5,34967.42,0,0
2026-09-23 14:40:54,0,0,0,0,0,42.73,64,18163.02,0,0
2026-09-23 17:02:38,0,0,1,1,0,1.12,178,3789.15,0,0
2026-09-23 17:23:58,4,0,1,0,1,375.88,134,13781.17,0,0
2026-09-23 17:45:35,1,0,0,0,0,168.42,212,4814.18,0,0
2026-09-23 18:13:13,0,0,1,1,1,571.6,165,4416.97,0,0
2026-09-23 18:16:02,0,0,0,0,0,38.52,76,6437.88,0,0
2026-09-23 19:39:49,0,0,0,1,0,59.72,12,9181.83,0,0
2026-09-23 20:26:13,1,0,0,0,0,32.11,58,16063.18,0,0
2026-09-23 21:08:04,2,0,1,0,0,164.56,186,3789.13,0,0
2026-09-23 21:48:59,3,1,1,0,1,582.27,13,1986.07,0,0
2026-09-23 21:54:25,5,0,0,0,0,92.62,5,462.28,0,0
2026-09-24 01:36:14,0,0,0,0,0,59.97,212,470.65,0,0
2026-09-24 01:43:47,0,0,0,1,0,33.88,94,11851.75,0,0
2026-09-24 02:05:11,0,0,1,0,0,30.83,145,27306.7,0,0
2026-09-24 02:31:50,0,0,0,0,0,69.69,213,16333.92,0,0
2026-09-24 02:37:34,4,0,0,1,0,23.68,68,3452.15,0,0
2026-09-24 02:45:56,1,0,1,0,0,42.41,86,13035.65,0,0
2026-09-24 02:47:37,2,0,1,0,0,4.02,135,21248.03,0,0
2026-09-24 03:03:40,0,0,0,1,0,156.21,127,1182.32,0,0
2026-09-24 03:09:14,0,0,1,1,0,4.46,164,15288.33,0,1
2026-09-24 05:09:30,0,1,0,1,0,205.79,91,21827.87,0,0
2026-09-24 06:19:28,1,1,0,0,0,4.85,78,5548.57,0,0
2026-09-24 07:39:29,2,0,0,0,0,188.5,207,9928.8,0,1
2026-09-24 09:53:15,0,0,1,0,0,103.33,83,21352.7,0,0
2026-09-24 10:41:25,2,0,1,1,1,1057.68,126,53531.88,0,0
2026-09-24 11:04:11,3,0,0,1,0,15.66,113,9602.43,0,0
2026-09-24 11:50:10,0,0,1,0,0,29.68,146,1646.05,0,0
2026-09-24 12:24:35,2,0,0,0,0,117.16,225,15805.43,0,0
2026-09-24 13:00:32,0,0,0,0,1,1076.62,201,2858.17,0,0
2026-09-24 13:48:23,1,0,0,0,0,72.23,80,3829.87,0,0
2026-09-24 16:20:14,2,0,0,0,0,14.3,61,5600.02,0,0
2026-09-24 16:59:52,7,0,0,0,0,64.45,212,923.63,0,0
2026-09-24 22:05:41,0,0,0,0,0,89.23,87,12504.62,0,0
2026-09-24 22:25:55,0,0,0,1,0,13.05,38,16796.12,0,0
2026-09-24 23:20:05,0,1,1,0,0,366.26,241,5046.2,0,0
2026-09-24 23:21:05,0,0,0,0,0,177.23,64,1960.18,0,0
2026-09-24 23:21:26,1,0,0,0,1,572.91,110,4120.17,0,0
2026-09-25 00:12:53,4,0,0,0,0,82.87,50,17056.6,0,0
2026-09-25 01:21:06,0,0,0,0,0,81.86,36,6788.87,0,0
2026-09-25 01:21:51,0,0,0,0,0,11.28,6,26699.83,0,0
2026-09-25 01:24:41,0,0,0,1,0,57.66,181,6467.17,0,0
2026-09-25 02:02:37,0,0,0,0,0,23.29,243,24074.23,0,0
2026-09-25 03:23:52,0,0,0,0,0,40.53,249,53631.18,0,0
2026-09-25 03:38:16,0,0,1,0,0,288.01,126,1016.85,0,1
2026-09-25 05:29:02,2,0,0,0,0,80.15,204,8584.43,0,0
2026-09-25 05:46:35,0,0,0,0,0,6.92,111,23801.33,0,0
2026-09-25 07:28:35,1,0,0,0,0,111.56,59,63116.18,0,0
2026-09-25 08:55:02,2,0,0,0,0,660.02,55,14302.88,0,0
2026-09-25 09:03:03,0,1,1,1,1,275.34,150,6168.2,0,0
2026-09-25 09:12:54,1,0,0,0,0,114.86,165,2339.68,0,0
2026-09-25 11:57:21,1,0,0,0,0,173.87,80,1328.97,0,0
2026-09-25 12:16:43,1,0,1,1,1,2787.44,152,5626.07,0,0
2026-09-25 13:23:12,0,0,1,0,0,122.94,152,66.48,0,0
2026-09-25 14:01:13,0,0,0,0,0,240.65,10,3313.57,0,0
2026-09-25 15:33:08,3,0,0,0,0,3.26,222,10448.32,0,0
2026-09-25 16:04:25,2,0,0,0,0,6.63,77,20441.98,0,0
2026-09-25 17:08:36,0,0,0,0,0,14.45,138,18577.82,0,0
2026-09-25 17:10:01,0,0,0,0,1,66.42,58,2683.8,0,0
2026-09-25 17:36:42,0,1,1,0,0,12.78,218,34010.1,0,0
2026-09-25 18:13:18,0,0,0,0,0,169.8,5,2658.88,0,0
2026-09-25 18:22:14,1,0,1,0,0,226.78,177,41380.13,0,0
2026-09-25 19:12:52,0,0,0,0,0,40.94,128,16121.68,0,0
2026-09-25 22:56:57,0,0,0,0,0,315.08,147,14193.9,0,0
2026-09-26 02:46:14,2,0,0,0,0,54.2,180,3732.4,0,0
2026-09-26 03:08:44,0,0,0,0,0,18.87,81,5978.25,0,0
2026-09-26 04:48:36,2,0,1,1,0,114.35,193,25582.58,0,1
2026-09-26 05:09:43,2,0,0,0,0,54.53,116,8895.53,0,0
2026-09-26 05:41:53,0,0,1,0,0,1.96,96,6450.07,0,0
2026-09-26 05:48:41,2,0,1,0,0,339.19,116,38.97,0,0
2026-09-26 06:55:07,2,0,0,1,0,91.11,167,19504.0,0,0
2026-09-26 08:04:30,0,0,0,1,0,95.02,123,13547.97,0,0
2026-09-26 08:35:45,0,0,1,0,0,405.59,102,10353.0,0,0
2026-09-26 08:52:03,1,0,1,0,1,2689.18,1,6410.77,0,0
2026-09-26 10:21:17,4,1,1,0,0,45.05,203,32960.85,0,1
2026-09-26 11:06:10,1,0,0,0,0,4.27,81,477.43,0,0
2026-09-26 12:36:44,0,0,0,0,0,25.15,150,1653.68,0,0
2026-09-26 12:44:03,1,0,0,1,0,43.31,206,12333.83,0,0
2026-09-26 14:20:27,0,0,0,0,1,4837.85,108,29225.13,0,0
2026-09-26 15:27:32,1,0,0,0,0,219.53,23,7723.5,0,0
2026-09-26 16:01:45,2,1,1,1,1,32.64,210,34242.53,0,0
2026-09-26 16:19:13,1,0,0,0,0,436.05,147,1042.27,0,0
2026-09-26 16:37:41,3,0,0,0,0,29.72,27,6471.9,0,0
2026-09-26 16:57:47,2,0,0,0,0,149.33,18,18876.02,0,0
2026-09-26 18:26:01,1,0,0,0,0,12.4,182,8573.27,0,0
2026-09-26 19:55:44,0,0,1,1,1,373.3,145,3950.55,0,0
2026-09-26 21:04:53,3,1,1,0,0,70.41,183,10880.65,0,0
2026-09-26 22:01:50,5,0,0,0,0,121.61,90,9399.75,0,0
2026-09-26 23:24:56,0,1,1,0,1,635.59,158,12196.63,0,0
2026-09-26 23:49:44,0,0,1,0,1,3098.37,226,8876.78,0,0
2026-09-27 01:11:59,0,0,0,0,0,281.67,208,22498.3,0,0
2026-09-27 01:59:06,2,0,0,0,0,13.08,53,10033.93,0,0
2026-09-27 02:32:03,2,1,1,0,1,1901.79,81,925.88,0,0
2026-09-27 03:30:22,0,0,0,0,0,14.15,138,2061.77,0,0
2026-09-27 03:54:26,3,0,0,0,0,41.67,94,4450.65,0,0
2026-09-27 05:18:21,0,0,0,0,0,171.24,158,353.42,0,0
2026-09-27 05:54:47,2,0,0,0,0,41.0,26,7828.72,0,0
2026-09-27 06:07:56,0,0,0,0,0,237.94,199,6746.22,0,0
2026-09-27 07:02:55,0,0,0,0,0,53.01,197,18644.12,0,0
2026-09-27 08:05:25,0,0,1,1,0,37.08,21,5765.82,0,0
2026-09-27 08:18:26,0,0,0,0,0,452.11,56,63929.75,0,0
2026-09-27 09:57:38,1,1,1,1,0,58.25,8,28185.55,0,0
2026-09-27 10:06:41,1,1,1,0,0,135.08,157,16684.42,0,0
2026-09-27 10:13:47,0,0,0,0,0,91.49,160,9693.08,0,0
2026-09-27 10:19:29,0,0,0,0,0,22.63,192,17951.87,0,0
2026-09-27 12:00:56,0,0,0,0,0,69.38,216,10310.72,0,0
2026-09-27 12:01:16,2,0,0,0,0,8.06,172,15331.72,0,0
2026-09-27 12:33:26,2,0,0,0,0,123.36,195,66183.7,0,0
2026-09-27 12:36:18,0,0,0,1,0,73.18,56,257.87,0,0
2026-09-27 13:20:43,1,0,0,0,0,13.05,245,6989.23,0,0
2026-09-27 14:02:44,0,0,0,0,0,145.57,97,24722.55,0,0
2026-09-27 14:09:26,4,0,1,0,1,2448.77,68,5011.87,0,0
2026-09-27 14:52:59,4,0,0,0,0,132.36,139,19947.23,0,0
2026-09-27 15:37:41,1,0,0,0,0,39.91,92,31576.7,0,0
2026-09-27 17:20:34,4,0,0,0,0,128.43,165,3367.67,0,0
2026-09-27 18:11:01,3,0,0,0,0,86.21,136,10427.18,0,0
2026-09-27 19:58:31,3,0,0,0,0,78.5,186,5690.45,0,0
2026-09-27 21:03:16,1,0,0,0,0,104.62,130,25828.2,0,0
2026-09-27 21:26:56,0,0,0,0,0,99.45,6,4085.08,0,0
2026-09-27 22:32:31,0,0,0,1,0,160.52,160,738.73,0,0
2026-09-27 23:57:30,0,0,0,0,0,426.76,100,6611.02,0,0
2026-09-27 23:58:06,1,0,0,0,0,129.56,147,1898.88,0,0
2026-09-28 00:35:17,0,0,0,0,0,58.3,107,33666.87,0,0
2026-09-28 02:03:57,0,0,0,0,0,61.93,233,26946.82,0,0
2026-09-28 02:50:16,0,0,0,0,0,2.97,101,8691.28,0,1
2026-09-28 03:21:33,0,0,0,0,0,17.42,146,5251.38,0,0
2026-09-28 03:33:50,1,0,0,0,0,25.9,99,16569.38,0,0
2026-09-28 04:01:25,4,0,0,0,0,463.83,89,17422.02,0,0
2026-09-28 04:35:20,2,0,0,1,1,2160.17,168,12063.52,0,1
2026-09-28 06:07:25,1,0,0,0,0,15.26,60,15196.08,0,0
2026-09-28 08:14:46,1,0,0,0,0,68.99,230,9498.6,0,0
2026-09-28 08:25:34,0,0,0,0,0,24.02,168,230.23,0,0
2026-09-28 11:07:24,0,0,0,0,0,35.33,209,34841.67,0,0
2026-09-28 12:04:20,4,0,0,0,0,92.78,66,23070.82,0,0
2026-09-28 13:47:26,0,0,0,0,0,91.39,150,2950.7,0,0
2026-09-28 14:04:33,0,0,0,0,0,205.42,37,11521.22,0,0
2026-09-28 15:28:06,2,0,0,0,0,17.98,110,5286.67,0,0
2026-09-28 15:36:19,0,0,0,0,0,68.8,33,16291.37,0,0
2026-09-28 15:36:20,0,0,0,1,0,91.34,20,15604.3,0,0
2026-09-28 16:05:03,0,0,0,0,0,266.6,168,459.48,0,0
2026-09-28 16:24:52,0,1,1,0,0,72.65,249,5101.0,0,0
2026-09-28 16:39:10,0,0,0,0,0,41.65,140,29984.38,0,0
2026-09-28 16:54:29,0,0,0,0,0,34.55,49,46532.35,0,0
2026-09-28 18:17:55,1,1,1,0,0,24.35,162,14287.32,0,0
2026-09-28 18:31:44,3,0,1,0,1,4919.84,99,897.9,0,1
2026-09-28 19:05:27,0,0,0,0,0,92.37,103,12674.42,0,0
2026-09-28 19:56:31,3,1,1,1,0,36.17,181,5431.83,0,1
2026-09-28 20:04:39,0,0,0,0,0,136.69,60,837.23,0,0
2026-09-28 22:14:16,0,0,1,1,0,34.15,66,609.93,0,0
2026-09-28 23:57:30,0,0,0,0,0,70.09,28,10109.08,0,0
2026-09-29 01:02:09,1,1,1,0,0,2.63,211,16139.55,0,0
2026-09-29 01:44:09,0,0,0,1,0,187.45,184,48466.12,0,0
2026-09-29 02:41:10,1,0,1,0,0,313.62,180,4314.93,0,0
2026-09-29 02:51:19,2,1,1,0,0,200.81,11,20136.12,0,0
2026-09-29 03:52:39,1,0,0,0,0,18.77,171,10571.48,0,0
2026-09-29 03:52:50,1,0,0,1,0,174.45,176,8974.67,0,0
2026-09-29 04:12:42,5,0,0,0,0,42.62,186,1934.18,0,0
2026-09-29 04:52:50,0,0,0,0,0,275.33,185,27285.07,0,0
2026-09-29 05:07:19,0,0,0,0,0,35.54,142,24570.77,0,0
2026-09-29 07:45:04,2,0,0,0,0,9.37,230,1410.3,0,0
2026-09-29 07:56:25,1,0,0,0,0,191.68,88,9225.48,0,0
2026-09-29 08:03:35,0,1,0,0,0,12.4,250,17851.52,0,0
2026-09-29 08:07:51,0,0,0,0,0,77.97,182,3701.83,0,0
2026-09-29 08:13:17,0,0,1,0,0,47.15,130,2110.02,0,0
2026-09-29 09:31:14,0,1,1,1,1,2121.14,42,16336.37,0,0
2026-09-29 09:34:04,0,0,0,0,0,138.19,248,28148.27,0,0
2026-09-29 10:16:48,4,0,0,0,0,149.67,135,7649.18,0,0
2026-09-29 10:27:47,2,0,0,0,0,6.54,244,22958.52,0,0
2026-09-29 12:12:30,0,0,0,0,0,195.46,102,4536.75,0,0
2026-09-29 12:54:11,1,0,0,0,0,62.8,137,31647.12,0,0
2026-09-29 13:32:37,4,0,0,0,0,24.74,33,1316.3,0,0
2026-09-29 14:03:00,0,0,0,1,0,35.51,91,7733.5,0,0
2026-09-29 14:32:54,0,0,0,0,0,233.04,121,11747.9,0,0
2026-09-29 14:38:57,1,0,0,0,0,0.6,250,395.37,0,0
2026-09-29 15:03:45,2,0,0,0,0,161.81,68,2934.32,0,0
2026-09-29 16:08:42,0,0,0,1,1,3864.14,192,3229.22,0,0
2026-09-29 17:33:15,7,1,1,1,0,28.78,97,3090.52,0,0
2026-09-29 18:11:48,0,0,0,0,0,172.6,191,12419.62,0,0
2026-09-29 18:24:35,0,1,1,0,0,17.57,136,2893.57,0,0
2026-09-29 19:04:12,0,0,0,0,0,1.64,59,6455.62,0,0
2026-09-29 19:23:07,0,0,0,0,0,92.78,104,19552.33,0,0
2026-09-29 20:12:10,2,0,1,0,1,1558.55,137,437.98,0,1
2026-09-29 20:23:41,5,0,0,0,0,16.27,140,1664.52,0,0
2026-09-29 21:04:46,0,0,1,1,0,71.84,58,5994.75,0,0
2026-09-29 23:22:04,5,1,1,0,1,730.4,49,1827.58,0,0
2026-09-29 23:27:31,3,0,1,0,0,7.93,44,10642.93,0,0
2026-09-29 23:35:06,0,0,0,0,0,70.88,139,3402.12,0,0
2026-09-30 00:03:07,1,0,0,0,0,87.98,144,11378.12,0,1
2026-09-30 01:29:02,0,0,0,0,0,24.48,66,1634.77,0,0
2026-09-30 01:53:55,1,0,0,0,0,134.62,111,6967.33,0,0
2026-09-30 01:58:49,0,0,1,1,1,113.06,166,13036.22,0,0
2026-09-30 02:01:42,1,0,0,1,0,80.07,171,1329.05,0,0
2026-09-30 02:14:42,0,0,0,0,0,36.15,101,2844.43,0,0
2026-09-30 03:05:30,3,1,0,0,0,57.28,110,2137.4,0,0
2026-09-30 04:55:02,3,0,0,1,0,223.94,112,17396.8,0,1
2026-09-30 04:58:35,0,0,0,0,0,110.85,195,3865.15,0,0
2026-09-30 06:42:37,0,0,0,0,0,16.12,99,2170.88,0,0
2026-09-30 08:10:24,0,0,0,0,0,217.42,239,48235.4,0,0
2026-09-30 09:06:06,1,0,0,0,0,46.65,73,21332.17,0,0
2026-09-30 09:24:26,0,0,0,0,0,41.75,241,7804.35,0,0
2026-09-30 09:45:15,1,0,0,0,0,69.62,187,14366.3,0,0
2026-09-30 09:55:07,0,0,0,0,0,22.98,228,14690.77,0,0
2026-09-30 09:56:39,0,0,0,0,0,245.62,135,1419.85,0,0
2026-09-30 10:06:47,0,0,1,1,0,63.09,245,4126.07,0,1
2026-09-30 10:42:22,0,0,1,0,0,50.06,121,1209.47,0,1
2026-09-30 12:01:42,2,0,1,0,0,18.75,154,34351.18,0,0
2026-09-30 12:08:51,6,0,0,0,0,162.29,204,7599.82,0,0
2026-09-30 12:12:24,0,0,0,0,1,4581.17,208,4980.42,0,0
2026-09-30 12:17:31,1,1,1,1,0,203.71,159,29793.1,0,0
2026-09-30 12:56:09,0,0,0,0,0,17.61,152,7172.95,0,0
2026-09-30 12:56:17,1,0,0,0,0,139.28,193,6247.68,0,0
2026-09-30 14:26:58,0,0,1,0,0,22.84,184,2202.82,0,0
2026-09-30 15:15:35,1,0,1,0,0,3.96,63,36179.23,0,0
2026-09-30 15:21:48,5,0,0,0,0,66.26,154,200.1,0,0
2026-09-30 18:15:45,0,1,1,0,0,110.98,58,1270.98,0,0
2026-09-30 18:17:04,2,0,1,0,0,13.27,27,5859.38,0,0
2026-09-30 18:36:49,0,0,1,0,0,93.02,69,25390.22,0,0
2026-09-30 19:09:42,0,0,0,0,0,185.56,38,8443.78,0,0
2026-09-30 23:10:56,0,0,0,0,0,23.45,47,23583.62,0,0
2026-10-01 01:11:32,0,0,0,0,0,55.82,241,947.1,0,0
2026-10-01 01:11:41,0,0,0,0,0,69.08,240,11994.0,0,0
2026-10-01 01:17:08,0,0,0,0,0,177.91,123,6792.63,0,0
2026-10-01 01:41:36,0,0,0,1,0,147.57,219,36314.62,0,0
2026-10-01 01:49:01,0,0,0,0,0,146.68,21,5383.6,0,0
2026-10-01 03:24:31,1,0,0,0,0,113.64,79,13370.75,0,0
2026-10-01 03:29:43,4,0,1,0,0,96.18,244,2461.93,0,1
2026-10-01 04:21:43,0,0,0,0,0,71.11,140,1918.03,0,0
2026-10-01 04:53:11,0,0,0,0,0,46.14,125,23811.98,0,0
2026-10-01 06:57:28,0,0,0,0,0,72.0,75,15334.07,0,0
2026-10-01 07:09:11,3,1,1,1,0,192.22,25,23137.53,0,0
2026-10-01 07:37:29,1,0,1,0,1,1268.01,196,13223.97,0,1
2026-10-01 08:41:56,0,0,0,0,0,424.09,109,26573.67,0,0
2026-10-01 09:00:01,0,0,0,1,0,15.38,86,10454.08,0,0
2026-10-01 09:19:08,0,0,0,0,0,58.19,122,32763.73,0,0
2026-10-01 10:09:15,0,0,1,0,0,22.35,171,1927.55,0,0
2026-10-01 10:26:31,5,0,0,0,0,45.43,179,27958.25,0,0
2026-10-01 10:58:22,4,0,1,1,0,155.95,219,556.77,0,0
2026-10-01 11:15:45,0,0,0,0,0,174.17,89,4754.33,0,0
2026-10-01 11:20:23,1,0,0,0,0,3.22,24,12107.02,0,0
2026-10-01 12:11:34,0,0,1,1,1,4598.25,9,16642.65,0,0
2026-10-01 12:21:09,0,0,0,0,0,205.47,106,18212.5,0,0
2026-10-01 13:40:32,3,0,0,0,0,235.36,22,18169.45,0,0
2026-10-01 13:48:34,1,0,0,0,0,47.29,27,1171.5,0,0
2026-10-01 13:53:42,0,0,0,0,0,68.71,61,9933.47,0,0
2026-10-01 14:49:58,0,0,0,0,0,18.45,88,3293.55,0,0
2026-10-01 15:09:23,3,0,0,0,0,50.56,65,41925.37,0,0
2026-10-01 15:11:40,1,0,0,0,0,13.48,65,2.28,0,0
2026-10-01 15:45:00,0,0,0,0,0,198.99,142,3517.68,0,0
2026-10-01 15:51:56,0,0,0,1,1,1305.29,240,880.25,0,0
2026-10-01 16:40:05,0,0,1,0,0,14.62,234,31201.57,0,0
2026-10-01 17:06:30,5,0,0,0,0,211.25,93,23786.1,0,0
2026-10-01 19:09:50,1,0,0,0,0,8.38,20,4533.5,0,0
2026-10-01 19:23:07,0,0,0,1,0,261.66,97,2989.87,0,0
2026-10-01 20:12:23,1,0,0,0,0,11.18,173,13506.95,0,0
2026-10-01 21:22:36,2,0,0,0,0,126.58,167,8067.48,0,0
2026-10-01 21:44:36,0,0,0,1,1,1554.75,84,33232.88,0,0
2026-10-01 22:25:25,0,0,0,1,0,152.65,241,1273.88,0,0
2026-10-01 22:49:56,1,0,1,0,1,1247.82,81,6977.88,0,0
2026-10-02 00:10:28,1,0,0,0,0,43.07,158,6892.12,0,0
2026-10-02 00:27:42,2,0,0,1,0,32.08,205,59001.38,0,0
2026-10-02 02:04:12,4,0,0,0,0,290.9,214,19867.05,0,0
2026-10-02 02:42:13,0,0,0,0,0,58.21,192,3513.52,0,0
2026-10-02 02:49:47,0,0,1,1,1,2769.58,102,3757.28,0,0
2026-10-02 03:22:27,5,0,0,0,0,128.39,102,32.67,0,0
2026-10-02 04:17:51,0,0,0,0,0,106.75,73,2591.75,0,0
2026-10-02 04:34:56,1,0,0,0,0,352.71,92,6537.25,0,0
2026-10-02 05:11:52,1,0,0,0,0,83.34,23,8024.33,0,0
2026-10-02 06:52:50,1,0,0,0,0,132.06,151,13892.65,0,0
2026-10-02 07:23:08,0,1,1,1,0,189.49,32,30652.85,0,0
2026-10-02 07:23:17,2,0,0,0,0,4.71,81,513.35,0,0
2026-10-02 08:26:23,3,0,0,0,0,560.16,40,25680.97,0,0
2026-10-02 08:47:36,1,0,0,0,0,30.4,166,3288.78,0,0
2026-10-02 09:01:43,0,0,0,0,0,121.24,62,59367.73,0,0
2026-10-02 10:34:06,0,1,1,0,0,307.08,43,14791.93,0,0
2026-10-02 10:50:42,0,0,1,0,0,144.03,220,22755.6,0,0
2026-10-02 12:08:55,0,0,0,0,0,26.09,85,13563.33,0,0
2026-10-02 12:31:03,0,0,0,0,0,44.99,54,21151.55,0,0
2026-10-02 15:32:10,5,0,0,0,0,53.47,237,25690.28,0,0
2026-10-02 17:39:48,2,0,0,0,0,88.27,41,34142.73,0,0
2026-10-02 17:42:41,1,0,0,0,0,92.37,52,23579.03,0,0
2026-10-02 17:49:10,1,0,0,0,0,155.07,183,8444.28,0,0
2026-10-02 18:03:19,0,0,0,0,0,196.38,94,8048.88,0,0
2026-10-02 18:50:19,6,0,1,0,0,9.38,173,1357.93,0,0
2026-10-02 20:30:15,0,0,1,0,1,478.57,211,5488.1,0,0
2026-10-02 22:52:33,0,0,0,0,0,42.11,174,16083.88,0,0
2026-10-02 23:04:27,0,0,1,0,1,20.18,178,13321.82,0,0
2026-10-02 23:09:16,3,0,0,0,1,810.86,179,2202.75,0,0
2026-10-02 23:23:07,4,0,0,0,0,44.44,215,27363.78,0,0
2026-10-03 00:25:13,0,0,0,0,0,74.53,70,17787.38,0,0
2026-10-03 01:03:31,4,0,1,0,0,10.56,147,7265.42,0,0
2026-10-03 01:58:11,0,0,0,0,0,53.44,68,4974.43,0,0
2026-10-03 02:01:58,0,1,1,1,0,90.99,49,4479.9,0,0
2026-10-03 03:52:42,3,1,1,1,1,2443.05,23,1360.83,0,1
2026-10-03 04:34:20,3,0,0,0,0,145.44,133,14656.6,0,0
2026-10-03 06:34:30,1,0,0,0,0,51.9,192,1672.28,0,0
2026-10-03 07:10:58,1,0,0,0,0,49.35,33,5378.35,0,1
2026-10-03 07:35:47,3,1,1,0,0,3.82,76,13759.75,0,0
2026-10-03 08:48:47,2,0,0,0,0,8.63,228,4253.67,0,0
2026-10-03 09:00:48,4,0,0,0,0,205.89,59,5156.6,0,0
2026-10-03 09:36:59,1,0,0,0,0,163.93,52,954.3,0,0
2026-10-03 09:55:39,6,0,0,0,0,2.13,93,2449.15,0,0
2026-10-03 10:10:47,7,0,0,0,0,214.28,206,9926.73,0,0
2026-10-03 10:36:44,0,0,0,0,0,95.16,7,41596.33,0,0
2026-10-03 12:45:38,3,0,1,0,1,2428.62,43,1571.53,0,0
2026-10-03 13:37:41,0,0,1,0,0,69.82,48,30167.15,0,0
2026-10-03 13:38:19,0,1,0,0,0,16.33,118,41137.17,0,0
2026-10-03 14:51:34,1,1,1,0,0,44.14,170,19322.57,0,0
2026-10-03 15:11:05,0,0,0,1,0,59.79,250,5792.13,0,0
2026-10-03 17:20:25,1,0,0,0,0,140.21,190,15458.78,0,0
2026-10-03 18:39:02,3,0,0,0,0,167.5,20,2849.2,0,0
2026-10-03 20:33:20,0,0,0,0,0,135.27,239,5062.93,0,0
2026-10-03 20:36:49,0,0,1,1,0,64.75,37,7592.27,0,0
2026-10-03 20:53:57,5,0,0,0,0,108.98,206,643.17,0,0
2026-10-03 22:23:46,0,0,0,0,0,35.03,226,9994.03,0,0
2026-10-03 22:40:16,0,0,0,1,0,440.65,247,33233.1,0,0
2026-10-03 22:46:02,0,0,0,0,0,18.42,41,1746.23,0,0
2026-10-03 23:42:17,1,0,0,0,0,128.59,169,24747.33,0,0
2026-10-03 23:55:47,1,0,1,0,0,16.83,87,13070.1,0,0
2026-10-04 00:02:33,3,0,0,0,0,32.97,231,25188.63,0,0
2026-10-04 00:58:31,0,0,0,0,0,138.16,232,46357.32,0,1
2026-10-04 01:13:11,3,0,0,0,0,130.61,133,1238.85,0,1
2026-10-04 01:13:11,1,0,0,0,0,13.3,161,15214.82,0,0
2026-10-04 01:54:18,0,1,1,0,0,113.49,176,7081.47,0,0
2026-10-04 03:32:01,1,0,0,0,0,22.8,172,9570.75,0,0
2026-10-04 03:35:38,2,0,0,0,0,361.05,202,36670.22,0,0
2026-10-04 04:12:31,1,0,0,0,0,92.39,10,12371.3,0,0
2026-10-04 04:13:00,0,0,0,0,0,0.35,189,35605.93,0,0
2026-10-04 05:16:22,0,0,0,1,0,23.38,11,7345.05,0,0
2026-10-04 05:38:14,0,0,1,0,1,391.28,58,5002.48,0,0
2026-10-04 06:56:32,0,0,0,0,0,28.38,211,2066.28,0,0
2026-10-04 07:44:13,1,0,0,0,0,81.44,179,1954.95,0,0
2026-10-04 07:44:41,0,0,1,0,0,23.02,227,19267.28,0,0
2026-10-04 08:15:33,2,0,1,0,0,53.24,143,37690.25,0,1
2026-10-04 08:34:28,0,0,0,1,0,19.03,219,4176.1,0,0
2026-10-04 09:27:56,0,0,1,0,0,109.93,5,12434.63,0,0
2026-10-04 11:35:44,1,0,1,1,1,1261.45,240,4063.8,0,0
2026-10-04 11:36:09,0,0,1,0,0,99.07,109,4494.22,0,0
2026-10-04 12:59:48,4,0,0,0,0,342.37,61,4266.1,0,0
2026-10-04 14:45:29,0,0,0,0,0,50.97,141,15916.98,0,0
2026-10-04 15:09:29,0,0,0,0,0,24.27,45,18464.6,0,0
2026-10-04 16:22:42,3,0,0,0,0,670.15,23,2190.0,0,0
2026-10-04 16:54:06,1,0,1,0,1,89.74,16,18263.72,0,0
2026-10-04 17:45:47,0,0,0,1,0,166.26,249,8720.92,0,0
2026-10-04 18:15:13,0,0,0,0,0,17.69,36,13974.12,0,0
2026-10-04 19:19:56,2,0,0,0,0,109.3,248,7785.87,0,0
2026-10-04 19:33:16,6,0,1,0,0,64.21,138,11042.9,0,0
2026-10-04 19:37:41,4,0,0,1,0,182.65,118,1799.37,0,0
2026-10-04 19:53:18,0,0,0,0,0,131.34,96,12371.42,0,0
2026-10-04 20:47:09,7,0,1,0,0,18.91,45,337.67,0,1
2026-10-04 22:12:44,0,0,1,1,1,1641.53,131,23409.33,0,0
2026-10-04 22:33:42,0,1,1,0,0,24.47,106,4932.55,0,0
2026-10-04 23:29:44,3,0,0,1,1,278.18,165,10449.17,0,0
2026-10-05 00:13:42,0,0,0,0,0,8.79,8,10936.07,0,1
2026-10-05 00:34:52,0,0,0,0,0,12.07,1,12462.82,0,0
2026-10-05 02:58:12,0,0,0,0,0,121.7,211,1201.67,0,0
2026-10-05 03:32:58,0,0,0,0,0,484.36,72,32163.35,0,0
2026-10-05 04:14:13,2,0,0,0,0,112.64,215,3171.1,0,1
2026-10-05 06:06:01,1,0,0,0,0,123.26,193,6789.73,0,0
2026-10-05 09:04:14,0,0,0,0,0,152.65,30,17278.35,0,0
2026-10-05 10:19:43,1,0,0,0,0,219.83,108,12719.27,0,0
2026-10-05 12:36:43,4,0,0,0,0,31.16,196,6059.23,0,0
2026-10-05 13:30:28,3,0,0,0,0,92.77,127,16466.8,0,0
2026-10-05 14:40:03,0,0,0,0,0,24.42,213,16568.22,0,0
2026-10-05 15:26:35,7,0,0,1,0,74.58,124,36211.98,0,0
2026-10-05 16:23:51,2,1,1,0,0,23.4,85,4574.93,0,0
2026-10-05 16:29:14,0,0,0,1,1,99.22,165,1019.5,0,0
2026-10-05 18:16:08,0,0,1,1,0,9.24,84,5551.53,0,0
2026-10-05 19:26:49,0,0,0,0,0,374.24,28,9809.32,0,0
2026-10-05 19:43:21,2,0,0,0,0,0.6,89,6267.6,0,0
2026-10-05 20:09:37,0,0,0,0,0,117.17,97,5806.5,0,0
2026-10-05 20:20:56,1,0,0,1,0,218.31,183,4471.77,0,0
2026-10-05 20:24:15,0,1,1,1,1,750.58,62,5002.53,0,1
2026-10-05 21:17:08,4,0,0,1,0,123.14,15,68207.17,0,0
2026-10-05 22:13:10,0,0,0,1,1,643.61,97,123.55,0,0
2026-10-05 22:31:50,4,0,0,0,0,75.28,195,8253.25,0,0
2026-10-05 22:42:06,5,0,0,0,0,274.42,128,14609.23,0,0
2026-10-05 22:57:21,0,0,0,0,0,4.33,144,8574.23,0,0
2026-10-05 23:42:43,0,0,0,0,0,31.08,171,6573.47,0,0
2026-10-06 00:07:43,0,0,0,0,0,11.2,111,8533.8,0,0
2026-10-06 02:23:05,4,0,0,0,0,68.5,128,220.98,0,0
2026-10-06 04:39:22,1,0,0,0,0,147.18,90,13357.53,0,0
2026-10-06 06:36:16,0,0,0,0,0,375.5,93,4120.62,0,0
2026-10-06 07:10:23,0,0,0,0,0,16.89,149,57596.62,0,0
2026-10-06 08:59:00,0,0,0,0,0,4.49,95,32814.88,0,0
2026-10-06 11:56:09,5,0,1,0,0,14.89,96,2402.85,0,0
2026-10-06 12:55:54,1,0,0,0,0,346.58,72,2002.93,0,0
2026-10-06 13:52:12,3,0,0,0,0,38.59,43,4386.57,0,0
2026-10-06 14:22:04,0,0,0,0,0,31.08,7,4545.33,0,0
2026-10-06 15:16:47,0,0,0,0,0,132.83,135,8960.13,0,0
2026-10-06 16:01:51,6,0,1,0,0,12.86,53,13802.75,0,0
2026-10-06 17:03:34,0,0,0,0,0,42.94,186,10850.87,0,0
2026-10-06 17:13:36,5,0,0,0,0,15.64,119,32638.2,0,0
2026-10-06 18:55:24,0,0,0,0,0,366.21,220,6244.7,0,0
2026-10-06 19:49:43,0,0,1,0,1,503.47,234,7389.63,0,0
2026-10-06 19:57:30,1,0,1,0,0,31.36,147,5453.98,0,0
2026-10-06 20:24:12,7,0,0,0,0,100.62,27,7595.63,0,0
2026-10-06 20:30:46,6,1,1,1,0,1.68,148,37862.5,0,0
2026-10-06 20:39:35,0,0,0,0,0,106.0,100,12762.08,0,0
2026-10-06 21:00:35,0,1,1,0,0,60.49,110,9715.08,0,0
2026-10-06 21:36:20,1,1,0,0,0,20.35,159,9198.82,0,0
2026-10-06 22:38:30,1,0,0,0,0,66.62,2,93781.42,0,0
2026-10-06 22:43:13,2,0,0,0,0,689.61,213,1923.17,0,0
2026-10-06 22:50:38,0,0,0,0,0,182.51,189,3997.63,0,0
2026-10-06 23:27:30,5,0,0,0,0,365.6,233,12803.55,0,0
2026-10-07 00:31:48,1,0,1,0,0,260.45,98,34088.9,0,0
2026-10-07 02:11:58,3,0,1,1,0,171.71,59,5351.17,0,0
2026-10-07 02:35:10,1,0,0,0,0,40.76,159,298.83,0,0
2026-10-07 02:38:31,0,0,0,0,0,130.91,241,7453.1,0,0
2026-10-07 04:15:44,6,0,0,1,0,49.68,74,39693.13,0,0
2026-10-07 05:02:58,1,0,1,0,0,56.13,56,13946.67,0,0
2026-10-07 05:21:45,3,0,0,0,0,206.67,197,14298.83,0,1
2026-10-07 05:49:45,5,0,0,0,0,22.96,164,18880.52,0,0
2026-10-07 07:41:17,1,0,1,0,1,527.73,158,7650.82,0,0
2026-10-07 08:27:58,1,0,0,1,0,266.64,115,21749.17,0,0
2026-10-07 08:33:37,0,0,0,0,0,120.26,23,3850.92,0,0
2026-10-07 08:41:15,0,0,0,0,0,6.71,39,55623.3,0,0
2026-10-07 09:41:36,0,0,0,0,0,12.97,73,7523.75,0,0
2026-10-07 10:00:02,0,0,0,0,0,86.64,84,2383.9,0,0
2026-10-07 10:05:48,0,0,0,0,0,160.32,99,10283.18,0,0
2026-10-07 10:20:40,0,0,0,0,0,157.41,70,6355.45,0,0
2026-10-07 10:54:40,0,0,1,0,0,55.33,128,1951.58,0,0
2026-10-07 11:24:10,0,0,1,0,1,448.64,118,3826.48,0,0
2026-10-07 11:35:47,0,0,0,0,0,154.98,165,2586.55,0,0
2026-10-07 12:20:17,0,0,0,0,0,288.36,109,4364.13,0,0
2026-10-07 12:29:32,1,0,0,0,0,58.72,109,9.25,0,0
2026-10-07 12:29:48,1,0,1,0,1,221.49,194,23503.95,0,0
2026-10-07 12:50:08,0,0,0,0,0,94.09,59,638.17,0,0
2026-10-07 12:50:42,1,0,0,0,0,7.43,82,21144.92,0,0
2026-10-07 14:53:39,3,0,1,0,0,94.55,197,571.9,0,0
2026-10-07 15:44:10,0,1,1,0,0,18.99,14,40980.52,0,0
2026-10-07 16:02:29,1,0,1,0,0,72.56,83,19089.23,0,0
2026-10-07 17:04:20,5,0,0,0,0,98.21,51,22928.63,0,0
2026-10-07 18:58:01,3,0,1,0,0,59.19,109,388.48,0,0
2026-10-07 19:50:55,0,0,1,0,0,175.62,138,4337.65,0,0
2026-10-07 20:39:07,1,0,0,0,0,46.95,248,4399.18,0,0
2026-10-07 23:30:39,0,0,0,0,1,252.69,177,17588.42,0,0
2026-10-08 00:16:01,1,0,1,0,0,62.34,181,13219.5,0,0
2026-10-08 00:51:30,7,0,0,0,0,331.15,53,1969.65,0,0
2026-10-08 01:28:41,1,1,1,0,0,212.18,96,2252.53,0,0
2026-10-08 01:48:25,4,0,0,0,0,37.26,89,3245.07,0,0
2026-10-08 03:11:19,0,0,0,0,0,27.8,174,7458.77,0,0
2026-10-08 04:51:56,7,0,0,0,0,66.03,225,19707.35,0,0
2026-10-08 05:08:32,1,0,0,0,0,106.47,187,11243.28,0,0
2026-10-08 05:12:29,0,0,0,0,0,261.35,65,9480.82,0,0
2026-10-08 06:21:49,1,0,0,0,0,95.02,99,1216.02,0,0
2026-10-08 06:45:19,0,1,1,1,1,2712.9,54,8294.27,0,1
2026-10-08 07:07:45,0,0,0,0,0,119.1,121,11305.38,0,0
2026-10-08 07:42:06,3,0,1,1,0,10.71,58,5883.87,0,0
2026-10-08 09:33:30,0,0,0,0,0,222.36,167,9370.9,0,0
2026-10-08 10:47:55,2,0,1,0,0,22.26,91,12764.92,0,0
2026-10-08 11:58:54,0,0,1,1,1,685.09,74,1903.17,0,1
2026-10-08 14:03:09,0,0,0,0,0,183.42,57,23387.33,0,0
2026-10-08 14:14:03,6,0,0,0,0,387.34,98,2262.25,0,0
2026-10-08 14:31:04,0,0,0,0,0,37.2,197,1417.42,0,0
2026-10-08 14:44:42,1,0,0,0,0,48.32,207,20585.22,0,0
2026-10-08 15:09:20,1,0,0,0,0,66.48,97,3896.17,0,0
2026-10-08 16:25:31,1,0,0,0,0,68.91,152,11729.37,0,0
2026-10-08 18:03:52,4,0,0,0,0,138.78,179,6379.65,0,0
2026-10-08 20:56:56,1,0,0,0,0,169.89,87,7021.15,0,0
2026-10-08 21:59:47,0,0,0,0,0,471.45,126,19821.52,0,0
2026-10-08 22:38:23,3,0,0,0,0,163.08,1,5643.52,0,0
2026-10-08 23:30:28,0,0,0,0,0,35.64,206,7356.52,0,0
2026-10-09 00:45:04,1,0,1,1,0,44.34,220,3229.67,0,0
2026-10-09 04:36:06,5,0,0,0,0,96.25,230,14211.03,0,0
2026-10-09 04:37:32,1,0,0,0,0,116.04,237,9425.37,0,0
2026-10-09 08:39:27,3,0,0,0,0,9.43,11,7403.08,0,0
2026-10-09 09:59:41,1,0,0,0,0,42.11,73,2898.08,0,0
2026-10-09 11:15:30,3,0,0,0,0,22.65,213,3632.28,0,0
2026-10-09 11:29:11,5,0,1,1,1,1063.46,71,47928.83,0,1
2026-10-09 12:58:17,0,0,0,1,1,277.14,71,89.1,0,0
2026-10-09 14:06:45,0,0,0,0,0,86.93,120,24496.5,0,0
2026-10-09 14:23:11,0,1,0,0,0,62.98,91,1655.27,0,0
2026-10-09 14:42:55,2,0,1,0,0,51.74,221,23684.88,0,0
2026-10-09 15:27:51,0,0,1,0,0,104.68,75,12030.38,0,0
2026-10-09 15:34:36,0,0,0,0,0,53.84,133,8061.42,0,0
2026-10-09 15:43:09,0,0,0,0,0,50.96,107,16747.87,0,0
2026-10-09 15:44:21,6,0,0,0,0,105.3,187,2075.82,0,0
2026-10-09 15:49:34,1,0,1,0,0,5.9,12,22809.75,0,0
2026-10-09 16:56:16,0,0,0,0,0,56.65,91,153.08,0,0
2026-10-09 17:18:29,0,0,0,0,0,21.74,180,15277.32,0,0
2026-10-09 18:42:34,0,0,0,0,0,3.93,65,2250.08,0,0
2026-10-09 20:54:48,0,0,0,0,0,3.53,136,14550.22,0,0
2026-10-09 21:31:45,0,1,1,0,1,275.2,54,2326.43,0,0
2026-10-09 21:49:27,4,0,1,0,0,56.91,161,8436.27,0,0
2026-10-09 22:51:47,7,0,0,0,0,83.63,101,14197.08,0,0
2026-10-09 23:19:35,0,0,0,0,0,158.91,170,9148.02,0,0
2026-10-09 23:45:41,0,0,1,0,0,93.57,194,3555.88,0,0
2026-10-10 00:09:49,0,0,0,0,0,73.41,246,33068.47,0,1
2026-10-10 01:53:14,0,0,1,1,0,3.7,97,2083.9,0,0
2026-10-10 02:19:35,0,0,0,0,0,35.37,68,10101.4,0,0
2026-10-10 02:47:22,0,0,0,0,0,117.85,35,45578.87,0,0
2026-10-10 03:20:16,0,0,0,1,1,473.12,150,16652.83,0,0
2026-10-10 04:04:18,2,0,1,1,0,90.22,39,4043.05,0,0
2026-10-10 07:08:05,2,0,1,0,0,92.61,5,8500.15,0,0
2026-10-10 13:24:12,1,0,0,0,0,36.4,8,7990.5,0,0
2026-10-10 14:20:30,0,0,1,1,0,84.77,62,6836.25,0,0
2026-10-10 14:48:24,4,0,0,0,0,12.1,227,9063.72,0,0
2026-10-10 15:29:50,6,0,0,0,0,129.82,51,4225.5,0,1
2026-10-10 15:33:39,0,0,0,0,0,2.28,34,26372.28,0,0
2026-10-10 16:24:14,0,0,1,0,0,3.6,41,9698.2,0,0
2026-10-10 17:36:17,1,0,0,0,0,204.22,20,10017.25,0,0
2026-10-10 19:40:42,0,0,0,0,0,86.82,82,4730.0,0,0
2026-10-10 19:59:40,0,0,0,0,0,17.78,103,17334.22,0,0
2026-10-10 20:03:27,1,1,1,0,1,1380.59,155,37418.03,0,0
2026-10-10 21:06:45,1,0,0,0,0,46.18,120,1860.0,0,0
2026-10-10 21:13:34,0,0,1,0,1,471.79,83,4631.08,0,0
2026-10-10 22:05:21,1,0,1,0,1,2501.59,73,2165.67,0,0
2026-10-10 22:45:26,5,0,1,0,0,64.88,84,5085.4,0,0
2026-10-11 01:08:09,0,0,0,0,0,34.74,199,19860.22,0,0
2026-10-11 02:06:12,1,0,0,0,0,287.7,16,9192.1,0,0
2026-10-11 02:41:03,0,0,1,1,0,18.04,78,24261.58,0,1
2026-10-11 02:53:01,0,0,1,0,0,15.32,201,23872.48,0,0
2026-10-11 03:17:11,1,0,1,0,0,10.24,7,6535.12,0,0
2026-10-11 03:42:27,0,0,0,0,0,13.29,149,6992.07,0,0
2026-10-11 04:04:35,0,0,0,0,0,29.14,45,9077.43,0,0
2026-10-11 04:25:51,0,0,1,0,0,119.9,122,14106.72,0,0
2026-10-11 04:28:51,1,0,0,0,1,1671.46,94,12145.53,0,0
2026-10-11 05:48:03,2,0,1,0,0,144.16,206,3257.58,0,0
2026-10-11 08:55:29,0,0,0,0,0,85.7,225,4563.55,0,0
2026-10-11 10:34:55,1,0,1,0,0,67.85,155,871.47,0,0
2026-10-11 11:43:56,0,0,0,0,0,56.54,205,13636.23,0,0
2026-10-11 11:54:44,1,0,1,0,1,3114.89,130,17501.45,0,0
2026-10-11 12:21:10,0,0,0,0,1,631.26,221,2738.25,0,0
2026-10-11 12:40:01,1,1,1,0,1,3331.81,199,691.87,0,0
2026-10-11 15:26:34,7,0,0,0,0,32.23,13,25537.58,0,0
2026-10-11 15:41:40,5,0,1,0,1,256.75,117,47208.83,0,0
2026-10-11 16:19:28,0,0,0,0,0,29.46,207,4414.77,0,0
2026-10-11 16:42:21,4,0,0,0,0,69.12,237,3604.82,0,0
2026-10-11 17:21:40,0,0,0,0,0,260.22,249,10055.88,0,0
2026-10-11 17:43:13,5,0,1,1,1,292.76,147,7065.72,0,0
2026-10-11 18:01:22,0,0,0,0,0,86.73,201,908.35,0,0
2026-10-11 18:53:22,0,0,0,0,0,24.55,106,9859.67,0,0
2026-10-11 19:28:00,0,0,0,0,0,113.21,54,2756.25,0,0
2026-10-11 19:48:05,0,0,1,1,1,938.33,238,53573.0,0,0
2026-10-11 19:57:59,2,0,0,0,0,132.25,186,7374.42,0,0
2026-10-11 20:44:46,5,0,0,0,0,193.87,138,5813.85,0,0
2026-10-11 21:06:28,1,0,0,0,0,40.76,131,10013.73,0,0
2026-10-11 21:16:31,2,1,1,0,0,278.37,145,21680.78,0,0
2026-10-11 21:39:14,2,0,0,0,0,63.19,138,54.47,0,0
2026-10-11 21:56:06,0,0,1,0,1,4138.25,217,35096.12,0,0
2026-10-11 22:04:48,0,0,1,0,1,393.26,43,7692.6,0,0
2026-10-12 00:24:26,0,0,0,0,0,227.39,51,1974.6,0,0
2026-10-12 03:23:16,0,0,1,0,0,40.6,178,13218.82,0,0
2026-10-12 05:01:40,0,0,0,0,0,138.93,1,4703.28,0,0
2026-10-12 05:02:08,0,0,1,0,0,344.77,20,2125.85,0,0
2026-10-12 05:10:24,0,0,1,0,1,3648.39,87,4813.47,0,0
2026-10-12 05:27:43,0,0,0,0,0,62.3,191,17955.92,0,0
2026-10-12 06:15:53,4,0,0,1,0,42.3,115,7067.92,0,0
2026-10-12 06:31:30,0,0,0,0,0,94.84,208,16939.1,0,0
2026-10-12 06:57:42,1,1,1,0,0,122.35,42,18566.47,0,1
2026-10-12 08:23:10,1,0,0,0,0,77.71,54,775.17,0,0
2026-10-12 09:39:10,1,0,1,0,0,188.7,99,5957.35,0,1
2026-10-12 11:23:38,0,0,0,0,0,6.0,57,5600.48,0,0
2026-10-12 13:02:09,0,0,0,0,0,91.54,46,33444.73,0,0
2026-10-12 13:30:22,0,1,1,0,0,74.5,142,15705.37,0,1
2026-10-12 15:47:05,0,0,0,0,0,4.02,76,13451.3,0,0
2026-10-12 16:02:10,0,0,1,0,0,1.28,247,12561.9,0,1
2026-10-12 22:51:36,1,0,0,0,0,93.17,182,19603.75,0,0
2026-10-12 23:57:09,1,0,0,0,0,12.56,132,72987.45,0,0
2026-10-13 00:44:29,1,0,1,1,1,2194.97,100,8884.9,0,0
2026-10-13 04:30:36,0,0,0,0,0,298.08,191,1382.88,0,0
2026-10-13 04:37:22,0,0,0,0,0,19.53,100,232.88,0,0
2026-10-13 06:58:53,3,0,1,0,0,160.23,21,17589.87,0,0
2026-10-13 09:14:31,0,0,1,0,0,89.51,129,39481.35,0,0
2026-10-13 12:30:00,2,0,0,0,0,59.41,60,21145.35,0,0
2026-10-13 12:47:57,2,0,0,0,0,105.07,23,8894.33,0,0
2026-10-13 13:39:21,0,0,0,1,0,162.12,16,3573.15,0,0
2026-10-13 14:46:19,0,0,1,1,1,5292.45,14,8582.15,0,0
2026-10-13 15:43:38,0,0,0,0,0,108.03,105,29321.07,0,0
2026-10-13 15:58:30,0,0,0,0,0,137.41,118,8914.33,0,0
2026-10-13 16:17:31,0,0,0,0,0,93.53,77,25933.1,0,0
2026-10-13 16:29:42,0,0,0,0,0,83.25,130,3154.97,0,0
2026-10-13 18:35:13,0,0,0,0,0,6.7,77,137.7,0,0
2026-10-13 18:48:56,1,0,1,0,0,16.85,135,10292.15,0,0
2026-10-13 19:18:59,3,0,1,1,0,47.68,78,3877.93,0,1
2026-10-13 19:40:12,0,0,0,0,0,104.84,211,12522.0,0,0
2026-10-13 19:52:44,5,0,0,0,0,7.88,70,9212.07,0,1
2026-10-13 22:25:48,5,0,0,0,0,78.61,249,3184.13,0,0
2026-10-13 22:37:44,5,0,1,0,0,1.33,78,198.75,0,0
2026-10-13 23:10:37,3,0,0,0,0,145.28,218,26253.92,0,0
2026-10-13 23:45:26,0,0,1,1,0,109.94,140,18443.72,0,0
2026-10-14 00:57:23,0,0,0,0,0,73.54,152,7711.87,0,0
2026-10-14 02:08:15,1,0,0,0,0,84.66,150,5687.98,0,0
2026-10-14 02:43:28,1,0,0,0,0,269.95,46,2261.32,0,1
2026-10-14 03:37:28,3,0,0,0,0,237.19,234,10547.75,0,1
2026-10-14 03:37:54,7,0,0,0,0,157.38,85,12194.05,0,0
2026-10-14 04:57:32,1,0,0,1,0,40.98,112,20162.5,0,0
2026-10-14 05:07:28,0,0,0,0,0,11.34,239,14914.13,0,0
2026-10-14 05:13:53,0,0,0,0,1,581.65,158,9932.6,0,0
2026-10-14 05:57:43,0,0,0,0,0,139.42,4,49074.65,0,0
2026-10-14 06:21:12,1,0,1,0,1,1416.27,221,3960.03,0,0
2026-10-14 07:32:35,1,1,1,0,1,1834.08,232,14794.07,0,1
2026-10-14 10:08:29,3,0,1,0,0,11.13,166,17360.88,0,0
2026-10-14 10:23:00,1,0,0,0,0,17.25,203,25921.72,0,0
2026-10-14 12:34:26,4,0,1,0,0,109.16,232,301.85,0,0
2026-10-14 14:05:55,1,0,0,0,0,46.49,44,21038.4,0,0
2026-10-14 14:17:34,3,1,1,0,0,46.07,208,3346.07,0,0
2026-10-14 15:46:57,0,0,0,0,0,49.87,25,19237.77,0,0
2026-10-14 15:52:36,3,0,0,0,0,158.93,196,13155.88,0,0
2026-10-14 16:07:04,1,0,1,1,1,1801.24,74,8888.17,0,0
2026-10-14 17:30:14,0,0,1,1,0,11.21,98,8836.18,0,0
2026-10-14 17:51:44,0,0,0,0,0,42.21,247,2989.57,0,1
2026-10-14 18:14:59,4,0,0,0,0,112.03,80,27737.63,0,0
2026-10-14 20:22:42,0,0,0,0,0,373.51,56,10999.73,0,0
2026-10-14 20:37:03,0,0,1,0,0,243.33,4,879.33,0,0
2026-10-14 21:17:02,0,0,1,1,0,28.54,192,16722.53,0,0
2026-10-14 21:30:59,1,0,0,0,0,6.83,210,26249.23,0,0
2026-10-14 23:33:42,3,0,0,0,0,85.16,173,17563.38,0,1
2026-10-14 23:53:49,0,0,0,0,0,52.13,121,9646.07,0,0
2026-10-15 00:47:13,0,0,0,1,0,20.26,83,5973.65,0,0
2026-10-15 06:42:52,7,0,0,0,0,105.45,96,10394.18,0,0
2026-10-15 07:10:25,2,0,0,0,0,17.48,13,5263.85,0,0
2026-10-15 08:39:39,4,0,0,0,0,43.31,19,36387.65,0,0
2026-10-15 11:45:12,0,0,0,0,0,158.26,9,20133.63,0,0
2026-10-15 12:50:35,0,1,0,0,0,115.3,224,34958.1,0,0
2026-10-15 13:02:09,0,0,0,0,0,93.43,216,25981.22,0,0
2026-10-15 13:52:48,2,0,1,0,0,267.11,100,3435.43,0,0
2026-10-15 14:05:13,0,0,0,1,0,13.4,218,2334.6,0,0
2026-10-15 14:15:40,0,0,0,0,0,117.43,196,1343.07,0,0
2026-10-15 14:48:15,0,0,0,0,0,12.48,60,3018.25,0,0
2026-10-15 14:57:57,0,0,0,0,0,14.66,190,17137.53,0,0
2026-10-15 15:12:04,3,0,0,0,0,70.61,128,11777.4,0,0
2026-10-15 15:14:20,0,0,1,1,1,36.61,222,28781.2,0,0
2026-10-15 15:24:18,1,0,0,0,0,69.51,161,8254.85,0,0
2026-10-15 16:28:22,5,0,0,0,0,0.95,225,6212.88,0,0
2026-10-15 17:31:11,0,0,0,0,0,92.23,31,37156.02,0,0
2026-10-15 20:27:08,1,0,0,0,0,37.4,62,7566.63,0,0
2026-10-15 21:00:29,6,0,0,0,0,8.69,207,6041.02,0,0
2026-10-15 21:18:33,6,0,0,0,0,151.8,204,22149.7,0,0
2026-10-15 23:27:06,0,0,0,1,0,49.42,203,2224.1,0,0
2026-10-15 23:40:05,0,0,0,0,0,58.7,105,3356.45,0,0
2026-10-16 00:10:25,0,0,0,0,0,46.92,173,1476.72,0,0
2026-10-16 00:22:13,2,1,0,0,0,8.73,113,31038.03,0,0
2026-10-16 00:51:30,2,0,0,0,0,61.6,178,5608.23,0,0
2026-10-16 01:09:05,1,1,1,0,1,1642.4,215,15654.87,0,0
2026-10-16 02:07:45,0,0,0,0,0,233.69,13,1137.33,0,0
2026-10-16 03:30:28,0,0,0,1,0,144.31,226,17586.7,0,0
2026-10-16 04:06:22,1,1,1,0,0,8.26,91,9310.1,0,0
2026-10-16 04:24:25,0,0,0,0,0,18.13,36,16449.2,0,0
2026-10-16 04:47:32,2,1,0,0,0,4.59,138,6188.3,0,0
2026-10-16 05:55:49,0,0,1,0,0,12.71,50,30582.93,0,0
2026-10-16 10:19:55,0,1,1,0,0,65.49,46,3336.45,0,0
2026-10-16 10:24:54,0,0,0,1,0,24.81,60,1176.65,0,0
2026-10-16 12:33:04,0,0,1,0,0,104.39,112,3335.53,0,0
2026-10-16 12:36:38,0,0,0,0,0,3.29,243,30874.02,0,0
2026-10-16 14:34:46,0,0,0,0,0,194.66,22,21654.23,0,0
2026-10-16 15:26:18,0,0,0,0,0,113.21,215,857.22,0,0
2026-10-16 17:55:44,0,0,0,0,0,347.63,60,450.83,0,0
2026-10-16 18:12:44,0,0,0,0,0,305.4,162,25914.82,0,0
2026-10-16 19:20:18,2,1,0,0,0,118.07,201,7278.93,0,0
2026-10-16 19:42:54,0,0,0,0,0,17.2,130,4513.2,0,0
2026-10-16 21:05:48,1,0,1,1,1,376.7,84,8540.37,0,1
2026-10-16 22:23:01,2,0,0,0,0,32.52,128,1870.95,0,0
2026-10-16 23:52:18,1,0,0,0,0,55.63,181,12936.28,0,0
2026-10-17 02:11:08,5,0,0,0,0,84.6,200,40522.08,0,0
2026-10-17 02:30:44,0,0,1,0,0,114.76,125,22897.55,0,0
2026-10-17 02:53:23,2,0,0,0,0,7.87,28,16286.57,0,0
2026-10-17 04:13:59,5,0,1,0,0,94.3,61,18194.18,0,0
2026-10-17 05:05:26,3,0,0,0,0,6.1,84,479.63,0,0
2026-10-17 05:33:47,0,0,0,0,0,175.46,241,14575.27,0,0
2026-10-17 05:33:56,0,0,1,1,1,61.9,44,3808.02,0,0
2026-10-17 05:44:38,0,0,0,0,0,49.44,135,4975.7,0,0
2026-10-17 07:40:54,1,0,0,0,0,54.47,201,740.6,0,0
2026-10-17 08:21:18,2,0,1,0,0,84.49,224,2610.72,0,0
2026-10-17 09:20:52,0,0,0,0,0,10.03,32,21717.73,0,0
2026-10-17 09:42:19,1,0,0,1,0,270.46,189,15051.68,0,0
2026-10-17 12:19:57,1,0,0,0,0,48.32,237,8377.6,0,0
2026-10-17 12:58:51,0,0,1,1,1,756.76,124,17132.27,0,0
2026-10-17 13:36:09,3,0,0,0,0,27.85,29,35907.02,0,0
2026-10-17 13:58:16,2,0,0,0,0,151.74,27,15454.07,0,0
2026-10-17 14:37:40,0,0,0,0,0,0.78,48,20219.98,0,0
2026-10-17 15:59:29,1,1,1,0,0,11.23,53,13867.98,0,0
2026-10-17 17:45:43,0,0,0,0,0,63.63,27,227.45,0,0
2026-10-17 19:06:51,1,1,0,0,0,345.14,15,17149.72,0,0
2026-10-17 21:42:58,5,0,0,0,0,3.62,96,3780.1,0,0
2026-10-17 21:55:46,3,0,0,0,0,6.4,2,15797.27,0,1
2026-10-17 22:21:30,0,0,0,1,1,1882.33,15,194.65,0,0
2026-10-17 23:55:15,0,1,0,0,0,132.97,172,19943.23,0,0
2026-10-18 00:05:59,0,0,0,1,0,227.24,172,10.73,0,0
2026-10-18 00:21:39,1,0,0,0,0,85.95,11,12462.2,0,0
2026-10-18 00:59:32,0,0,0,0,0,51.68,201,1038.63,0,0
2026-10-18 01:36:34,1,0,0,0,0,59.98,195,17464.73,0,0
2026-10-18 05:01:33,0,0,1,0,0,56.48,96,438.58,0,0
2026-10-18 05:34:28,0,1,0,0,0,363.2,162,2121.73,0,0
2026-10-18 05:39:17,0,0,0,0,0,47.82,180,12260.8,0,0
2026-10-18 05:42:46,6,0,0,0,0,10.1,68,11723.18,0,0
2026-10-18 07:44:57,2,0,0,0,0,34.2,157,30098.27,0,0
2026-10-18 08:30:27,0,0,0,0,0,322.11,48,1072.78,0,0
2026-10-18 09:32:53,0,0,0,1,0,55.9,239,6025.42,0,1
2026-10-18 12:40:52,1,0,0,0,0,37.99,143,20425.32,0,0
2026-10-18 12:41:10,0,0,0,0,0,37.22,139,26706.07,0,0
2026-10-18 12:50:48,1,0,1,1,1,13.66,42,8993.1,0,0
2026-10-18 13:14:11,3,1,1,0,1,1504.07,101,12382.4,0,1
2026-10-18 15:14:24,1,0,1,0,1,1932.5,177,15343.75,0,0
2026-10-18 17:13:27,1,0,0,0,0,43.53,125,2322.72,0,0
2026-10-18 17:16:16,1,1,1,0,0,206.19,239,463.38,0,0
2026-10-18 17:53:35,4,0,0,0,0,135.83,74,5866.52,0,0
2026-10-18 20:57:03,5,0,0,0,0,91.85,15,1355.55,0,0
2026-10-18 22:00:14,1,0,0,1,0,121.68,11,1298.58,0,0
2026-10-18 22:14:03,0,0,0,0,0,146.73,49,22812.08,0,0
2026-10-18 22:32:18,0,0,0,0,0,74.88,236,37202.63,0,0
2026-10-18 22:46:33,0,0,0,0,0,50.72,125,333.1,0,0
2026-10-18 23:08:37,1,0,1,1,0,13.43,138,3981.08,0,1
2026-10-19 01:04:42,1,0,1,0,0,51.91,144,18847.35,0,0
2026-10-19 01:15:05,0,1,1,0,0,79.87,215,3468.78,0,0
2026-10-19 01:20:59,0,0,0,0,0,295.39,11,200.75,0,0
2026-10-19 02:03:38,0,0,0,0,0,16.83,197,15092.57,0,0
2026-10-19 03:07:26,4,0,1,1,0,141.45,78,7469.7,0,1
2026-10-19 04:06:22,1,0,1,0,0,27.54,234,7228.9,0,0
2026-10-19 04:34:36,1,0,0,0,0,314.67,54,9851.43,0,0
2026-10-19 06:37:08,0,0,0,1,0,90.34,215,322.05,0,0
2026-10-19 09:07:39,1,0,0,0,0,56.7,177,1073.25,0,0
2026-10-19 09:38:47,0,0,0,1,0,42.59,149,11876.33,0,1
2026-10-19 12:00:40,1,0,0,0,0,22.56,223,39553.43,0,0
2026-10-19 12:57:51,0,0,0,0,0,125.35,141,21492.37,0,0
2026-10-19 13:57:10,0,0,0,0,0,101.05,24,26076.78,0,0
2026-10-19 14:12:16,0,0,0,0,0,220.87,83,6565.05,0,0
2026-10-19 14:39:20,0,0,0,1,1,1364.49,178,5147.83,0,1
2026-10-19 15:36:30,6,0,1,0,0,18.61,50,4900.68,0,0
2026-10-19 17:56:03,0,0,1,0,0,114.83,196,5980.38,0,1
2026-10-19 18:39:48,0,0,0,0,0,211.03,199,11879.78,0,0
2026-10-19 19:04:40,1,0,0,0,0,465.25,124,3245.82,0,0
2026-10-19 20:04:58,3,0,1,0,0,115.54,18,33307.18,0,0
2026-10-19 20:44:10,0,1,1,1,0,34.18,191,9613.57,0,0
2026-10-19 21:05:52,2,1,0,0,0,83.33,54,991.27,0,0
2026-10-19 23:33:11,3,0,0,0,0,72.36,109,17555.17,0,0
2026-10-19 23:39:37,0,0,1,0,1,1076.09,231,23017.07,0,1
2026-10-20 02:56:32,0,0,0,0,0,8.19,89,17348.12,0,0
2026-10-20 03:03:41,0,0,0,0,0,21.63,188,40400.05,0,0
2026-10-20 03:52:02,3,0,0,0,0,74.26,204,6153.48,0,0
2026-10-20 04:12:20,0,0,0,0,0,160.04,55,35717.3,0,0
2026-10-20 04:28:27,0,1,0,0,0,20.06,145,11951.93,0,0
2026-10-20 05:30:30,1,0,0,0,0,17.95,8,13926.3,0,0
2026-10-20 06:50:17,1,0,0,1,0,142.65,3,43122.48,0,0
2026-10-20 06:56:19,0,0,0,0,0,117.3,109,443.13,0,0
2026-10-20 07:08:12,1,0,0,0,0,66.38,167,17134.7,0,0
2026-10-20 07:37:21,0,0,1,0,0,5.17,230,16021.25,0,1
2026-10-20 07:56:27,0,0,0,0,0,64.0,159,19041.28,0,0
2026-10-20 08:09:08,1,0,0,0,0,180.09,99,11429.97,0,0
2026-10-20 08:13:45,4,0,1,0,0,1.07,63,28378.17,0,1
2026-10-20 08:37:22,0,0,0,0,0,10.83,242,48247.53,0,0
2026-10-20 11:05:01,3,0,0,0,0,165.72,100,7032.22,0,0
2026-10-20 11:44:12,1,0,0,0,0,74.48,176,23629.9,0,0
2026-10-20 11:57:26,0,0,0,0,0,108.55,96,3295.88,0,0
2026-10-20 13:53:34,2,0,0,0,0,136.67,81,26310.28,0,0
2026-10-20 14:20:13,0,0,0,0,1,535.46,202,23684.58,0,0
2026-10-20 14:33:03,7,0,0,0,0,35.36,186,12635.07,0,0
2026-10-20 15:32:24,3,0,0,0,0,30.65,45,13647.82,0,1
2026-10-20 15:54:27,0,1,0,0,0,18.3,87,12164.05,0,0
2026-10-20 16:30:26,0,0,1,0,0,36.35,3,580.15,0,0
2026-10-20 16:36:39,0,0,0,0,0,305.4,205,13252.72,0,0
2026-10-20 17:28:29,0,0,0,0,0,8.99,162,3594.02,0,0
2026-10-20 17:31:24,0,1,1,1,1,412.91,181,5379.1,0,0
2026-10-20 18:59:57,0,0,1,0,1,574.13,23,10452.0,0,0
2026-10-20 19:21:23,1,0,0,0,0,16.7,177,2053.73,0,0
2026-10-20 20:04:14,0,0,1,0,0,8.06,220,16999.17,0,1
2026-10-20 20:34:07,3,0,0,0,0,17.66,241,5220.33,0,0
2026-10-20 20:41:42,3,0,0,0,0,75.04,159,765.25,0,0
2026-10-20 21:47:53,0,0,0,0,0,90.82,218,7662.67,0,0
2026-10-20 22:51:35,3,0,1,1,0,24.24,72,20755.68,0,0
2026-10-21 01:12:10,0,1,1,1,1,1051.18,21,11173.28,0,0
2026-10-21 01:26:00,0,0,0,0,1,9.37,184,29459.03,0,1
2026-10-21 01:58:42,1,0,0,1,0,92.14,139,3677.53,0,0
2026-10-21 03:51:37,0,0,0,0,0,0.13,131,13365.15,0,0
2026-10-21 04:44:56,1,0,0,0,0,102.94,114,43107.45,0,0
2026-10-21 05:42:38,4,0,0,1,0,66.03,7,14545.45,0,0
2026-10-21 07:07:41,6,0,0,0,0,11.57,38,29517.98,0,0
2026-10-21 10:51:20,1,0,0,0,0,9.26,68,4628.57,0,0
2026-10-21 12:21:03,2,0,0,0,0,0.69,183,22560.12,0,0
2026-10-21 15:20:39,0,0,0,0,0,80.22,221,10619.45,0,0
2026-10-21 15:47:55,0,0,0,0,0,164.27,9,8882.72,0,0
2026-10-21 16:31:23,2,1,0,0,0,194.17,201,5251.85,0,0
2026-10-21 16:31:50,0,1,1,0,0,84.22,67,50196.42,0,0
2026-10-21 18:20:24,0,1,1,1,1,3272.78,209,33553.0,0,1
2026-10-21 18:38:30,0,0,0,0,0,198.04,228,26509.72,0,0
2026-10-21 20:44:46,1,0,1,0,1,1797.1,10,25472.25,0,0
2026-10-21 21:20:03,0,1,1,0,0,45.11,45,1787.65,0,0
2026-10-21 23:30:03,1,0,0,0,0,175.56,241,1615.93,0,0
2026-10-22 03:44:49,0,0,1,0,1,745.57,23,1964.87,0,0
2026-10-22 04:11:39,0,0,0,0,0,51.63,18,3366.68,0,0
2026-10-22 04:21:15,0,0,0,0,0,113.34,190,9443.3,0,0
2026-10-22 07:44:09,0,0,1,1,0,263.0,184,1818.15,0,1
2026-10-22 08:20:22,4,0,0,0,0,69.32,133,18285.77,0,0
2026-10-22 08:26:14,0,0,0,0,0,19.51,240,25730.5,0,0
2026-10-22 08:58:27,0,0,0,0,0,15.37,90,23299.08,0,0
2026-10-22 09:16:24,1,0,1,1,1,539.82,209,896.0,0,0
2026-10-22 09:22:19,0,0,0,0,0,61.19,82,16661.62,0,0
2026-10-22 09:32:50,0,0,0,0,0,35.33,208,11235.27,0,0
2026-10-22 10:26:13,0,0,1,0,0,124.45,196,3870.17,0,0
2026-10-22 11:45:28,7,0,1,0,1,1173.47,83,4173.2,0,1
2026-10-22 12:45:20,1,0,0,0,0,52.21,80,11190.35,0,0
2026-10-22 13:03:06,0,0,1,0,0,24.0,237,7243.15,0,0
2026-10-22 13:20:40,0,0,0,0,0,92.99,213,18845.17,0,0
2026-10-22 13:58:44,0,0,0,0,0,112.12,36,9214.32,0,0
2026-10-22 14:46:27,0,0,0,0,0,153.33,130,8343.55,0,0
2026-10-22 14:50:44,1,0,0,0,0,469.36,29,7274.58,0,0
2026-10-22 14:59:52,4,0,0,0,0,26.31,75,18692.02,0,0
2026-10-22 16:42:05,0,0,0,0,0,1.52,153,59556.12,0,0
2026-10-22 17:11:39,3,0,1,0,1,1041.05,23,806.83,0,0
2026-10-22 17:31:35,0,0,0,0,0,257.71,53,7292.1,0,1
2026-10-22 19:00:48,0,0,1,1,0,28.6,236,5548.5,0,0
2026-10-22 20:44:19,0,1,1,1,0,141.01,192,11487.28,0,0
2026-10-22 21:06:05,0,1,0,0,0,38.49,78,5398.65,0,0
2026-10-22 22:24:46,4,0,0,0,0,49.63,204,3992.73,0,0
2026-10-22 22:48:19,0,0,1,0,0,295.12,75,468.45,0,0
2026-10-22 23:55:22,0,0,0,0,0,61.81,132,14398.22,0,0
2026-10-22 23:59:21,5,1,1,0,0,129.22,74,6125.77,0,0
2026-10-23 00:20:14,3,0,1,0,1,1197.28,13,9972.48,0,1
2026-10-23 00:52:33,2,0,0,1,0,144.35,157,6787.6,0,0
2026-10-23 01:08:28,5,0,0,0,0,38.18,149,5249.68,0,0
2026-10-23 01:20:49,0,0,0,0,0,209.47,98,11990.58,0,0
2026-10-23 01:25:28,3,0,1,0,0,79.61,136,18990.67,0,0
2026-10-23 01:50:45,1,0,0,0,0,36.98,98,29.93,0,0
2026-10-23 04:13:13,3,0,1,0,0,3.89,136,167.75,0,0
2026-10-23 04:32:44,2,0,0,0,0,1.33,221,2232.08,0,0
2026-10-23 06:32:48,0,0,0,0,0,43.6,245,32906.02,0,0
2026-10-23 07:24:28,2,0,0,1,0,24.3,212,41184.6,0,0
2026-10-23 07:24:32,0,0,0,0,0,5.41,39,18920.23,0,0
2026-10-23 07:32:21,0,0,0,0,0,80.49,81,3938.78,0,0
2026-10-23 08:23:09,0,1,1,0,1,6736.29,167,4394.95,0,0
2026-10-23 08:23:58,5,0,0,0,0,54.87,234,6017.6,0,0
2026-10-23 08:34:23,0,0,1,0,0,80.32,220,3630.15,0,0
2026-10-23 09:17:16,1,0,0,0,0,24.82,181,3825.87,0,0
2026-10-23 09:36:42,0,0,1,0,0,22.93,70,13783.97,0,0
2026-10-23 10:52:13,5,0,0,0,0,39.81,37,28215.4,0,0
2026-10-23 11:11:19,0,0,0,0,0,180.21,95,24612.32,0,0
2026-10-23 11:28:20,2,0,1,0,0,323.34,199,5328.53,0,0
2026-10-23 12:37:58,3,0,0,0,0,134.6,173,10827.55,0,0
2026-10-23 14:09:29,0,0,1,0,0,2.08,160,36936.97,0,1
2026-10-23 14:35:29,0,1,0,0,0,57.7,159,3953.78,0,0
2026-10-23 15:38:24,2,0,0,0,0,54.59,129,14783.88,0,0
2026-10-23 16:50:35,4,1,0,0,0,273.65,130,1564.13,0,1
2026-10-23 18:13:17,2,0,0,0,0,136.87,54,5587.42,0,0
2026-10-23 18:22:53,0,0,0,0,0,125.31,159,227.4,0,0
2026-10-23 18:26:54,4,0,1,1,0,83.19,142,16136.53,0,0
2026-10-23 19:10:04,0,0,1,0,0,103.8,119,24596.47,0,0
2026-10-23 20:01:38,1,0,1,1,1,1799.02,152,14104.25,0,0
2026-10-23 20:06:04,3,0,0,0,0,80.42,13,1185.83,0,0
2026-10-23 20:09:52,0,0,0,0,0,186.32,84,9544.43,0,0
2026-10-23 20:38:00,2,0,1,0,1,56.39,203,11350.9,0,0
2026-10-23 20:49:56,1,1,1,1,0,283.67,3,4579.5,0,0
2026-10-23 22:28:26,4,0,0,0,0,148.54,73,18743.08,0,0
2026-10-23 23:31:48,0,1,0,0,0,75.28,34,19198.15,0,0
2026-10-24 00:27:30,0,0,0,0,0,196.85,10,3102.73,0,0
2026-10-24 01:35:23,3,0,0,0,0,176.01,79,33010.87,0,1
2026-10-24 02:54:49,0,0,0,0,0,54.37,113,11672.6,0,0
2026-10-24 03:19:23,0,0,0,0,0,183.14,70,1062.68,0,0
2026-10-24 03:20:26,7,0,1,0,0,20.87,11,7319.45,0,0
2026-10-24 04:03:21,0,0,0,0,0,63.34,227,19514.95,0,0
2026-10-24 04:42:27,6,0,1,0,0,26.43,231,6062.83,0,0
2026-10-24 05:01:38,0,0,0,1,0,13.28,125,7575.08,0,0
2026-10-24 05:05:12,0,0,1,1,0,225.0,108,27045.48,0,0
2026-10-24 05:36:09,2,0,0,0,0,45.72,29,2325.42,0,0
2026-10-24 11:49:41,1,0,0,0,0,115.32,111,26621.97,0,0
2026-10-24 12:24:06,1,0,1,0,0,47.02,104,35580.98,0,0
2026-10-24 14:05:21,1,0,1,0,0,78.55,158,14931.47,0,0
2026-10-24 15:50:14,3,0,0,0,1,641.66,79,854.85,0,0
2026-10-24 16:13:39,0,0,0,0,0,135.76,2,9737.88,0,0
2026-10-24 18:04:40,0,0,0,0,0,154.39,215,7887.53,0,0
2026-10-24 18:31:42,0,0,0,0,0,56.31,141,7533.85,0,0
2026-10-24 19:56:14,1,0,0,0,0,196.34,90,3537.78,0,0
2026-10-24 21:18:31,0,0,0,0,0,43.9,117,19056.85,0,0
2026-10-24 21:34:59,0,0,0,0,0,143.74,236,3034.18,0,0
2026-10-24 22:04:35,0,0,0,0,0,105.0,165,25108.8,0,0
2026-10-24 22:19:56,0,0,1,1,0,60.88,149,2711.47,0,0
2026-10-24 22:27:19,0,0,0,1,0,219.75,21,5595.15,0,0
2026-10-24 22:57:19,1,0,0,0,0,84.92,42,9246.52,0,0
2026-10-24 23:43:36,0,0,0,0,0,183.37,197,8499.97,0,0
2026-10-25 00:58:56,3,0,0,0,0,132.18,190,4117.68,0,0
2026-10-25 01:28:59,1,0,0,0,0,76.05,71,22350.7,0,0
2026-10-25 01:53:37,0,0,1,0,1,592.72,123,34596.48,0,0
2026-10-25 03:39:37,1,0,0,0,0,301.87,88,33889.65,0,0
2026-10-25 04:16:34,0,1,1,1,0,5.84,187,22352.22,0,0
2026-10-25 04:29:46,2,0,0,0,0,224.89,79,759.53,0,0
2026-10-25 04:33:55,7,0,0,0,0,70.6,68,5382.58,0,0
2026-10-25 05:01:30,1,0,0,0,0,138.13,23,3589.85,0,0
2026-10-25 06:12:17,1,0,1,1,1,609.99,176,6868.08,0,0
2026-10-25 07:30:22,0,0,0,0,0,48.48,89,7473.83,0,0
2026-10-25 08:20:29,0,0,0,0,0,21.16,15,9323.43,0,0
2026-10-25 08:34:14,3,0,1,1,0,308.65,45,4994.18,0,0
2026-10-25 08:35:17,0,0,0,0,0,4.43,141,843.58,0,0
2026-10-25 09:13:22,0,1,1,0,1,733.67,2,1019.72,0,0
2026-10-25 10:29:10,0,0,0,0,0,40.75,185,37776.33,0,0
2026-10-25 12:41:41,2,1,0,0,0,167.71,112,12968.62,0,0
2026-10-25 12:51:16,0,0,0,0,0,69.63,102,33688.82,0,0
2026-10-25 14:30:43,4,0,0,0,0,18.53,9,5682.8,0,0
2026-10-25 16:58:54,0,0,0,0,0,71.13,151,33726.07,0,0
2026-10-25 17:08:45,0,0,0,0,0,26.92,141,513.47,0,0
2026-10-25 17:59:07,2,0,0,0,0,1.73,165,1194.53,0,0
2026-10-25 19:17:34,0,0,0,0,0,78.65,69,36040.75,0,0
2026-10-25 19:52:14,1,1,1,0,1,670.39,17,52008.45,0,0
2026-10-25 21:35:59,0,0,0,0,0,27.3,211,17395.78,0,0
2026-10-26 00:55:42,0,0,0,0,0,18.9,22,13580.93,0,0
2026-10-26 01:35:24,0,0,1,0,0,60.46,160,3565.92,0,0
2026-10-26 01:59:58,4,0,0,0,0,203.73,128,13176.95,0,1
2026-10-26 04:24:02,1,1,1,0,0,141.94,114,7179.1,0,0
2026-10-26 05:06:56,2,0,1,0,0,0.46,187,1490.37,0,0
2026-10-26 05:48:20,0,0,1,0,1,1970.4,22,292.63,0,0
2026-10-26 06:05:15,1,0,0,0,0,7.55,143,11124.38,0,0
2026-10-26 08:33:25,0,0,0,0,0,79.41,126,25113.63,0,0
2026-10-26 09:27:20,5,0,0,0,0,151.43,101,11293.15,0,0
2026-10-26 11:31:57,2,0,0,0,0,60.38,16,18592.6,0,0
2026-10-26 12:44:04,2,0,1,1,1,709.08,33,33453.1,0,1
2026-10-26 13:11:25,0,0,0,0,0,280.47,35,23664.05,0,0
2026-10-26 15:05:43,1,0,1,0,0,2.97,209,6109.32,0,0
2026-10-26 15:35:33,0,0,0,0,0,11.2,157,5203.0,0,0
2026-10-26 16:02:08,4,0,0,0,0,204.27,119,4132.07,0,0
2026-10-26 16:05:06,0,0,1,1,1,3260.46,75,5356.78,0,0
2026-10-26 17:43:32,0,1,1,0,0,46.64,103,22903.87,0,0
2026-10-26 18:01:39,0,0,0,1,0,77.7,81,4949.3,0,0
2026-10-26 19:07:03,0,0,1,0,0,17.96,232,17672.62,0,1
2026-10-26 20:55:26,0,1,1,0,1,3234.87,220,5061.05,0,0
2026-10-26 21:50:11,3,0,0,0,0,63.31,215,3105.52,0,0
2026-10-26 21:55:51,1,0,0,1,0,83.03,147,21852.63,0,0
2026-10-26 22:17:18,3,0,0,0,0,12.56,130,4646.72,0,0
2026-10-26 23:47:01,3,0,0,0,0,95.41,25,17760.07,0,0
2026-10-27 00:07:38,0,0,0,0,0,119.02,87,9133.18,0,0
2026-10-27 00:48:32,1,0,1,0,0,34.92,22,1140.2,0,0
2026-10-27 02:17:26,0,0,0,0,0,226.48,181,5340.17,0,0
2026-10-27 03:51:33,4,0,0,1,0,22.8,5,24283.47,0,0
2026-10-27 04:38:38,0,1,1,1,1,3415.1,83,6773.17,0,1
2026-10-27 04:57:15,0,0,0,0,0,121.52,190,3118.32,0,0
2026-10-27 05:39:36,0,1,1,1,0,177.7,117,3381.08,0,0
2026-10-27 05:42:36,0,0,1,1,1,1801.4,142,4995.7,0,0
2026-10-27 06:28:39,0,0,0,0,0,55.94,92,36113.72,0,0
2026-10-27 07:42:36,0,0,0,0,0,40.28,8,10212.1,0,0
2026-10-27 08:49:23,2,1,1,0,0,132.45,210,17958.4,0,0
2026-10-27 09:33:58,3,0,0,0,0,35.41,35,1222.55,0,0
2026-10-27 10:48:17,0,0,1,1,0,6.39,67,8296.45,0,0
2026-10-27 11:21:26,0,0,0,0,1,425.55,144,12136.73,0,1
2026-10-27 13:12:43,3,0,0,0,0,140.75,61,14938.73,0,0
2026-10-27 14:00:40,0,0,0,0,0,157.61,70,4961.28,0,0
2026-10-27 15:28:47,4,1,0,1,0,32.38,241,8158.73,0,1
2026-10-27 16:03:15,0,0,1,0,0,39.74,37,6071.03,0,1
2026-10-27 17:44:42,1,0,0,0,0,79.7,89,3494.33,0,0
2026-10-27 18:40:07,1,0,0,0,0,30.38,189,14937.8,0,0
2026-10-27 21:30:06,1,1,1,0,0,93.18,111,4900.42,0,0
2026-10-27 22:16:12,3,1,1,0,1,497.02,65,26133.63,0,0
2026-10-27 22:17:17,0,0,0,0,0,12.88,246,25807.47,0,0
2026-10-27 23:45:39,0,0,0,0,0,16.82,183,9324.6,0,0
2026-10-28 00:12:54,1,0,0,0,0,28.84,159,6110.02,0,0
2026-10-28 03:49:34,3,0,0,0,0,18.38,225,17961.2,0,1
2026-10-28 03:54:07,0,0,1,0,0,366.29,140,20408.68,0,0
2026-10-28 04:29:32,3,0,1,0,0,107.4,63,11295.78,0,0
2026-10-28 04:44:37,0,0,0,1,0,19.75,150,20316.37,0,0
2026-10-28 04:56:29,0,0,0,0,0,55.15,116,46027.8,0,1
2026-10-28 05:54:19,2,0,0,0,1,470.28,132,7558.95,0,1
2026-10-28 06:51:47,0,0,0,0,0,115.37,93,31695.52,0,0
2026-10-28 08:20:16,1,0,0,1,0,201.95,96,11302.83,0,0
2026-10-28 09:36:32,0,1,1,1,0,51.22,22,1968.0,0,0
2026-10-28 09:46:16,0,0,0,0,0,56.01,250,35675.18,0,0
2026-10-28 12:03:27,1,0,0,0,0,50.83,107,27140.3,0,0
2026-10-28 12:21:22,1,1,0,1,0,59.64,106,24088.0,0,0
2026-10-28 12:38:31,0,0,0,0,0,3.65,59,30228.38,0,0
2026-10-28 12:53:51,0,0,0,1,0,89.8,200,16482.72,0,0
2026-10-28 13:14:02,0,1,1,0,0,303.73,208,8861.2,0,0
2026-10-28 14:24:01,0,0,0,1,0,153.86,236,5329.03,0,0
2026-10-28 15:01:22,5,0,0,0,0,197.62,99,11932.23,0,0
2026-10-28 15:29:26,3,0,1,0,0,26.02,247,20017.7,0,0
2026-10-28 16:08:27,0,0,1,0,1,1401.61,45,4774.22,0,0
2026-10-28 17:29:50,0,0,0,0,0,223.46,59,291.32,0,0
2026-10-28 19:27:59,5,1,0,0,0,7.11,138,14179.37,0,0
2026-10-28 19:56:27,1,0,0,0,0,209.76,148,31645.68,0,0
2026-10-28 20:37:15,1,1,1,0,0,6.67,35,2103.28,0,0
2026-10-28 21:24:41,2,1,0,0,0,407.86,179,29000.82,0,0
2026-10-28 22:17:44,0,0,1,1,0,8.77,139,11299.03,0,0
2026-10-28 23:32:31,0,0,0,0,0,45.88,214,38728.32,0,0
2026-10-29 00:58:25,6,0,0,0,0,5.62,75,3413.32,0,0
2026-10-29 01:21:38,1,0,0,0,0,5.84,202,12181.42,0,0
2026-10-29 04:13:27,0,0,0,0,0,201.2,184,9869.3,0,1
2026-10-29 04:27:30,0,1,1,0,0,6.57,78,9081.42,0,0
2026-10-29 05:48:45,0,0,0,0,0,157.32,17,4916.52,0,0
2026-10-29 06:05:46,2,0,0,0,0,237.39,189,2125.65,0,0
2026-10-29 06:24:43,0,0,0,1,0,273.41,180,15885.43,0,0
2026-10-29 07:06:47,0,0,0,1,0,199.54,81,3665.13,0,0
2026-10-29 08:12:27,5,0,0,0,0,310.48,184,239.0,0,0
2026-10-29 09:51:22,0,1,1,0,0,5.32,190,3174.12,0,0
2026-10-29 10:19:35,0,0,0,0,0,568.65,229,55931.08,0,0
2026-10-29 10:54:38,0,0,0,0,0,2.07,51,25110.2,0,0
2026-10-29 10:58:56,0,0,0,0,0,18.21,40,39032.55,0,0
2026-10-29 13:41:19,0,0,0,0,0,8.44,201,11349.93,0,0
2026-10-29 15:03:45,4,0,0,0,0,136.26,245,9150.95,0,0
2026-10-29 15:37:20,3,0,0,1,0,9.11,29,7801.18,0,0
2026-10-29 15:47:25,0,0,0,0,0,34.63,177,12746.03,0,0
2026-10-29 17:55:36,0,0,0,0,0,101.63,27,17289.88,0,0
2026-10-29 18:32:21,1,0,0,0,0,68.92,123,6758.73,0,0
2026-10-29 18:44:01,0,0,0,0,0,14.64,176,6511.73,0,0
2026-10-29 20:24:16,0,0,1,1,1,1105.76,182,24332.67,0,1
2026-10-29 20:33:09,5,0,0,0,0,41.65,172,17067.17,0,0
2026-10-29 20:42:17,0,0,0,0,0,88.17,181,3984.85,0,0
2026-10-29 21:03:27,0,0,0,0,0,77.33,220,4328.02,0,0
2026-10-29 22:13:41,0,0,0,0,0,455.71,187,5346.75,0,0
2026-10-29 22:43:45,0,0,0,0,0,199.16,214,1391.23,0,0
2026-10-29 22:44:10,0,0,0,0,0,0.37,13,8798.1,0,0
2026-10-29 23:08:19,0,0,0,1,0,19.36,16,5016.37,0,0
2026-10-29 23:11:08,0,1,1,1,0,244.34,44,18337.2,0,0
2026-10-29 23:40:03,1,0,0,0,0,77.53,188,14196.37,0,0
2026-10-30 01:37:21,0,0,0,0,0,142.49,196,10991.13,0,0
2026-10-30 01:48:20,0,0,0,0,0,70.02,7,12725.7,0,0
2026-10-30 03:31:59,1,0,0,0,0,154.07,78,1384.48,0,0
2026-10-30 04:45:55,4,0,0,0,0,14.25,5,4374.37,0,0
2026-10-30 04:56:04,0,0,0,0,0,133.9,7,187.73,0,1
2026-10-30 09:20:36,0,0,0,0,0,203.72,202,1918.97,0,0
2026-10-30 10:55:49,0,0,0,0,0,30.88,18,11924.17,0,0
2026-10-30 11:16:25,2,1,0,0,0,45.94,195,17859.85,0,0
2026-10-30 12:22:29,0,0,0,0,0,89.3,141,6913.73,0,0
2026-10-30 16:09:16,0,0,0,0,0,202.68,77,24334.05,0,0
2026-10-30 16:18:07,0,0,0,0,0,238.37,177,1470.7,0,0
2026-10-30 16:48:15,0,0,0,0,0,76.45,156,93452.15,0,0
2026-10-30 16:59:51,0,0,0,0,0,107.31,16,1071.53,0,0
2026-10-30 17:30:53,0,0,0,0,0,206.29,83,5092.25,0,0
2026-10-30 18:14:36,3,0,0,0,0,26.31,24,16097.43,0,0
2026-10-30 18:39:54,1,0,1,0,0,174.42,53,11588.32,0,0
2026-10-30 22:11:55,0,0,0,0,0,30.36,169,38789.63,0,0
2026-10-31 00:34:00,0,0,0,0,0,86.99,17,2565.25,0,0
2026-10-31 01:08:41,0,0,1,0,0,272.82,117,5489.08,0,0
2026-10-31 02:55:44,0,1,0,0,0,71.64,187,1722.05,0,0
2026-10-31 03:25:39,4,0,0,0,0,9.81,219,38571.18,0,0
2026-10-31 06:56:00,7,0,1,1,0,226.15,146,47734.45,0,0
2026-10-31 10:18:37,0,0,0,0,0,87.94,8,5916.02,0,0
2026-10-31 10:47:11,0,0,0,0,0,7.38,34,10755.38,0,0
2026-10-31 10:48:49,0,0,0,0,0,1.06,192,12364.5,0,0
2026-10-31 11:36:10,1,0,1,0,0,30.28,89,5391.47,0,0
2026-10-31 13:06:02,1,1,1,0,0,12.82,176,2542.02,0,0
2026-10-31 13:20:28,3,0,1,0,0,99.0,198,64056.97,0,0
2026-10-31 14:35:47,2,1,1,1,0,90.81,90,9759.55,0,0
2026-10-31 16:16:48,0,0,0,0,0,183.81,169,1084.88,0,0
2026-10-31 18:15:35,1,0,1,0,0,72.02,18,1879.77,0,0
2026-10-31 18:22:29,1,0,0,0,0,29.19,201,3161.17,0,0
2026-10-31 21:28:12,1,0,0,0,0,5.16,244,44278.48,0,0
2026-10-31 21:30:29,0,0,0,0,0,1.06,29,3233.15,0,0
2026-10-31 23:19:37,1,0,0,0,0,260.07,99,4818.25,0,0
2026-10-31 23:41:21,1,0,0,0,0,15.61,36,13542.62,0,0
2026-11-01 00:34:28,1,1,0,0,0,69.15,27,3278.87,0,0
2026-11-01 01:15:39,1,0,0,0,0,158.37,104,10851.55,0,0
2026-11-01 01:38:54,2,0,0,0,0,263.99,64,53417.82,0,0
2026-11-01 02:13:54,1,0,0,0,0,22.53,7,2717.83,0,0
2026-11-01 03:07:13,1,0,0,0,0,26.39,246,6049.93,0,0
2026-11-01 04:06:57,1,0,0,0,0,19.81,241,6518.17,0,0
2026-11-01 06:43:38,0,0,0,0,0,17.31,178,18244.3,0,0
2026-11-01 07:37:03,0,0,0,0,0,60.69,154,45615.25,0,0
2026-11-01 07:46:51,0,0,0,0,0,101.03,111,6376.75,0,0
2026-11-01 08:49:49,1,0,1,0,0,122.51,242,17292.45,0,0
2026-11-01 09:26:18,1,0,0,0,0,39.63,111,99.45,0,0
2026-11-01 09:51:12,6,0,0,0,0,97.77,8,1412.58,0,0
2026-11-01 10:04:58,0,0,0,0,0,0.24,245,4021.22,0,0
2026-11-01 13:08:31,0,0,0,0,0,219.17,165,9789.4,0,0
2026-11-01 13:52:38,0,0,1,0,1,3057.47,246,645.42,0,0
2026-11-01 14:13:41,0,0,0,0,0,78.55,243,23137.05,0,0
2026-11-01 16:45:41,2,0,0,0,0,27.89,146,2029.68,0,0
2026-11-01 16:48:38,0,0,0,0,0,358.37,172,4095.48,0,0
2026-11-01 17:26:50,1,0,0,0,0,166.41,115,29470.95,0,0
2026-11-01 17:32:32,1,1,1,0,0,1.71,157,8756.98,0,0
2026-11-01 17:49:35,0,0,0,0,0,63.42,181,4147.3,0,0
2026-11-01 18:44:56,3,0,0,0,0,10.77,218,17097.05,0,0
2026-11-01 19:37:43,0,0,0,0,0,14.18,29,1327.23,0,0
2026-11-01 19:54:43,0,0,0,0,0,0.13,121,25680.9,0,0
2026-11-01 20:08:48,4,0,0,0,0,116.38,37,7445.55,0,0
2026-11-01 23:49:58,3,0,0,0,0,29.1,214,4386.22,0,1
2026-11-02 01:10:26,0,0,0,0,0,36.36,234,13966.47,0,0
2026-11-02 01:11:20,0,0,0,1,0,4.82,16,3371.48,0,0
2026-11-02 01:35:14,0,0,0,0,0,0.8,3,13245.3,0,0
2026-11-02 01:35:26,0,1,1,1,0,157.37,229,5235.85,0,1
2026-11-02 01:38:41,6,0,0,0,0,108.3,244,1690.48,0,0
2026-11-02 01:45:27,1,0,1,0,0,48.18,23,11323.95,0,0
2026-11-02 03:40:10,0,0,1,0,0,7.25,56,26357.47,0,0
2026-11-02 03:40:23,4,0,0,1,0,149.53,12,33830.82,0,0
2026-11-02 04:32:36,0,0,0,0,0,260.85,33,9588.53,0,0
2026-11-02 05:32:27,0,0,0,0,0,74.96,163,59081.35,0,0
2026-11-02 05:33:28,5,1,0,0,0,14.96,41,32469.23,0,0
2026-11-02 05:48:38,3,1,1,0,0,105.71,142,8646.03,0,0
2026-11-02 06:40:33,3,0,0,0,0,7.42,49,20666.5,0,0
2026-11-02 07:31:25,1,0,0,0,0,18.1,112,11209.73,0,0
2026-11-02 08:17:57,2,0,0,0,0,63.63,216,25635.8,0,0
2026-11-02 10:22:24,0,0,0,0,0,28.64,50,19845.9,0,0
2026-11-02 11:13:51,1,0,0,0,0,266.23,26,52159.07,0,0
2026-11-02 11:19:36,7,0,0,0,0,165.48,202,4439.0,0,0
2026-11-02 11:59:20,0,0,1,1,0,32.4,44,5088.2,0,0
2026-11-02 13:37:06,2,0,0,1,0,331.85,197,12353.5,0,0
2026-11-02 13:38:40,0,0,1,0,0,47.53,115,1211.83,0,0
2026-11-02 15:39:06,0,0,0,0,0,84.02,151,11440.2,0,0
2026-11-02 15:49:15,2,0,0,0,0,83.01,146,1383.57,0,0
2026-11-02 16:14:09,0,1,1,0,0,104.86,139,6836.42,0,0
2026-11-02 18:18:22,1,0,0,0,0,27.92,72,18446.78,0,0
2026-11-02 18:23:34,0,0,0,0,0,255.17,225,8074.0,0,0
2026-11-02 18:55:53,5,0,1,1,0,30.88,63,8066.35,0,0
2026-11-02 19:45:26,0,0,0,0,0,109.31,134,57741.47,0,0
2026-11-02 20:53:12,0,0,1,0,0,145.14,173,14895.23,0,0
2026-11-02 21:54:24,0,0,1,0,0,213.29,124,20329.73,0,0
2026-11-03 00:35:56,5,0,0,0,0,61.05,15,12495.45,0,0
2026-11-03 01:05:09,2,0,0,1,0,124.37,67,9496.87,0,0
2026-11-03 02:28:50,2,1,1,0,0,8.93,141,5166.35,0,0
2026-11-03 03:45:49,0,0,1,0,0,150.52,123,6313.47,0,0
2026-11-03 04:41:31,0,1,0,0,0,140.92,17,4567.52,0,0
2026-11-03 05:05:18,0,1,1,0,0,52.87,90,3749.52,0,0
2026-11-03 05:10:34,1,0,1,0,0,37.61,113,14535.75,0,0
2026-11-03 06:18:46,0,1,1,0,1,717.54,203,14980.77,0,1
2026-11-03 06:39:57,6,0,0,1,0,9.49,108,14494.75,0,0
2026-11-03 06:58:26,2,0,1,1,1,1523.36,99,3338.82,0,0
2026-11-03 09:08:31,0,0,0,0,0,244.22,70,9787.85,0,0
2026-11-03 09:13:38,0,1,1,0,0,109.58,103,11010.1,0,0
2026-11-03 10:52:40,2,0,0,0,0,86.87,180,7467.95,0,0
2026-11-03 12:08:47,0,0,1,0,0,467.82,92,10420.13,0,0
2026-11-03 12:23:35,0,0,1,0,0,78.05,31,27052.4,0,0
2026-11-03 14:03:17,0,1,0,0,0,42.44,243,2869.6,0,0
2026-11-03 15:07:46,1,0,0,0,0,121.96,163,2015.32,0,0
2026-11-03 16:20:03,2,0,0,0,0,73.69,148,8423.6,0,0
2026-11-03 17:14:33,0,0,0,0,0,357.88,19,27874.9,0,0
2026-11-03 17:52:25,0,0,0,0,0,228.23,13,6908.25,0,0
2026-11-03 18:15:30,0,0,0,0,0,293.45,4,28658.45,0,0
2026-11-03 18:19:14,2,0,1,1,1,1.53,6,53092.3,0,0
2026-11-03 19:18:01,0,0,0,0,0,40.68,239,23161.75,0,0
2026-11-03 22:13:08,0,0,0,0,0,98.68,172,3204.5,0,0
2026-11-03 23:45:50,5,0,0,0,0,36.86,107,9342.38,0,0
2026-11-04 00:37:40,5,0,1,0,0,106.84,249,30371.87,0,0
2026-11-04 01:09:17,7,0,0,1,0,125.51,202,2269.68,0,0
2026-11-04 01:25:57,3,0,0,0,0,97.63,106,9424.58,0,0
2026-11-04 01:29:43,0,0,0,0,0,61.3,231,15647.27,0,0
2026-11-04 02:53:35,0,0,0,0,0,119.32,247,9324.15,0,0
2026-11-04 03:04:57,0,0,0,0,0,151.58,183,10279.3,0,0
2026-11-04 04:11:37,0,0,1,1,0,119.1,69,13494.05,0,0
2026-11-04 04:19:56,5,0,1,0,0,167.13,183,74.98,0,0
2026-11-04 05:21:10,2,0,0,0,0,294.22,172,428.03,0,0
2026-11-04 06:43:38,2,0,0,1,0,10.82,184,8551.18,0,0
2026-11-04 07:41:16,0,0,0,0,0,236.89,95,17069.95,0,0
2026-11-04 08:41:18,4,1,1,0,0,31.95,247,347.72,0,0
2026-11-04 09:02:42,3,0,1,0,0,82.96,128,13382.73,0,0
2026-11-04 09:03:23,0,0,1,1,0,285.37,61,11270.67,0,0
2026-11-04 09:49:00,3,0,0,0,0,96.78,227,16185.65,0,0
2026-11-04 13:00:26,0,0,1,0,0,8.79,95,319.17,0,0
2026-11-04 13:20:02,0,0,0,0,0,69.16,170,36840.45,0,0
2026-11-04 13:50:15,1,0,0,1,0,224.76,121,3955.53,0,0
2026-11-04 14:23:52,1,0,0,0,0,53.12,106,777.92,0,0
2026-11-04 15:29:02,0,0,1,0,0,188.36,30,43584.8,0,0
2026-11-04 15:53:51,0,0,1,1,0,158.08,230,22096.5,0,0
2026-11-04 16:08:21,7,0,0,0,0,236.91,184,564.72,0,0
2026-11-04 16:28:58,1,0,0,0,0,30.53,207,28528.48,0,0
2026-11-04 16:30:36,2,1,1,1,1,1029.42,12,3650.22,0,0
2026-11-04 16:36:31,0,0,1,0,0,40.83,38,20728.83,0,0
2026-11-04 16:37:30,0,0,0,0,0,76.41,148,1457.45,0,0
2026-11-04 17:10:51,0,0,0,0,0,1.93,17,2189.33,0,0
2026-11-04 18:14:47,0,1,1,0,0,27.66,237,19031.68,0,0
2026-11-04 18:46:12,0,0,0,0,0,365.11,135,26701.57,0,0
2026-11-04 19:10:13,0,0,1,0,0,92.41,8,4879.02,0,0
2026-11-04 19:25:50,1,0,0,0,0,19.03,157,4433.3,0,0
2026-11-04 19:37:12,0,0,1,1,1,1064.88,127,43566.73,0,0
2026-11-04 22:51:10,3,0,0,0,0,119.73,148,373.67,0,1
2026-11-04 23:02:49,0,0,1,0,0,92.56,249,1345.15,0,0
2026-11-04 23:54:49,0,0,0,0,0,69.7,32,26793.95,0,0
2026-11-05 00:14:34,0,0,1,0,0,112.07,232,13267.52,0,0
2026-11-05 00:22:47,0,0,0,1,0,18.27,44,3623.45,0,0
2026-11-05 01:08:10,0,1,0,0,0,57.66,74,18788.82,0,0
2026-11-05 02:58:25,6,0,1,1,1,2081.01,205,22221.77,0,0
2026-11-05 03:28:57,2,0,0,0,0,86.62,146,3579.7,0,0
2026-11-05 05:39:28,0,0,1,0,0,236.74,154,5642.42,0,0
2026-11-05 06:02:34,0,0,0,0,0,58.66,235,69098.3,0,0
2026-11-05 06:46:57,1,0,0,0,0,14.18,184,878.6,0,0
2026-11-05 07:26:42,2,0,1,1,0,5.0,189,10160.93,0,0
2026-11-05 09:37:39,0,0,0,0,0,64.9,164,41987.9,0,0
2026-11-05 10:37:28,1,0,0,0,0,57.55,140,11923.35,0,0
2026-11-05 12:34:25,3,0,0,1,0,29.64,186,22921.37,0,0
2026-11-05 13:10:09,2,0,0,0,0,89.29,238,35602.07,0,0
2026-11-05 13:18:37,3,0,0,0,0,28.79,73,18170.18,0,0
2026-11-05 15:11:35,3,0,0,0,0,24.38,67,3726.43,0,0
2026-11-05 15:26:06,5,0,0,0,0,97.34,147,14010.25,0,1
2026-11-05 16:01:25,0,0,0,0,0,289.94,39,19236.88,0,0
2026-11-05 18:48:27,1,0,0,0,0,22.66,120,37301.7,0,0
2026-11-05 19:28:53,2,0,0,0,0,20.19,127,1431.68,0,0
2026-11-05 20:11:51,1,0,0,0,0,73.26,102,16280.58,0,0
2026-11-05 20:29:47,7,0,0,0,0,12.72,230,1715.93,0,0
2026-11-05 20:36:57,0,0,0,0,0,34.83,186,482.53,0,0
2026-11-05 20:46:44,0,0,1,0,0,468.42,216,5068.78,0,0
2026-11-05 21:08:10,0,0,0,0,0,183.91,91,29821.8,0,0
2026-11-05 21:12:26,0,0,1,0,0,122.46,107,2726.6,0,0
2026-11-05 22:06:24,0,1,1,0,0,2.64,138,11678.42,0,1
2026-11-05 23:43:58,2,0,1,0,0,30.8,204,20239.2,0,1
2026-11-05 23:50:05,0,0,0,0,0,84.32,106,2006.22,0,0
2026-11-06 01:53:45,2,0,0,0,0,123.88,146,1344.8,0,0
2026-11-06 02:11:27,1,0,0,0,0,110.38,101,15404.12,0,0
2026-11-06 02:54:31,0,0,1,1,1,307.7,108,4094.57,0,1
2026-11-06 04:20:43,0,0,1,0,0,62.79,114,15836.68,0,0
2026-11-06 05:35:23,1,0,0,0,0,22.13,125,18753.75,0,0
2026-11-06 06:47:36,2,0,0,0,0,257.14,175,69404.77,0,0
2026-11-06 06:54:01,3,0,0,0,0,81.51,51,11279.38,0,0
2026-11-06 07:24:10,3,0,0,0,1,742.08,39,922.75,0,0
2026-11-06 08:45:23,6,0,0,1,0,250.13,65,13589.18,0,1
2026-11-06 09:14:54,1,0,0,0,0,234.3,36,7773.55,0,0
2026-11-06 09:44:31,4,0,1,0,1,1052.07,215,15114.33,0,0
2026-11-06 09:54:22,3,0,1,0,1,1741.26,197,5537.27,0,0
2026-11-06 10:37:10,4,0,0,0,0,38.4,204,653.2,0,0
2026-11-06 11:09:35,0,0,0,0,0,36.77,208,12835.55,0,0
2026-11-06 12:54:16,6,0,0,0,0,79.75,133,21873.9,0,0
2026-11-06 14:08:45,0,0,0,1,0,187.5,208,179.17,0,0
2026-11-06 14:17:18,2,0,1,0,0,90.92,131,23665.68,0,0
2026-11-06 14:23:37,0,0,0,0,0,61.44,168,56058.57,0,0
2026-11-06 14:37:02,0,0,0,0,0,109.11,51,463.02,0,0
2026-11-06 17:13:30,0,0,0,0,0,167.29,119,15911.37,0,0
2026-11-06 17:32:22,0,0,0,0,0,154.81,17,2901.52,0,0
2026-11-06 18:04:37,0,0,1,0,0,46.3,11,19604.18,0,0
2026-11-06 19:14:12,3,0,0,0,0,274.36,46,30774.28,0,0
2026-11-06 19:56:10,0,0,1,0,0,1.59,227,3487.17,0,1
2026-11-06 21:23:39,0,0,0,0,0,59.93,63,5907.77,0,0
2026-11-06 22:12:58,0,0,0,0,0,238.08,241,8286.02,0,0
2026-11-06 22:15:59,1,0,1,1,1,1786.12,164,2198.33,0,0
2026-11-06 22:30:42,0,1,1,1,0,121.74,147,1864.6,0,0
2026-11-06 22:39:09,0,0,0,0,0,17.02,204,721.98,0,0
2026-11-06 23:31:13,0,0,0,0,0,87.24,41,6837.75,0,0
2026-11-06 23:33:40,1,0,1,0,0,340.97,130,15916.37,0,0
2026-11-07 01:00:12,0,0,0,0,0,23.77,27,8665.73,0,0
2026-11-07 01:35:35,0,0,1,0,0,39.63,28,30162.2,0,0
2026-11-07 01:59:35,0,0,0,0,0,49.2,94,38730.73,0,0
2026-11-07 02:54:46,6,0,0,0,0,44.61,61,3951.38,0,0
2026-11-07 03:12:57,0,0,0,1,0,98.63,126,16959.53,0,0
2026-11-07 03:14:33,1,0,0,0,0,26.73,165,8046.03,0,0
2026-11-07 03:23:13,0,0,1,0,1,1056.89,202,4453.93,0,0
2026-11-07 03:28:12,0,0,0,0,0,51.12,35,13370.95,0,0
2026-11-07 04:53:09,0,0,0,0,0,103.42,19,5018.6,0,0
2026-11-07 06:04:11,0,0,0,0,0,27.7,59,13714.35,0,0
2026-11-07 06:19:04,0,1,1,0,0,80.55,53,10779.17,0,0
2026-11-07 06:24:33,0,0,0,0,0,134.85,210,15695.17,0,0
2026-11-07 10:26:07,0,0,0,0,0,118.08,229,7730.68,0,0
2026-11-07 15:02:53,1,0,0,0,0,179.75,67,2871.3,0,0
2026-11-07 15:55:26,7,0,0,0,0,312.72,146,2281.68,0,0
2026-11-07 16:14:28,0,0,0,0,0,192.39,85,35316.57,0,0
2026-11-07 16:48:31,1,0,0,0,0,278.39,206,39540.47,0,1
2026-11-07 17:06:12,6,0,0,0,0,1.77,35,818.0,0,0
2026-11-07 17:55:02,3,0,0,0,0,99.14,104,9639.38,0,1
2026-11-07 18:25:56,0,0,0,0,0,31.16,178,9342.3,0,0
2026-11-07 19:31:36,2,0,0,0,0,165.55,119,1578.1,0,0
2026-11-07 20:13:36,0,1,1,0,0,170.95,168,1789.98,0,0
2026-11-07 20:32:32,1,0,0,0,0,4.89,103,6438.9,0,0
2026-11-07 20:42:47,0,0,0,0,0,90.52,114,2422.07,0,0
2026-11-07 21:03:44,0,0,0,0,0,190.3,57,38020.1,0,0
2026-11-07 21:12:16,0,0,1,1,1,1327.96,42,20054.95,0,0
2026-11-07 22:08:44,0,0,0,0,0,55.43,214,8538.77,0,0
2026-11-07 23:11:31,1,0,0,0,0,7.99,105,33091.43,0,0
2026-11-07 23:24:41,0,0,0,0,0,131.03,35,378.48,0,0
2026-11-07 23:47:24,1,0,1,0,0,7.76,201,10404.92,0,0
2026-11-08 00:37:30,0,0,0,0,0,91.11,80,23752.17,0,0
2026-11-08 00:51:56,0,0,0,0,0,249.65,83,11961.05,0,0
2026-11-08 01:27:17,1,0,0,0,0,54.32,67,624.4,0,0
2026-11-08 02:02:56,7,0,0,0,0,147.04,94,1443.35,0,1
2026-11-08 03:40:11,0,1,1,1,0,160.85,188,13200.13,0,0
2026-11-08 07:17:45,0,0,0,0,0,1.04,152,22276.12,0,0
2026-11-08 09:01:39,3,1,0,0,0,246.44,118,37023.15,0,0
2026-11-08 10:01:51,0,0,1,0,1,313.82,1,39180.18,0,1
2026-11-08 10:08:37,3,1,1,1,0,33.23,178,942.68,0,0
2026-11-08 11:40:45,1,0,1,1,0,204.62,74,4952.58,0,0
2026-11-08 11:41:52,0,0,0,0,0,116.02,95,5681.43,0,0
2026-11-08 13:12:30,0,0,0,0,0,46.5,126,2039.55,0,0
2026-11-08 13:16:38,0,0,0,0,0,9.2,232,5102.07,0,0
2026-11-08 16:55:44,0,0,1,1,0,48.81,55,28123.4,0,0
2026-11-08 17:03:26,4,0,0,1,0,339.12,184,4936.48,0,0
2026-11-08 17:59:45,2,0,0,0,0,11.05,104,1444.72,0,0
2026-11-08 18:16:58,1,0,0,0,0,187.17,150,16652.35,0,0
2026-11-08 18:18:29,2,0,1,0,0,39.35,87,18370.85,0,0
2026-11-08 19:07:19,0,0,1,0,0,106.29,22,16410.78,0,0
2026-11-08 21:10:56,1,0,0,0,0,99.84,107,4318.5,0,0
2026-11-08 22:29:00,0,0,0,0,0,39.39,193,49942.98,0,0
2026-11-08 23:46:10,2,0,0,0,0,5.58,197,3711.8,0,0
2026-11-09 00:07:00,0,0,0,0,0,16.11,26,9413.15,0,0
2026-11-09 02:04:16,1,0,0,1,0,83.44,189,5437.57,0,0
2026-11-09 03:32:44,4,0,0,0,0,297.31,209,19467.02,0,1
2026-11-09 04:32:21,0,0,0,0,0,260.06,128,6929.65,0,0
2026-11-09 04:37:14,0,0,0,1,0,12.04,226,34626.77,0,1
2026-11-09 07:50:55,1,0,0,0,0,208.13,181,10921.33,0,0
2026-11-09 08:59:11,0,0,0,0,0,26.63,112,10167.77,0,0
2026-11-09 11:03:59,1,0,0,0,0,240.65,223,30183.32,0,0
2026-11-09 13:21:14,5,0,0,0,0,142.09,162,28552.75,0,0
2026-11-09 13:41:41,0,0,0,0,0,325.1,78,15009.7,0,0
2026-11-09 13:50:44,0,0,0,0,0,58.29,128,558.38,0,0
2026-11-09 13:51:39,1,0,0,0,0,131.52,140,5954.18,0,0
2026-11-09 14:16:24,0,0,1,0,0,132.91,228,27097.9,0,0
2026-11-09 14:33:44,0,0,0,0,0,68.55,79,22203.97,0,0
2026-11-09 14:34:25,4,0,0,0,0,366.98,3,10859.18,0,0
2026-11-09 14:48:21,1,0,0,0,0,27.93,73,5849.73,0,0
2026-11-09 16:39:08,0,0,1,1,0,428.41,10,24011.63,0,0
2026-11-09 18:30:20,0,0,0,0,0,167.19,69,8058.72,0,0
2026-11-09 20:08:06,1,0,0,0,0,95.74,130,4114.43,0,0
2026-11-09 20:18:15,2,0,1,0,0,7.86,218,11613.32,0,1
2026-11-09 22:00:54,3,0,1,0,1,450.37,70,9412.38,0,0
2026-11-09 22:33:48,0,0,0,0,0,184.06,237,7459.02,0,0
2026-11-09 22:50:28,5,0,1,1,1,1953.78,134,10265.03,0,0
2026-11-10 00:14:50,1,0,1,0,0,328.86,69,344.5,0,0
2026-11-10 00:31:26,1,0,0,0,0,50.55,174,47360.12,0,0
2026-11-10 02:08:21,1,0,0,0,0,224.86,92,9479.57,0,0
2026-11-10 03:05:53,0,0,0,0,0,197.92,83,3013.95,0,0
2026-11-10 05:59:01,6,0,0,0,0,338.54,24,15104.42,0,1
2026-11-10 06:08:36,0,1,0,0,1,477.11,165,4494.05,0,0
2026-11-10 08:11:26,0,0,1,0,0,68.23,218,713.18,0,0
2026-11-10 08:35:51,3,1,1,0,0,8.44,207,8166.88,0,0
2026-11-10 09:09:16,1,0,1,1,0,89.38,233,49541.77,0,0
2026-11-10 10:49:18,3,0,0,0,0,131.8,144,20127.87,0,0
2026-11-10 11:03:04,1,0,0,0,0,27.18,180,10090.4,0,0
2026-11-10 11:10:01,0,0,1,1,0,18.59,95,2848.15,0,0
2026-11-10 12:39:51,4,0,0,0,0,102.03,236,18615.83,0,0
2026-11-10 13:03:45,0,0,0,0,0,49.94,116,19207.27,0,0
2026-11-10 13:12:18,3,0,0,0,0,55.61,110,49931.72,0,0
2026-11-10 13:21:28,0,0,0,0,0,63.7,178,3072.85,0,0
2026-11-10 14:17:58,3,1,1,1,0,71.64,29,12640.25,0,0
2026-11-10 14:51:37,0,0,1,0,0,21.76,243,10128.33,0,0
2026-11-10 15:06:24,1,0,0,0,0,86.21,55,2770.67,0,1
2026-11-10 20:44:10,4,0,1,1,0,7.16,214,4235.43,0,0
2026-11-10 21:52:13,0,0,0,0,0,12.05,55,405.82,0,0
2026-11-10 22:04:58,2,0,0,0,0,124.32,167,26741.82,0,0
2026-11-10 22:35:15,3,0,0,0,0,131.47,185,23766.08,0,0
2026-11-11 00:40:21,2,0,0,0,0,30.97,19,5507.2,0,0
2026-11-11 01:06:18,4,0,0,0,0,20.42,134,1575.83,0,0
2026-11-11 01:19:25,0,0,1,0,0,5.55,178,717.95,0,0
2026-11-11 01:26:36,0,0,0,1,1,814.21,35,4441.92,0,0
2026-11-11 01:33:56,0,0,0,0,0,71.14,118,3872.28,0,0
2026-11-11 02:24:08,0,0,1,1,1,3445.79,171,52001.42,0,0
2026-11-11 02:55:48,0,0,1,0,0,0.25,241,6042.83,0,0
2026-11-11 03:37:54,1,0,0,0,0,52.06,56,12957.73,0,0
2026-11-11 05:17:51,0,0,0,0,0,54.35,36,6962.95,0,0
2026-11-11 05:21:08,0,0,0,0,0,217.64,245,14116.17,0,0
2026-11-11 05:34:35,0,0,0,0,0,21.82,15,11818.65,0,0
2026-11-11 06:09:41,3,0,0,0,0,6.85,37,13560.88,0,0
2026-11-11 06:39:39,1,0,0,0,0,48.06,182,17895.38,0,0
2026-11-11 07:35:07,0,0,0,0,0,94.76,107,3504.18,0,0
2026-11-11 07:36:25,4,0,1,0,1,2929.42,209,3123.68,0,0
2026-11-11 07:59:53,0,0,0,0,0,31.34,125,7344.5,0,0
2026-11-11 08:42:45,7,0,0,0,0,28.94,8,9452.53,0,0
2026-11-11 09:16:43,1,0,0,0,0,39.45,13,11004.3,0,0
2026-11-11 09:33:41,0,0,0,0,0,12.58,208,6924.93,0,1
2026-11-11 09:41:35,1,0,1,1,0,378.17,69,2006.75,0,0
2026-11-11 11:13:12,2,0,0,0,0,77.79,192,15864.38,0,0
2026-11-11 11:19:01,0,0,1,0,0,31.78,179,19554.33,0,0
2026-11-11 11:35:58,3,0,0,0,0,44.9,152,4578.22,0,0
2026-11-11 12:06:02,0,0,0,1,0,200.96,218,1674.6,0,0
2026-11-11 13:36:19,0,1,1,0,1,1680.02,83,2070.43,0,0
2026-11-11 14:05:08,0,0,0,0,0,80.57,67,5077.85,0,0
2026-11-11 14:35:52,0,0,0,0,0,129.03,8,353.12,0,1
2026-11-11 14:42:20,0,0,1,0,0,140.99,26,3755.33,0,0
2026-11-11 15:27:54,4,0,0,1,0,21.59,46,6973.7,0,0
2026-11-11 16:21:07,0,0,0,1,0,17.28,232,4504.48,0,0
2026-11-11 16:53:55,0,0,0,0,0,340.21,223,3229.93,0,0
2026-11-11 18:00:18,1,0,1,0,1,308.19,221,28167.57,0,0
2026-11-11 18:14:38,4,1,1,0,0,62.5,95,1864.62,0,0
2026-11-11 19:10:40,7,0,1,0,1,6092.59,83,334.35,0,1
2026-11-11 19:28:45,2,0,0,0,0,53.99,175,7961.15,0,0
2026-11-11 20:23:15,6,0,0,0,0,72.33,148,9932.08,0,0
2026-11-11 21:04:44,2,0,0,0,0,160.13,45,20456.28,0,0
2026-11-11 21:30:39,6,0,1,0,0,41.61,214,1486.48,0,0
2026-11-11 22:06:02,2,0,1,1,0,56.39,157,10240.2,0,0
2026-11-11 22:32:44,0,0,0,0,0,40.37,173,13059.53,0,0
2026-11-11 23:38:35,0,0,0,0,0,33.88,11,7533.97,0,0
2026-11-12 01:10:34,1,0,1,0,0,63.83,1,5228.72,0,0
2026-11-12 02:24:36,0,0,1,1,0,137.0,137,62292.43,0,0
2026-11-12 03:23:06,0,0,0,0,0,201.96,210,7018.55,0,0
2026-11-12 03:45:53,1,0,0,0,0,63.51,1,155.32,0,0
2026-11-12 04:51:00,5,0,0,1,0,38.71,197,4624.83,0,0
2026-11-12 07:00:30,0,0,0,0,0,242.58,55,1988.28,0,0
2026-11-12 07:08:59,2,0,1,0,0,40.94,239,12230.97,0,0
2026-11-12 11:59:57,2,0,0,0,0,149.17,204,8000.8,0,0
2026-11-12 12:28:48,6,0,0,1,0,138.08,220,19645.35,0,1
2026-11-12 12:35:29,5,0,0,0,0,5.11,24,3276.47,0,0
2026-11-12 12:36:52,2,0,1,1,0,19.56,229,7330.75,0,1
2026-11-12 15:08:27,1,0,0,0,0,85.06,120,9860.0,0,0
2026-11-12 16:15:25,0,1,1,0,0,202.21,30,11566.38,0,0
2026-11-12 18:36:55,1,0,1,0,0,90.14,211,25740.93,0,0
2026-11-12 19:31:37,2,0,0,1,0,135.76,167,2726.65,0,0
2026-11-12 23:37:23,4,0,0,0,0,132.58,40,20918.45,0,0
2026-11-13 01:49:51,2,0,1,0,0,68.19,59,8385.67,0,0
2026-11-13 02:48:18,0,0,0,0,0,82.28,240,31342.07,0,0
2026-11-13 04:53:18,1,0,0,0,0,7.39,53,8554.23,0,0
2026-11-13 05:09:22,0,1,1,0,0,262.74,85,7974.9,0,0
2026-11-13 06:52:56,0,0,1,1,1,1682.88,23,16147.48,0,0
2026-11-13 07:26:13,0,0,0,0,0,16.78,242,17196.4,0,0
2026-11-13 08:23:35,0,0,1,0,1,419.58,3,5389.17,0,0
2026-11-13 11:54:15,3,0,0,0,0,0.47,201,7926.85,0,0
2026-11-13 12:03:40,0,0,1,0,0,30.65,142,16215.03,0,0
2026-11-13 12:09:22,0,0,1,0,0,38.07,31,14385.78,0,0
2026-11-13 12:19:29,5,0,0,0,0,114.93,247,13178.18,0,0
2026-11-13 12:29:17,0,0,1,0,1,971.28,6,14050.05,0,0
2026-11-13 12:56:15,0,0,0,0,0,185.01,129,30077.85,0,0
2026-11-13 14:50:26,0,0,1,0,0,9.08,203,14911.67,0,0
2026-11-13 14:57:25,0,0,1,1,1,1841.49,183,13597.48,0,0
2026-11-13 15:35:34,0,0,0,0,0,207.86,236,4495.72,0,0
2026-11-13 16:03:02,0,0,0,0,0,54.7,213,31842.37,0,0
2026-11-13 17:13:55,1,0,0,1,0,34.07,118,3819.98,0,0
2026-11-13 17:54:00,0,0,0,0,0,58.98,18,18698.42,0,0
2026-11-13 17:54:28,0,1,1,1,0,155.52,88,28214.85,0,0
2026-11-13 18:34:47,3,0,1,0,0,251.38,122,48368.93,0,0
2026-11-13 19:36:12,0,1,1,0,0,6.78,70,5615.3,0,0
2026-11-13 20:00:02,4,0,0,0,0,75.19,239,2211.05,0,0
2026-11-13 20:13:17,0,0,1,0,0,102.08,34,19286.1,0,0
2026-11-13 21:25:21,0,0,0,0,0,1.76,200,23551.5,0,0
2026-11-13 21:58:29,2,0,0,0,0,20.0,145,35610.03,0,0
2026-11-13 22:03:39,0,0,0,0,0,6.46,31,594.28,0,0
2026-11-13 22:50:11,0,0,0,0,0,34.3,94,8447.25,0,0
2026-11-13 23:30:16,1,0,1,0,0,22.99,236,474.7,0,0
2026-11-14 00:37:02,0,1,1,1,1,1000.64,124,16002.63,0,0
2026-11-14 00:42:45,2,1,1,0,1,1597.8,222,42328.42,0,1
2026-11-14 02:29:30,4,0,0,0,0,184.65,2,28396.13,0,0
2026-11-14 05:05:05,0,0,0,0,0,36.28,157,3299.05,0,0
2026-11-14 06:21:18,1,0,0,0,0,5.17,144,5492.0,0,0
2026-11-14 06:53:49,1,0,0,1,0,0.39,69,4152.23,0,0
2026-11-14 07:34:13,7,0,0,0,0,186.14,198,19813.75,0,0
2026-11-14 07:40:42,3,0,0,0,0,210.48,245,4459.57,0,0
2026-11-14 08:15:52,4,0,1,0,0,10.65,82,33053.55,0,0
2026-11-14 08:38:47,0,0,0,0,0,1.02,77,21149.52,0,0
2026-11-14 08:47:18,2,0,0,0,1,2416.15,163,15459.53,0,0
2026-11-14 08:51:15,0,0,0,1,0,102.37,186,12254.3,0,0
2026-11-14 10:13:20,0,0,1,1,1,1218.38,132,24739.02,0,0
2026-11-14 10:38:30,5,0,1,1,0,76.19,8,4082.63,0,0
2026-11-14 11:08:33,0,0,0,0,0,148.62,33,17675.95,0,0
2026-11-14 12:32:19,6,0,1,1,0,34.72,182,4672.67,0,0
2026-11-14 12:33:29,0,0,1,0,0,49.28,75,23735.07,0,0
2026-11-14 13:11:27,3,0,0,0,0,8.1,135,14065.25,0,0
2026-11-14 13:49:43,0,0,1,0,0,83.5,25,26762.7,0,0
2026-11-14 14:35:28,0,0,0,0,0,323.94,147,11044.77,0,0
2026-11-14 15:26:45,0,0,1,0,1,500.8,186,395.5,0,0
2026-11-14 15:34:07,1,0,0,0,0,264.86,60,41618.38,0,1
2026-11-14 15:34:26,0,0,1,0,1,1959.6,195,21858.02,0,0
2026-11-14 15:36:40,1,1,0,0,0,26.64,106,12466.58,0,0
2026-11-14 16:07:24,0,0,1,0,1,1630.86,164,11151.42,0,0
2026-11-14 16:10:54,0,0,0,0,0,45.61,193,8261.9,0,0
2026-11-14 16:53:29,0,1,1,0,0,13.05,103,9860.95,0,0
2026-11-14 16:54:53,0,1,1,0,0,9.73,59,2345.03,0,0
2026-11-14 17:28:47,3,0,0,0,0,1.74,234,18258.35,0,1
2026-11-14 17:57:27,4,0,0,0,0,159.85,227,11401.28,0,0
2026-11-14 18:39:30,0,0,0,0,0,216.15,245,658.8,0,0
2026-11-14 18:51:34,1,0,0,0,0,65.88,11,4032.98,0,0
2026-11-14 19:52:48,2,0,0,0,0,73.38,46,4584.9,0,0
2026-11-14 21:22:03,0,0,0,1,0,117.63,92,6913.7,0,0
2026-11-14 22:51:53,0,0,0,0,0,120.7,71,30082.9,0,0
2026-11-14 23:53:33,1,0,0,0,0,39.18,78,7811.87,0,0
2026-11-15 01:20:05,0,1,0,0,0,17.34,85,2650.72,0,0
2026-11-15 01:56:38,0,0,0,0,0,56.29,6,2247.35,0,0
2026-11-15 03:40:45,0,0,0,0,0,119.41,228,8004.35,0,0
2026-11-15 05:47:33,1,1,0,0,0,163.07,225,17963.98,0,1
2026-11-15 06:04:40,0,0,0,0,0,9.34,135,1013.22,0,0
2026-11-15 06:30:35,0,0,1,0,0,88.75,189,8906.32,0,0
2026-11-15 08:03:45,0,0,1,0,0,5.56,60,989.63,0,0
2026-11-15 09:57:55,0,0,0,0,0,174.17,159,26505.02,0,0
2026-11-15 10:20:06,0,0,0,0,0,109.9,114,10897.32,0,0
2026-11-15 11:05:40,4,0,0,0,0,119.28,219,22060.02,0,0
2026-11-15 11:29:54,0,0,1,1,1,2151.45,23,3156.97,0,0
2026-11-15 12:54:58,1,0,0,0,0,68.45,129,2878.72,0,1
2026-11-15 15:37:04,0,0,0,0,0,35.51,169,21560.27,0,0
2026-11-15 15:48:48,1,0,1,0,0,154.02,90,17923.5,0,0
2026-11-15 16:24:01,1,0,0,0,0,150.22,36,6426.17,0,0
2026-11-15 16:29:40,0,0,1,1,0,14.5,185,6834.42,0,0
2026-11-15 18:48:18,3,1,1,0,1,3495.9,35,6801.7,0,0
2026-11-15 19:02:46,0,0,1,1,0,25.0,50,19240.37,0,0
2026-11-15 19:35:01,3,0,0,0,0,36.59,111,20768.72,0,0
2026-11-15 20:05:56,0,0,0,0,0,24.32,53,3792.63,0,0
2026-11-15 20:48:35,7,0,0,0,0,336.96,195,1754.15,0,0
2026-11-15 21:55:02,2,0,0,0,0,35.59,246,20642.4,0,0
2026-11-15 22:09:11,6,0,0,0,0,355.44,212,34004.72,0,0
2026-11-15 23:58:26,1,0,0,0,0,101.59,180,7975.37,0,0
2026-11-16 00:14:13,0,0,0,0,0,19.43,170,16494.18,0,0
2026-11-16 00:55:29,2,0,0,0,0,80.71,149,31835.55,0,0
2026-11-16 00:56:10,4,0,0,0,0,213.93,158,32330.82,0,0
2026-11-16 01:06:35,6,0,1,0,0,82.48,63,13182.93,0,0
2026-11-16 01:46:51,0,0,0,1,0,14.22,38,16390.33,0,1
2026-11-16 02:04:17,2,1,0,0,0,33.82,42,11812.02,0,0
2026-11-16 02:42:18,0,0,1,0,0,25.46,122,3367.52,0,1
2026-11-16 03:26:27,1,1,1,0,0,13.45,94,3156.27,0,0
2026-11-16 04:48:25,0,0,0,0,0,39.64,26,6606.08,0,0
2026-11-16 05:11:36,0,0,0,0,0,108.19,6,1634.97,0,0
2026-11-16 05:40:06,5,0,1,0,0,48.21,215,14155.58,0,0
2026-11-16 06:58:16,0,0,0,0,0,58.66,135,1493.6,0,0
2026-11-16 07:49:54,1,0,0,0,0,38.66,127,15141.02,0,0
2026-11-16 09:37:16,1,0,0,0,0,519.79,93,27525.48,0,0
2026-11-16 09:42:25,0,0,0,0,0,88.24,236,3492.15,0,0
2026-11-16 10:14:49,0,0,1,0,0,179.51,148,6591.57,0,0
2026-11-16 11:41:03,1,0,0,0,0,58.22,203,4130.62,0,0
2026-11-16 12:43:03,0,0,0,0,0,18.47,134,7896.75,0,0
2026-11-16 13:14:29,3,0,1,1,1,2814.09,212,905.3,0,0
2026-11-16 13:52:42,6,0,0,0,0,144.15,178,7953.28,0,0
2026-11-16 15:15:24,0,0,0,0,0,40.02,27,13815.2,0,0
2026-11-16 15:20:03,0,1,1,1,0,93.25,222,3757.3,0,0
2026-11-16 16:31:21,0,0,1,1,0,9.81,80,12473.85,0,1
2026-11-16 18:43:04,2,0,1,0,0,2.67,176,23377.03,0,0
2026-11-16 20:22:50,0,0,1,0,0,169.15,248,57583.72,0,0
2026-11-16 20:28:35,0,0,0,0,0,284.61,161,46384.28,0,0
2026-11-16 21:30:12,1,0,1,0,1,632.53,207,9414.35,0,0
2026-11-16 21:54:37,5,0,0,0,0,91.02,224,44013.32,0,0
2026-11-16 22:46:12,0,0,0,0,0,126.33,85,2726.12,0,0
2026-11-16 23:27:56,0,0,1,1,1,2055.88,227,3210.48,0,0
2026-11-17 00:22:06,6,0,1,0,0,65.6,182,3589.78,0,0
2026-11-17 00:53:11,1,0,1,1,1,1425.09,104,11933.43,0,0
2026-11-17 02:03:13,2,0,1,1,0,107.02,129,2228.25,0,0
2026-11-17 02:35:42,1,0,1,0,0,10.9,154,17096.23,0,0
2026-11-17 03:40:13,6,1,1,0,0,103.59,116,9516.47,0,0
2026-11-17 04:27:18,1,0,0,0,0,71.51,228,2926.55,0,0
2026-11-17 04:33:22,4,0,0,0,0,47.56,219,2487.7,0,0
2026-11-17 04:35:38,1,0,0,0,0,30.35,118,5001.72,0,0
2026-11-17 05:05:35,2,0,0,0,0,101.59,81,27238.8,0,0
2026-11-17 06:14:43,0,0,1,1,0,18.24,192,8341.52,0,0
2026-11-17 07:28:23,0,0,0,0,1,2497.71,60,2844.63,0,0
2026-11-17 07:42:11,2,0,0,0,0,18.85,15,8767.6,0,0
2026-11-17 09:23:11,0,0,0,0,0,147.67,239,5123.15,0,0
2026-11-17 09:51:13,1,0,0,0,0,170.06,150,12454.25,0,0
2026-11-17 10:32:11,0,0,1,0,0,280.77,26,1783.77,0,0
2026-11-17 11:19:03,3,0,1,0,0,62.23,137,7734.45,0,0
2026-11-17 12:25:39,0,0,0,0,0,6.58,33,4397.1,0,0
2026-11-17 12:36:40,3,0,0,0,0,113.22,60,308.28,0,0
2026-11-17 12:51:38,1,0,0,0,0,33.22,187,25075.9,0,0
2026-11-17 13:14:16,0,0,0,0,0,9.73,11,3982.7,0,0
2026-11-17 13:17:38,1,1,1,0,0,193.63,147,4242.17,0,0
2026-11-17 13:20:03,0,0,0,0,0,15.05,149,2184.57,0,0
2026-11-17 13:34:53,0,0,0,1,0,70.6,170,2240.67,0,0
2026-11-17 14:39:41,0,0,0,0,0,155.36,2,5050.18,0,0
2026-11-17 14:50:34,0,0,1,0,0,22.2,11,96.3,0,0
2026-11-17 16:04:18,7,1,1,1,1,3404.24,179,8925.28,0,0
2026-11-17 16:27:00,0,0,0,0,0,40.28,242,6300.78,0,0
2026-11-17 17:06:52,1,0,0,0,0,50.49,191,41542.7,0,0
2026-11-17 18:43:09,0,0,1,0,0,14.1,132,4829.82,0,0
2026-11-17 19:45:38,1,0,0,0,0,103.41,136,36932.42,0,0
2026-11-17 21:17:49,0,0,1,0,0,68.38,47,69006.88,0,0
2026-11-17 21:19:28,1,0,0,0,0,365.58,9,33528.75,0,0
2026-11-17 21:41:36,2,0,1,1,0,119.84,232,8960.48,0,0
2026-11-18 00:22:35,1,0,1,0,1,2134.39,170,647.7,0,0
2026-11-18 00:43:09,0,0,1,0,0,22.2,170,20.57,0,0
2026-11-18 01:38:13,1,0,0,0,0,124.75,129,1415.0,0,0
2026-11-18 01:57:10,0,1,1,0,0,81.51,217,53521.07,0,0
2026-11-18 02:34:39,0,0,0,0,0,51.72,133,16660.38,0,0
2026-11-18 04:00:09,0,1,1,1,1,2289.43,112,12660.97,0,0
2026-11-18 04:04:57,0,0,0,0,0,384.19,206,15076.43,0,0
2026-11-18 04:36:35,0,0,0,0,0,9.96,98,37605.83,0,0
2026-11-18 05:01:08,2,0,0,0,0,155.54,73,12372.78,0,0
2026-11-18 06:40:55,0,0,0,0,0,251.92,62,48133.78,0,0
2026-11-18 06:43:50,0,0,0,0,1,567.91,226,13086.6,0,0
2026-11-18 06:58:03,0,0,0,0,0,45.1,112,177.9,0,0
2026-11-18 07:34:18,1,0,0,0,0,158.36,17,16681.93,0,0
2026-11-18 07:51:38,1,0,1,1,1,4607.05,99,21653.2,0,1
2026-11-18 08:16:49,0,0,1,0,0,279.56,102,18004.97,0,0
2026-11-18 10:10:45,2,1,0,0,0,5.72,163,5843.45,0,0
2026-11-18 10:47:25,1,0,0,0,0,205.13,102,150.6,0,0
2026-11-18 11:45:34,0,0,1,0,0,88.3,115,22926.9,0,0
2026-11-18 12:54:59,1,0,0,0,0,54.67,192,1840.27,0,0
2026-11-18 13:38:47,1,0,0,0,0,186.78,111,3963.77,0,0
2026-11-18 15:21:00,1,0,0,0,0,161.16,218,10274.97,0,0
2026-11-18 18:34:50,0,0,0,0,0,71.2,114,4814.73,0,0
2026-11-18 18:55:18,0,0,0,0,0,52.89,162,13294.07,0,0
2026-11-18 19:03:18,0,0,1,0,1,959.33,116,2363.08,0,0
2026-11-18 19:25:33,1,0,0,1,0,38.32,126,14773.05,0,0
2026-11-18 21:05:13,3,0,0,0,0,114.11,243,11893.6,0,0
2026-11-18 21:43:35,0,0,1,1,1,3338.9,120,9035.13,0,0
2026-11-18 22:22:07,0,0,0,0,0,28.83,177,27724.0,0,0
2026-11-18 23:07:17,2,0,0,0,0,174.59,198,6693.07,0,0
2026-11-18 23:26:55,3,0,1,0,0,44.75,102,759.5,0,0
2026-11-18 23:35:52,4,0,0,0,0,14.14,197,9764.87,0,0
2026-11-19 05:23:59,1,0,0,0,0,4.13,12,20933.38,0,0
2026-11-19 05:34:16,3,1,1,0,0,65.27,14,52727.95,0,0
2026-11-19 05:41:44,0,0,0,0,0,84.01,10,13742.6,0,0
2026-11-19 05:51:37,0,1,1,0,0,0.61,158,4615.45,0,0
2026-11-19 06:39:16,0,1,1,0,0,105.74,203,4018.22,0,0
2026-11-19 09:12:34,2,0,0,0,0,73.09,76,54325.48,0,0
2026-11-19 10:29:39,0,0,0,0,0,595.84,168,16696.05,0,0
2026-11-19 12:15:58,0,0,0,0,0,11.04,155,56261.05,0,0
2026-11-19 12:42:17,0,0,0,0,0,122.08,193,6991.38,0,0
2026-11-19 13:18:26,0,0,0,0,0,24.47,189,6167.85,0,0
2026-11-19 13:49:00,3,0,0,0,0,23.11,92,6746.95,0,0
2026-11-19 14:24:55,0,1,1,0,0,1.89,181,14794.0,0,0
2026-11-19 15:31:28,0,0,0,0,0,0.66,148,4636.65,0,0
2026-11-19 17:28:36,2,0,0,1,0,20.66,152,11872.63,0,0
2026-11-19 19:42:32,0,0,0,0,0,19.3,27,4587.13,0,0
2026-11-19 19:57:30,1,0,0,0,0,0.04,202,18274.28,0,0
2026-11-19 20:46:01,3,0,0,0,0,126.28,91,20137.85,0,0
2026-11-19 21:20:25,5,0,0,1,1,1050.78,162,1585.12,0,1
2026-11-19 21:30:30,3,1,1,0,0,50.44,106,7553.83,0,1
2026-11-19 22:15:14,0,0,0,1,0,10.96,151,24876.13,0,0
2026-11-19 22:30:12,1,0,0,1,0,40.63,16,25758.87,0,0
2026-11-19 23:55:18,0,0,0,0,0,63.6,178,4922.6,0,0
2026-11-20 01:04:10,0,0,0,0,0,623.88,24,10828.68,0,0
2026-11-20 01:56:49,0,0,0,0,0,71.46,64,27377.92,0,0
2026-11-20 02:10:02,0,0,0,0,0,1.97,219,4176.67,0,0
2026-11-20 04:28:50,3,0,0,1,0,23.29,187,3817.2,0,0
2026-11-20 05:45:05,0,0,0,0,0,43.78,37,12935.4,0,0
2026-11-20 06:07:02,1,0,0,0,0,60.87,76,1254.47,0,0
2026-11-20 06:29:01,0,1,1,0,0,112.17,98,2992.43,0,0
2026-11-20 07:21:55,0,0,0,0,0,89.3,225,7294.37,0,0
2026-11-20 07:35:29,6,0,0,1,1,1067.78,185,6665.82,0,0
2026-11-20 08:59:21,0,0,0,0,0,181.95,98,150.33,0,0
2026-11-20 11:26:56,1,0,0,0,0,21.85,236,5864.52,0,0
2026-11-20 11:51:31,0,0,0,1,0,8.11,11,4140.95,0,0
2026-11-20 11:56:36,0,0,0,0,0,182.14,125,13196.72,0,0
2026-11-20 12:56:40,0,0,1,1,1,930.3,225,334.75,0,0
2026-11-20 13:17:51,3,0,1,0,1,1208.98,28,19422.27,0,0
2026-11-20 15:06:30,0,1,1,1,1,2724.55,203,1947.23,0,0
2026-11-20 15:18:05,0,0,0,0,0,291.53,231,23868.37,0,0
2026-11-20 15:22:53,0,0,0,1,0,80.3,95,12788.25,0,0
2026-11-20 15:42:13,2,0,0,0,0,167.27,222,5782.17,0,0
2026-11-20 16:02:35,2,0,1,0,0,78.7,150,4691.37,0,0
2026-11-20 16:04:34,1,1,0,0,0,3.39,136,4098.93,0,0
2026-11-20 22:27:40,0,0,0,0,0,312.04,239,5104.48,0,0
2026-11-20 22:42:04,4,0,0,0,0,170.25,186,9075.32,0,0
2026-11-20 22:56:42,2,1,1,1,0,140.01,3,10953.12,0,0
2026-11-20 23:34:51,3,0,0,0,0,58.31,147,4937.22,0,0
2026-11-21 00:35:39,3,0,0,0,0,285.68,86,72935.63,0,0
2026-11-21 00:45:38,1,0,0,0,0,67.3,230,21855.85,0,0
2026-11-21 01:24:52,0,0,0,0,0,127.58,195,7476.28,0,0
2026-11-21 01:57:41,3,0,0,0,0,10.6,22,17690.37,0,0
2026-11-21 02:10:47,4,0,1,0,0,24.7,13,13974.07,0,0
2026-11-21 02:12:47,0,0,1,0,0,55.2,113,25742.22,0,0
2026-11-21 02:50:05,0,0,0,0,0,87.06,161,6141.5,0,0
2026-11-21 05:49:52,5,0,0,0,0,163.76,143,37424.62,0,0
2026-11-21 05:51:47,0,0,0,0,0,27.56,197,3255.92,0,0
2026-11-21 08:19:17,3,0,0,0,0,148.88,116,3675.98,0,0
2026-11-21 09:02:41,0,0,0,0,0,220.72,11,1271.17,0,0
2026-11-21 09:36:13,0,0,0,0,0,170.62,34,10882.93,0,0
2026-11-21 10:16:45,0,0,0,0,0,97.4,94,7610.3,0,0
2026-11-21 10:44:35,0,0,0,0,0,166.07,189,2726.15,0,0
2026-11-21 11:35:54,0,0,0,0,0,209.97,67,14250.77,0,0
2026-11-21 13:28:24,0,1,1,0,0,80.99,48,49257.95,0,0
2026-11-21 13:47:52,2,0,0,1,0,166.16,1,13561.98,0,0
2026-11-21 14:02:54,7,1,0,0,0,54.67,93,7465.63,0,1
2026-11-21 14:35:28,0,0,1,1,0,73.91,150,1352.88,0,0
2026-11-21 14:40:17,1,0,0,0,0,5.4,122,7917.98,0,0
2026-11-21 15:53:35,1,0,0,0,0,214.98,94,336.83,0,0
2026-11-21 16:19:53,1,0,1,0,0,15.13,53,8413.95,0,0
2026-11-21 17:59:15,1,0,0,0,0,32.32,170,5356.1,0,0
2026-11-21 18:05:51,0,0,1,1,0,38.19,32,24131.03,0,0
2026-11-21 20:54:14,0,0,0,0,0,12.32,230,1208.6,0,0
2026-11-21 21:03:53,0,0,1,0,0,254.79,235,23941.32,0,0
2026-11-21 21:51:59,0,0,1,0,1,5261.52,118,6796.35,0,0
2026-11-21 22:31:37,2,0,0,0,0,200.39,162,2951.2,0,0
2026-11-21 22:50:08,0,0,1,0,0,42.52,139,27755.98,0,0
2026-11-21 22:51:50,4,0,0,1,0,5.68,238,23621.68,0,0
2026-11-21 23:02:48,4,0,0,0,0,20.2,136,1858.23,0,0
2026-11-22 00:26:15,6,1,0,0,0,147.88,207,7376.05,0,0
2026-11-22 01:08:02,5,0,0,0,0,33.68,142,12304.37,0,0
2026-11-22 02:22:09,0,0,0,0,0,223.12,38,8675.3,0,0
2026-11-22 02:23:52,1,1,0,0,0,180.26,110,16631.57,0,0
2026-11-22 03:34:37,0,0,1,0,1,405.64,190,34183.25,0,0
2026-11-22 03:39:21,3,0,0,0,0,118.24,242,6432.35,0,0
2026-11-22 03:42:07,4,0,0,0,0,58.39,113,1529.33,0,0
2026-11-22 03:49:55,3,0,0,0,0,24.2,157,11444.83,0,0
2026-11-22 04:25:22,0,0,0,0,0,89.19,201,12511.12,0,0
2026-11-22 05:00:59,2,0,1,0,1,2724.32,20,59038.85,0,1
2026-11-22 06:12:41,0,0,0,0,0,261.45,45,14947.95,0,0
2026-11-22 06:45:20,0,0,0,0,0,6.05,125,2568.73,0,0
2026-11-22 06:47:17,2,0,0,0,0,54.25,106,3436.78,0,0
2026-11-22 06:59:46,0,0,1,1,1,1391.11,64,3182.95,0,0
2026-11-22 08:21:00,7,0,0,0,0,41.25,143,1591.13,0,0
2026-11-22 08:35:05,0,0,1,0,0,38.22,75,11281.6,0,0
2026-11-22 09:19:46,3,1,0,0,0,147.81,120,5016.18,0,0
2026-11-22 09:34:16,0,0,0,0,0,152.56,226,5930.43,0,0
2026-11-22 09:45:35,3,1,1,1,1,1958.02,31,12221.93,0,0
2026-11-22 10:00:38,3,0,1,0,0,228.79,93,1197.73,0,0
2026-11-22 10:05:25,4,0,0,0,0,68.26,25,11295.7,0,0
2026-11-22 13:05:17,0,0,0,0,0,155.03,248,8202.45,0,0
2026-11-22 13:56:55,5,0,0,0,0,1.13,203,2810.42,0,1
2026-11-22 15:04:46,0,1,0,0,0,437.64,2,7225.08,0,0
2026-11-22 15:24:40,0,0,0,0,0,251.62,41,22553.45,0,0
2026-11-22 15:26:55,0,0,0,0,0,184.1,72,28628.55,0,0
2026-11-22 18:57:52,3,0,0,0,1,1329.25,130,18649.77,0,0
2026-11-22 19:15:40,0,0,0,0,0,78.56,102,5508.75,0,0
2026-11-22 19:34:10,3,0,0,0,0,16.27,181,4629.25,0,0
2026-11-22 19:47:22,2,1,0,0,0,5.55,194,63121.68,0,0
2026-11-22 21:06:57,0,0,0,1,0,29.55,200,12941.6,0,0
2026-11-22 21:31:14,5,1,0,0,0,16.37,223,16117.32,0,0
2026-11-22 22:13:44,0,0,0,0,0,82.28,33,7788.08,0,0
2026-11-22 23:52:13,4,0,0,0,0,40.43,216,24665.48,0,0
2026-11-23 00:37:23,0,0,0,0,0,49.08,118,1605.4,0,0
2026-11-23 00:37:31,1,0,0,0,0,2.67,25,872.1,0,0
2026-11-23 01:35:40,0,0,1,0,0,79.54,230,1721.43,0,0
2026-11-23 02:04:22,0,0,1,1,1,1601.39,129,7226.15,0,0
2026-11-23 02:35:11,0,0,0,0,0,40.71,90,10726.38,0,0
2026-11-23 02:38:31,0,0,1,0,0,14.07,110,1454.65,0,0
2026-11-23 03:59:22,0,0,0,0,0,121.65,149,8079.32,0,0
2026-11-23 05:42:01,0,0,0,0,0,13.81,215,10081.92,0,0
2026-11-23 05:53:30,0,0,0,0,0,169.75,100,48648.48,0,0
2026-11-23 06:22:08,2,0,1,1,0,78.97,52,73245.15,0,0
2026-11-23 06:30:39,1,0,1,0,1,406.62,60,8273.98,0,0
2026-11-23 06:34:27,4,0,0,0,0,229.0,48,2466.05,0,0
2026-11-23 08:24:39,1,0,0,0,0,15.29,67,2688.75,0,0
2026-11-23 08:40:54,1,0,0,0,0,91.93,120,1401.13,0,0
2026-11-23 10:38:59,1,0,0,0,0,96.11,5,34913.07,0,0
2026-11-23 11:32:50,0,0,0,0,0,3.8,93,1532.2,0,0
2026-11-23 12:08:31,1,0,0,0,0,94.09,27,5305.98,0,0
2026-11-23 12:46:19,0,0,0,0,0,118.49,28,4288.47,0,0
2026-11-23 12:48:16,3,0,0,0,0,240.94,142,2140.23,0,0
2026-11-23 13:03:33,2,0,1,0,0,123.42,108,25089.03,0,0
2026-11-23 15:28:21,0,0,0,1,0,66.25,6,10696.75,0,0
2026-11-23 15:43:57,2,0,0,0,0,191.94,14,6369.68,0,0
2026-11-23 16:30:30,0,0,0,1,1,654.94,19,18230.15,0,0
2026-11-23 18:48:25,0,0,0,0,0,193.46,129,1004.05,0,0
2026-11-23 22:55:52,0,0,0,0,0,185.77,248,2030.58,0,0
2026-11-24 00:21:36,2,0,0,0,1,1388.22,62,8260.68,0,0
2026-11-24 01:48:54,2,0,1,0,0,42.25,29,19410.93,0,0
2026-11-24 03:25:44,3,0,1,0,0,89.45,168,6776.08,0,0
2026-11-24 03:47:22,0,0,0,0,0,236.34,247,15327.88,0,0
2026-11-24 03:59:44,1,0,0,0,0,101.21,7,33225.83,0,0
2026-11-24 05:35:16,2,0,0,0,0,183.27,84,45205.4,0,0
2026-11-24 05:42:52,0,1,1,0,0,42.25,172,28821.7,0,0
2026-11-24 06:11:08,1,0,0,0,0,34.57,74,22710.38,0,0
2026-11-24 06:48:44,0,0,0,0,0,29.55,102,2133.07,0,0
2026-11-24 09:41:45,0,0,0,0,0,67.58,70,15245.55,0,0
2026-11-24 10:18:15,0,0,0,0,0,56.56,141,30709.42,0,0
2026-11-24 12:23:47,1,0,0,1,0,192.57,77,14625.0,0,0
2026-11-24 13:49:13,0,0,0,0,0,11.95,200,2442.27,0,0
2026-11-24 15:04:43,0,0,0,0,0,80.75,95,5741.83,0,0
2026-11-24 15:49:47,0,0,1,1,0,51.65,145,15471.3,0,1
2026-11-24 16:36:43,0,0,0,0,0,277.37,112,9218.67,0,0
2026-11-24 17:05:15,0,0,0,1,0,155.3,22,5227.57,0,0
2026-11-24 17:10:41,0,0,0,0,0,56.8,82,14934.82,0,0
2026-11-24 17:53:40,1,0,0,0,0,102.34,133,9559.02,0,0
2026-11-24 17:55:02,0,0,0,0,0,136.88,9,9875.57,0,0
2026-11-24 18:19:47,2,0,0,0,0,7.38,209,19363.37,0,0
2026-11-24 22:15:50,2,0,0,0,0,112.0,70,754.08,0,0
2026-11-24 23:24:06,0,0,0,0,0,15.02,121,29373.85,0,0
2026-11-24 23:43:26,0,0,0,0,0,20.94,181,3129.27,0,0
2026-11-25 00:45:07,3,0,0,0,0,61.84,69,15471.3,0,0
2026-11-25 01:54:30,0,0,1,0,0,388.5,159,13916.58,0,0
2026-11-25 02:22:19,0,0,0,1,0,303.98,107,19847.2,0,0
2026-11-25 02:40:17,0,0,0,0,0,232.56,174,21728.85,0,0
2026-11-25 04:34:42,1,0,0,0,0,3.49,131,26777.4,0,0
2026-11-25 04:48:08,1,0,0,0,0,191.62,18,16494.13,0,0
2026-11-25 04:52:18,7,0,0,0,0,149.69,183,16674.88,0,0
2026-11-25 05:07:53,4,0,1,1,0,69.07,111,9569.1,0,1
2026-11-25 06:21:11,0,0,0,1,0,39.37,19,2270.68,0,0
2026-11-25 07:01:13,0,0,0,1,0,140.89,190,4526.6,0,0
2026-11-25 07:13:06,0,0,0,0,0,11.32,14,2369.15,0,0
2026-11-25 08:35:12,0,0,0,0,0,105.11,83,19524.53,0,0
2026-11-25 09:10:44,0,0,0,0,0,111.44,146,25515.3,0,0
2026-11-25 09:19:27,0,0,0,0,0,80.68,189,5674.87,0,0
2026-11-25 09:33:40,0,0,0,0,0,210.19,68,44939.75,0,0
2026-11-25 11:20:39,0,0,1,1,1,600.4,40,17983.27,0,0
2026-11-25 14:23:31,0,0,1,0,1,975.59,116,6124.23,0,0
2026-11-25 14:34:14,6,0,0,0,0,142.16,100,3400.73,0,0
2026-11-25 14:44:03,1,0,0,1,0,126.12,250,40617.78,0,0
2026-11-25 16:21:08,7,0,1,0,1,1239.88,250,97.08,0,0
2026-11-25 17:38:48,0,0,0,0,0,31.76,189,499.35,0,0
2026-11-25 19:28:28,0,0,1,0,0,34.85,44,29945.68,0,0
2026-11-25 20:17:38,0,0,1,0,0,135.17,166,61089.15,0,0
2026-11-25 20:46:04,0,0,1,0,1,8.64,41,4641.4,0,0
2026-11-25 21:24:12,0,0,0,0,0,105.77,131,1009.5,0,0
2026-11-25 21:47:34,5,0,0,0,0,28.54,231,7589.48,0,0
2026-11-25 23:53:04,7,0,0,0,0,111.78,14,999.97,0,0
2026-11-26 00:00:43,0,0,0,0,0,20.69,20,5459.73,0,0
2026-11-26 00:54:34,0,1,1,0,0,47.23,79,23660.83,0,0
2026-11-26 01:41:43,0,0,0,1,0,140.17,28,3655.4,0,0
2026-11-26 02:12:31,0,0,0,0,0,140.73,76,8405.48,0,0
2026-11-26 02:14:08,0,0,0,0,0,23.53,183,1281.83,0,0
2026-11-26 02:42:01,0,0,0,0,0,47.21,36,15018.0,0,0
2026-11-26 03:52:55,0,0,0,0,0,69.82,230,4457.25,0,0
2026-11-26 05:52:35,0,0,0,0,0,88.52,125,5707.25,0,0
2026-11-26 06:07:41,0,0,0,0,0,135.65,67,4183.03,0,0
2026-11-26 07:12:31,0,0,0,0,0,2.39,164,16745.12,0,0
2026-11-26 07:53:01,0,1,0,0,0,12.25,69,1867.9,0,0
2026-11-26 07:53:54,7,0,1,0,0,17.16,39,28829.73,0,0
2026-11-26 11:09:57,0,0,1,1,1,317.31,142,4221.68,0,0
2026-11-26 11:27:21,3,0,1,0,0,3.07,124,17930.32,0,0
2026-11-26 11:47:02,3,0,1,0,1,3797.46,126,11061.48,0,0
2026-11-26 12:08:25,5,0,0,0,0,17.7,145,2658.63,0,0
2026-11-26 12:35:31,2,0,0,0,0,7.65,8,17397.02,0,0
2026-11-26 13:30:48,1,0,1,0,0,63.81,102,3282.07,0,1
2026-11-26 15:24:42,3,0,0,0,0,283.33,13,7993.92,0,0
2026-11-26 15:43:07,0,0,1,0,0,333.5,200,2993.9,0,0
2026-11-26 16:29:35,0,0,0,0,0,112.83,56,22371.68,0,0
2026-11-26 17:13:09,7,0,1,0,0,19.64,41,1227.08,0,0
2026-11-26 17:55:47,2,0,1,0,0,0.38,180,15477.35,0,0
2026-11-26 18:02:18,6,0,0,0,0,40.8,179,13078.0,0,0
2026-11-26 18:15:19,2,0,0,0,0,13.41,77,3231.53,0,0
2026-11-26 19:25:17,3,0,0,0,0,140.69,17,12230.98,0,0
2026-11-26 20:49:16,2,0,0,0,0,347.72,153,50647.18,0,0
2026-11-26 20:52:48,2,0,0,0,0,8.74,75,6497.72,0,0
2026-11-26 21:10:31,1,0,0,0,0,50.57,61,28455.75,0,0
2026-11-26 22:24:04,4,1,0,0,0,232.76,240,19895.77,0,0
2026-11-27 00:26:33,3,0,1,1,0,130.3,34,8090.33,0,0
2026-11-27 01:11:12,3,0,0,0,0,203.85,249,31808.38,0,0
2026-11-27 01:28:07,1,0,1,1,1,3845.5,173,21775.38,0,0
2026-11-27 02:39:29,0,0,0,0,0,53.21,106,6952.2,0,0
2026-11-27 03:09:03,0,0,0,0,0,118.31,29,4400.15,0,0
2026-11-27 04:44:28,5,0,0,0,0,123.56,12,11480.48,0,0
2026-11-27 05:28:28,1,0,1,0,0,99.65,40,2527.82,0,0
2026-11-27 05:31:49,0,0,0,0,0,39.42,41,738.67,0,0
2026-11-27 05:57:15,0,0,0,1,1,2677.2,194,6369.88,0,0
2026-11-27 06:01:15,3,0,1,1,0,146.49,123,34695.43,0,0
2026-11-27 08:49:16,3,0,1,0,0,58.92,199,50240.93,0,0
2026-11-27 09:33:19,3,0,1,0,1,819.6,183,1879.18,0,0
2026-11-27 10:26:01,1,1,0,0,0,1.08,51,29988.98,0,0
2026-11-27 10:59:28,0,1,1,1,0,185.43,76,1966.95,0,0
2026-11-27 11:45:56,0,1,0,0,0,33.41,208,23172.25,0,0
2026-11-27 12:21:28,0,0,0,0,0,63.64,159,3506.97,0,0
2026-11-27 12:25:12,3,0,0,0,0,52.98,212,15790.72,0,0
2026-11-27 14:19:07,0,0,0,0,0,113.36,207,8032.87,0,0
2026-11-27 14:25:40,1,0,0,0,0,49.45,142,1635.72,0,0
2026-11-27 14:26:11,1,0,0,0,0,19.81,58,72404.08,0,0
2026-11-27 16:07:35,1,0,0,0,0,202.96,137,14688.53,0,0
2026-11-27 18:00:55,4,0,1,0,0,20.28,81,15175.33,0,0
2026-11-27 18:02:01,0,0,0,0,0,2.88,211,21565.1,0,0
2026-11-27 18:02:38,2,0,1,0,0,21.85,215,6500.62,0,0
2026-11-27 18:25:28,0,1,1,0,0,60.72,108,6081.92,0,0
2026-11-27 18:59:11,0,0,0,0,0,55.03,174,3858.9,0,0
2026-11-27 21:38:27,0,0,1,0,0,159.12,31,7912.87,0,0
2026-11-27 23:56:02,0,0,0,0,0,21.68,123,1074.78,0,0
2026-11-28 00:41:52,2,0,0,0,0,149.44,34,1455.32,0,0
2026-11-28 00:52:19,1,0,1,0,0,10.13,171,24388.18,0,0
2026-11-28 02:00:06,0,1,1,0,0,64.18,19,4058.92,0,0
2026-11-28 02:07:31,0,1,1,0,1,3007.38,36,2845.5,0,1
2026-11-28 02:29:42,1,1,0,0,0,53.26,92,12280.7,0,1
2026-11-28 04:13:38,3,0,0,0,0,330.45,1,9505.77,0,0
2026-11-28 04:25:27,0,0,1,0,0,99.71,192,13890.47,0,0
2026-11-28 04:39:14,1,0,1,0,1,2119.89,89,39903.07,0,1
2026-11-28 04:51:51,2,0,0,0,0,71.31,15,15669.67,0,0
2026-11-28 05:07:05,1,0,0,0,0,56.17,238,9015.25,0,0
2026-11-28 05:34:13,0,0,0,0,0,8.85,105,29182.7,0,0
2026-11-28 06:30:24,1,0,0,0,0,12.78,211,748.38,0,0
2026-11-28 07:53:33,1,0,0,0,0,84.79,107,4651.23,0,0
2026-11-28 08:19:49,2,0,0,0,0,95.1,213,21136.78,0,0
2026-11-28 08:52:28,1,0,0,1,0,418.35,162,9260.85,0,0
2026-11-28 09:17:36,6,1,1,1,1,2925.18,56,2448.02,0,0
2026-11-28 10:00:06,0,0,0,0,0,186.1,37,11775.02,0,0
2026-11-28 10:03:36,5,1,0,0,0,33.77,210,23440.5,0,0
2026-11-28 10:31:59,1,0,0,0,0,53.07,182,16449.88,0,0
2026-11-28 11:41:39,1,0,0,0,0,10.77,176,16858.58,0,0
2026-11-28 12:33:38,0,0,0,0,0,87.12,236,11586.7,0,0
2026-11-28 12:54:11,0,0,1,1,0,7.21,134,17291.13,0,0
2026-11-28 13:07:03,2,0,0,0,0,59.21,139,9496.92,0,0
2026-11-28 13:12:34,2,0,1,0,0,83.52,229,23075.7,0,0
2026-11-28 13:24:10,0,0,1,0,1,388.52,54,51550.88,0,0
2026-11-28 15:47:47,1,0,0,0,0,149.36,24,12403.62,0,0
2026-11-28 16:46:27,0,0,0,1,0,112.35,5,7567.47,0,0
2026-11-28 18:28:02,7,0,0,0,0,16.0,113,9525.92,0,0
2026-11-28 20:05:29,4,0,1,0,0,411.54,242,9626.13,0,0
2026-11-28 20:47:51,0,0,0,0,1,1171.48,201,9622.48,0,0
2026-11-28 21:47:53,3,0,1,1,1,40.16,158,13916.27,0,0
2026-11-28 22:05:30,4,0,1,0,0,43.1,75,2952.7,0,0
2026-11-28 22:08:49,0,0,0,0,0,387.81,232,15867.22,0,1
2026-11-28 23:12:48,2,0,0,0,0,232.59,204,23712.85,0,0
2026-11-29 00:59:38,0,0,0,0,0,16.39,20,4378.92,0,0
2026-11-29 01:05:29,1,0,0,0,0,193.11,65,32660.1,0,0
2026-11-29 02:45:04,0,0,0,0,0,96.34,189,4866.27,0,0
2026-11-29 03:10:33,0,0,0,0,0,2.2,32,10624.7,0,0
2026-11-29 04:05:40,0,0,1,1,0,141.65,144,21464.37,0,0
2026-11-29 04:19:34,0,0,1,0,1,798.68,232,370.75,0,0
2026-11-29 05:36:36,3,0,0,1,0,50.44,241,26080.8,0,0
2026-11-29 05:45:54,0,0,0,0,0,48.26,41,2894.08,0,0
2026-11-29 06:49:39,0,0,0,0,0,90.77,202,13612.15,0,0
2026-11-29 07:35:17,4,0,0,0,0,125.25,9,6580.25,0,0
2026-11-29 08:27:40,0,0,0,0,0,104.31,85,17861.47,0,0
2026-11-29 09:46:48,1,0,1,0,0,27.68,163,15816.05,0,0
2026-11-29 10:27:01,5,0,0,0,0,122.69,225,12810.35,0,0
2026-11-29 11:04:02,4,0,0,0,0,14.56,242,898.55,0,0
2026-11-29 11:59:53,0,0,1,1,0,355.23,126,4332.85,0,0
2026-11-29 12:07:17,0,0,0,1,0,64.17,53,11267.4,0,0
2026-11-29 12:09:21,6,0,1,0,0,9.58,178,13694.05,0,0
2026-11-29 14:12:22,0,0,0,0,0,85.95,189,687.3,0,0
2026-11-29 17:11:57,0,0,0,0,0,86.03,230,5119.03,0,0
2026-11-29 17:31:33,0,0,0,0,0,3.96,220,24782.75,0,0
2026-11-29 17:35:23,0,0,0,0,0,1.09,108,2829.92,0,0
2026-11-29 18:31:45,2,0,0,0,0,554.74,155,14775.78,0,0
2026-11-29 18:46:39,2,0,0,0,0,49.44,147,12671.8,0,0
2026-11-29 19:51:01,6,0,0,0,0,28.16,45,10898.33,0,0
2026-11-29 22:35:57,2,0,1,0,0,79.35,119,31864.35,0,0
2026-11-29 23:22:05,0,0,0,0,0,0.84,90,9886.9,0,0
2026-11-29 23:51:50,0,0,0,0,0,1.3,10,15490.1,0,0
2026-11-30 02:11:27,7,0,0,1,0,11.97,153,4642.18,0,0
2026-11-30 03:13:28,0,0,1,0,0,162.21,188,31653.28,0,0
2026-11-30 04:28:53,0,0,0,0,0,28.53,129,9220.47,0,0
2026-11-30 04:46:05,4,0,0,0,0,70.01,179,4963.78,0,0
2026-11-30 05:11:28,1,0,1,0,0,25.31,240,4727.4,0,0
2026-11-30 05:21:20,0,0,0,0,0,78.71,92,3051.63,0,1
2026-11-30 06:18:48,4,0,0,0,0,71.09,250,6597.67,0,0
2026-11-30 07:30:27,7,0,0,0,0,51.2,222,13908.23,0,0
2026-11-30 09:31:52,0,0,0,0,0,56.77,68,7198.2,0,0
2026-11-30 10:32:31,3,0,0,0,0,105.95,182,2880.53,0,0
2026-11-30 11:09:09,0,1,1,0,1,2769.2,163,1522.35,0,0
2026-11-30 11:21:23,1,0,1,0,0,38.48,68,109.52,0,0
2026-11-30 11:57:48,4,0,0,0,0,75.96,107,3124.25,0,0
2026-11-30 13:08:36,6,0,0,0,0,192.54,250,409.8,0,0
2026-11-30 13:48:18,0,0,0,0,0,18.38,69,6115.28,0,0
2026-11-30 14:36:06,0,0,0,0,0,389.01,47,18318.28,0,0
2026-11-30 16:34:44,0,1,1,0,0,138.88,68,313.35,0,0
2026-11-30 17:38:37,1,0,1,1,0,45.59,83,7743.42,0,0
2026-11-30 17:40:45,0,0,0,0,0,47.03,156,44692.5,0,0
2026-11-30 19:20:26,0,0,0,0,0,22.99,87,31741.95,0,0
2026-11-30 19:39:42,0,0,0,0,0,31.19,248,9883.83,0,0
2026-11-30 20:29:10,0,1,1,0,0,88.44,66,88980.13,0,0
2026-11-30 21:41:08,0,0,0,0,0,0.37,220,1689.58,0,0
2026-11-30 22:16:04,3,0,1,0,1,35.15,234,23327.28,0,0
2026-12-01 01:26:08,0,0,1,0,0,430.33,11,13943.45,0,0
2026-12-01 02:02:04,0,1,1,0,1,402.86,111,8454.18,0,1
2026-12-01 02:03:25,3,0,0,0,0,176.94,94,13569.83,0,0
2026-12-01 02:08:53,2,0,1,0,1,1421.68,86,14493.23,0,0
2026-12-01 03:11:56,0,0,0,0,0,59.06,125,7039.35,0,0
2026-12-01 03:30:49,0,0,0,0,0,131.74,233,29901.55,0,0
2026-12-01 04:53:06,2,0,0,0,0,5.13,209,9273.32,0,0
2026-12-01 08:05:46,0,0,1,0,0,141.09,24,3857.98,0,0
2026-12-01 08:12:13,2,0,0,1,0,194.48,230,2340.27,0,0
2026-12-01 09:05:00,0,1,1,1,0,32.88,100,8310.77,0,1
2026-12-01 11:00:28,0,0,0,0,0,35.9,214,28169.82,0,0
2026-12-01 11:27:07,0,0,0,1,1,163.08,205,37948.7,0,0
2026-12-01 11:44:28,2,0,1,1,1,2905.81,90,2182.38,0,0
2026-12-01 13:04:42,4,0,1,0,1,2474.68,105,4770.48,0,0
2026-12-01 13:24:14,0,0,1,0,0,55.38,181,9460.8,0,0
2026-12-01 13:24:31,1,0,1,0,0,47.44,229,4331.95,0,0
2026-12-01 15:04:21,0,1,1,0,0,55.78,83,1285.73,0,0
2026-12-01 15:19:46,0,0,1,0,0,54.53,217,19522.6,0,0
2026-12-01 15:41:58,4,0,0,1,0,56.14,83,37.62,0,0
2026-12-01 15:45:53,0,0,0,0,0,15.75,117,45517.2,0,0
2026-12-01 15:47:07,5,0,0,0,0,1.36,223,12615.88,0,0
2026-12-01 15:57:03,1,0,1,1,1,2155.96,145,7428.63,0,0
2026-12-01 17:26:06,5,0,0,0,0,42.12,90,341.63,0,0
2026-12-01 20:37:05,2,0,0,0,0,67.51,231,8569.52,0,0
2026-12-01 22:18:32,0,0,0,0,0,36.74,120,12337.63,0,0
2026-12-01 22:30:51,0,0,0,0,0,48.07,172,11087.98,0,0
2026-12-01 23:31:51,0,0,0,0,0,7.78,240,2540.38,0,0
2026-12-02 02:09:45,0,0,0,0,0,46.25,173,7241.63,0,0
2026-12-02 04:54:14,0,0,1,0,0,62.2,8,8178.72,0,0
2026-12-02 05:18:11,0,1,1,0,0,178.88,64,14298.42,0,1
2026-12-02 05:33:40,5,0,1,1,1,583.37,250,2425.07,0,0
2026-12-02 07:52:07,0,1,0,0,0,9.27,140,32760.47,0,0
2026-12-02 08:01:49,2,0,0,0,0,142.38,64,163.63,0,0
2026-12-02 11:48:15,5,0,1,0,0,47.1,113,5360.22,0,0
2026-12-02 13:00:01,3,0,0,0,0,246.94,250,446.35,0,0
2026-12-02 13:58:08,0,1,1,0,0,319.51,26,21805.95,0,0
2026-12-02 14:46:06,0,1,0,0,0,205.46,16,18255.9,0,0
2026-12-02 14:51:25,0,0,1,0,0,25.7,112,11414.7,0,0
2026-12-02 14:58:09,0,0,0,0,0,29.28,60,13467.5,0,0
2026-12-02 15:10:33,0,0,0,0,0,158.05,42,23826.27,0,0
2026-12-02 17:49:07,3,0,0,0,0,59.08,33,14135.38,0,0
2026-12-02 18:06:44,0,1,0,0,0,35.35,183,7713.42,0,0
2026-12-02 18:11:52,1,0,0,0,0,34.8,145,1574.82,0,0
2026-12-02 18:37:08,7,0,0,0,0,86.15,69,3168.83,0,0
2026-12-02 19:09:09,0,0,1,0,0,225.41,132,21626.0,0,0
2026-12-02 19:26:53,0,0,0,0,0,96.48,195,16922.02,0,0
2026-12-02 19:40:57,2,0,0,0,0,96.83,65,5435.47,0,0
2026-12-02 19:41:55,0,0,0,0,0,137.41,200,8878.8,0,0
2026-12-02 20:41:30,1,0,0,0,0,142.84,19,6881.4,0,0
2026-12-02 21:08:05,0,0,0,0,0,240.19,154,22712.38,0,0
2026-12-02 21:25:12,3,0,0,0,0,17.69,36,6917.68,0,0
2026-12-02 21:49:40,0,0,0,0,0,417.55,238,6762.58,0,0
2026-12-02 22:42:53,0,0,1,0,0,39.87,52,13940.75,0,0
2026-12-02 23:32:53,1,0,1,0,0,33.07,129,4024.0,0,0
2026-12-03 00:04:06,0,0,1,0,0,71.29,81,7563.18,0,0
2026-12-03 00:33:29,0,0,0,0,0,30.7,100,2368.48,0,0
2026-12-03 00:44:23,0,0,1,0,0,26.52,38,15742.23,0,0
2026-12-03 01:51:04,0,0,0,0,0,340.54,123,7315.03,0,0
2026-12-03 02:53:54,1,0,1,1,0,10.98,92,4172.57,0,0
2026-12-03 02:59:42,1,0,1,0,0,459.95,142,7954.03,0,0
2026-12-03 03:14:58,1,1,1,1,1,1461.19,173,1505.22,0,0
2026-12-03 05:43:24,1,0,0,0,0,318.4,150,16747.93,0,0
2026-12-03 05:54:34,0,0,0,0,0,227.69,36,509.37,0,0
2026-12-03 06:28:01,0,0,0,0,0,104.53,246,24992.98,0,0
2026-12-03 07:34:23,2,0,0,0,0,89.12,11,3248.25,0,0
2026-12-03 08:44:06,3,0,1,0,0,491.06,210,7120.5,0,0
2026-12-03 09:10:35,0,0,0,1,0,72.4,112,1099.17,0,0
2026-12-03 11:52:01,0,0,1,0,1,295.41,132,1002.87,0,0
2026-12-03 12:03:49,0,0,1,0,0,495.38,180,9728.03,0,0
2026-12-03 13:18:31,1,0,0,0,0,39.09,42,1327.97,0,0
2026-12-03 13:33:41,1,0,0,0,0,9.15,96,52153.42,0,0
2026-12-03 15:07:51,0,0,0,0,0,126.19,79,10933.28,0,0
2026-12-03 15:29:51,2,0,1,1,0,59.07,223,2862.73,0,1
2026-12-03 15:41:51,0,0,0,0,0,49.11,222,4811.4,0,0
2026-12-03 16:03:24,0,0,0,1,0,99.86,14,11050.33,0,0
2026-12-03 16:09:34,3,0,1,0,0,5.43,14,6.17,0,1
2026-12-03 17:11:13,0,0,0,1,0,119.81,47,4475.12,0,0
2026-12-03 17:38:27,0,0,0,0,0,70.01,85,6310.78,0,0
2026-12-03 17:48:29,7,0,0,0,0,67.38,81,1064.38,0,0
2026-12-03 18:10:34,4,1,1,1,1,3454.39,115,21985.0,0,0
2026-12-03 18:54:07,2,1,1,0,0,177.91,195,1407.23,0,0
2026-12-03 19:04:17,0,0,0,0,0,75.84,20,6844.65,0,0
2026-12-03 19:33:43,0,0,1,0,1,1295.34,227,24245.78,0,0
2026-12-03 19:40:12,5,0,0,0,0,164.49,30,30444.78,0,0
2026-12-03 20:45:35,1,0,0,0,0,52.98,54,7641.42,0,0
2026-12-03 21:30:57,3,0,0,0,0,111.24,162,7958.48,0,0
2026-12-03 21:39:02,0,0,0,1,0,77.82,229,3374.52,0,0
2026-12-03 23:52:15,0,0,0,0,0,69.24,134,7858.07,0,0
2026-12-04 00:07:20,7,0,0,0,0,418.13,124,10839.98,0,0
2026-12-04 01:33:46,1,0,0,1,0,1.77,96,720.08,0,0
2026-12-04 01:35:03,0,0,0,0,0,53.55,201,7487.2,0,0
2026-12-04 02:15:00,0,0,0,0,0,266.18,234,4558.93,0,0
2026-12-04 04:34:38,0,0,0,0,0,263.31,97,79361.4,0,0
2026-12-04 04:37:14,0,0,0,0,0,137.72,195,583.12,0,0
2026-12-04 05:10:03,0,0,0,0,0,89.63,91,20664.03,0,0
2026-12-04 07:09:49,0,0,0,0,0,117.39,119,6273.87,0,0
2026-12-04 07:13:18,2,0,0,0,1,437.39,96,339.53,0,0
2026-12-04 07:14:03,0,0,0,0,0,67.02,56,8516.45,0,0
2026-12-04 07:37:04,7,0,0,0,0,76.8,229,598.03,0,0
2026-12-04 08:26:47,0,0,0,0,0,6.58,137,9619.2,0,0
2026-12-04 12:57:19,1,0,0,0,0,201.16,250,2877.3,0,1
2026-12-04 13:02:40,0,0,0,1,0,61.01,88,29948.2,0,0
2026-12-04 14:21:04,2,0,0,0,0,229.17,193,21698.78,0,0
2026-12-04 14:22:17,7,0,1,0,0,49.42,81,1233.8,0,1
2026-12-04 14:32:18,3,1,1,1,0,52.57,104,25299.12,0,0
2026-12-04 15:10:29,1,0,1,0,1,420.0,110,16591.97,0,0
2026-12-04 16:26:26,0,0,0,1,0,103.37,208,10360.5,0,0
2026-12-04 16:52:22,3,0,0,1,0,79.52,201,917.32,0,0
2026-12-04 17:06:59,5,0,0,0,0,244.15,153,6655.53,0,0
2026-12-04 18:41:44,7,0,1,0,1,841.17,16,3115.63,0,0
2026-12-04 18:41:57,0,0,0,0,0,104.43,48,16567.5,0,0
2026-12-04 19:59:12,7,0,0,0,0,122.95,144,8153.53,0,0
2026-12-04 20:18:10,0,0,1,0,0,38.55,27,16329.65,0,0
2026-12-04 20:32:23,0,0,0,0,0,212.72,6,16144.03,0,0
2026-12-04 21:14:03,0,0,0,0,0,47.94,103,29060.57,0,0
2026-12-04 21:14:30,0,0,1,0,1,1521.51,133,14600.83,0,0
2026-12-04 21:22:06,2,0,0,0,0,95.67,250,504.78,0,0
2026-12-04 23:14:12,3,0,1,0,0,54.72,36,2479.63,0,0
2026-12-05 01:46:27,2,0,0,0,0,20.25,174,10487.27,0,0
2026-12-05 02:05:11,1,0,0,0,0,89.77,216,17412.97,0,0
2026-12-05 03:59:58,1,0,0,0,0,47.09,243,23454.75,0,0
2026-12-05 05:02:59,2,1,1,1,0,47.66,107,6785.18,0,0
2026-12-05 06:03:19,0,0,1,0,0,67.91,39,12849.42,0,0
2026-12-05 06:10:50,3,0,0,0,0,113.08,38,3206.45,0,0
2026-12-05 06:57:46,1,0,0,0,0,130.79,42,2499.25,0,0
2026-12-05 07:04:18,1,0,1,1,1,835.49,216,299.12,0,1
2026-12-05 07:10:10,1,0,0,0,0,12.77,246,2922.15,0,0
2026-12-05 07:23:04,4,0,0,0,0,156.88,82,15252.38,0,0
2026-12-05 12:08:26,0,0,1,0,0,110.69,69,3931.3,0,0
2026-12-05 12:31:58,0,0,0,0,0,161.29,196,52494.62,0,0
2026-12-05 12:45:14,2,0,0,0,0,37.96,35,28436.93,0,0
2026-12-05 13:20:36,0,0,0,1,0,239.82,22,15615.35,0,0
2026-12-05 13:49:22,4,0,0,0,0,30.48,197,20637.58,0,0
2026-12-05 14:00:34,0,0,0,1,0,34.22,99,24848.93,0,0
2026-12-05 14:14:41,0,0,0,0,0,76.87,110,1384.2,0,0
2026-12-05 15:54:22,4,1,1,1,0,593.03,45,8403.35,0,1
2026-12-05 16:51:28,0,0,1,1,0,22.58,134,2459.22,0,0
2026-12-05 16:58:46,1,0,0,0,0,182.33,205,6091.65,0,0
2026-12-05 18:15:23,0,0,0,0,0,0.24,68,7300.65,0,0
2026-12-05 19:30:42,0,0,1,0,0,27.12,247,16783.33,0,0
2026-12-05 19:45:26,1,1,0,0,0,42.49,97,2350.8,0,0
2026-12-05 22:38:37,0,0,0,1,0,104.59,243,1118.65,0,0
2026-12-05 23:33:30,3,0,1,0,0,12.08,101,43042.05,0,0
2026-12-06 02:02:50,2,1,1,1,1,206.65,173,4247.87,0,1
2026-12-06 03:12:20,0,0,0,0,0,15.82,226,19778.07,0,0
2026-12-06 03:35:49,1,0,0,0,0,108.64,73,25834.68,0,0
2026-12-06 04:20:18,1,0,0,0,0,12.18,106,13060.82,0,0
2026-12-06 05:18:31,0,0,0,0,0,50.79,207,12419.4,0,0
2026-12-06 05:58:39,0,0,0,0,0,17.04,49,48918.1,0,0
2026-12-06 06:38:47,0,0,0,0,0,48.14,180,3994.97,0,0
2026-12-06 07:56:27,1,0,1,0,0,125.19,84,17421.18,0,0
2026-12-06 08:15:38,1,0,1,0,0,32.53,178,9846.28,0,0
2026-12-06 08:16:49,1,0,0,0,0,96.14,186,22174.75,0,0
2026-12-06 08:57:08,2,0,0,0,0,28.57,143,20196.13,0,0
2026-12-06 09:33:23,2,0,0,0,0,133.78,241,10316.78,0,1
2026-12-06 09:40:58,1,0,1,0,0,150.09,1,11847.33,0,1
2026-12-06 10:10:59,2,0,0,0,0,37.16,202,10281.33,0,0
2026-12-06 10:30:27,0,0,0,1,0,2.41,202,19.47,0,0
2026-12-06 11:56:33,4,0,0,0,0,13.82,69,1428.12,0,0
2026-12-06 13:42:29,1,0,0,0,0,67.52,59,31487.6,0,0
2026-12-06 14:12:08,3,0,0,0,0,48.14,170,21372.88,0,0
2026-12-06 14:34:08,1,0,0,0,0,42.4,209,7781.03,0,0
2026-12-06 15:41:30,0,0,1,0,0,86.58,141,17603.25,0,0
2026-12-06 16:00:54,1,0,0,1,0,17.61,110,1546.22,0,0
2026-12-06 16:19:15,0,0,0,0,0,61.01,68,1323.87,0,0
2026-12-06 16:36:47,1,0,1,0,0,22.74,116,15973.27,0,0
2026-12-06 16:47:42,0,0,0,0,0,396.65,20,4183.42,0,0
2026-12-06 20:01:07,3,0,0,1,0,4.98,37,12121.02,0,0
2026-12-06 20:14:40,1,1,1,0,1,23.86,79,4626.82,0,1
2026-12-06 20:44:24,1,0,1,0,0,83.05,50,30341.63,0,0
2026-12-06 21:06:54,0,0,0,0,0,6.47,163,9237.75,0,0
2026-12-06 21:31:17,7,0,0,0,0,166.6,23,30841.38,0,0
2026-12-06 22:33:47,3,0,0,0,0,171.26,95,17729.07,0,0
2026-12-06 22:35:13,2,1,0,0,0,56.61,79,140.55,0,0
2026-12-06 22:57:23,0,0,0,0,0,182.25,143,840.25,0,0
2026-12-06 23:52:42,1,1,1,0,0,134.9,28,15730.98,0,0
2026-12-07 01:58:52,0,0,0,0,0,14.55,106,1298.57,0,0
2026-12-07 05:34:42,1,0,1,0,1,2944.9,220,9113.57,0,1
2026-12-07 05:36:03,0,0,1,0,0,207.37,12,14451.58,0,0
2026-12-07 06:17:55,1,0,0,0,0,38.97,108,10842.53,0,0
2026-12-07 06:19:23,1,0,0,0,0,149.16,217,8099.62,0,0
2026-12-07 06:30:07,0,0,1,1,0,227.65,126,11190.23,0,0
2026-12-07 07:49:24,0,0,0,0,0,136.9,32,11798.85,0,0
2026-12-07 08:07:03,3,0,0,0,0,9.87,101,1953.55,0,0
2026-12-07 12:01:50,0,0,1,0,0,9.94,5,12675.38,0,0
2026-12-07 12:40:04,2,0,1,0,1,6059.05,57,42696.33,0,1
2026-12-07 16:16:28,0,0,0,0,0,77.95,31,14078.02,0,0
2026-12-07 17:48:21,0,0,0,0,0,103.41,159,14726.88,0,0
2026-12-07 19:34:53,0,0,0,0,0,243.34,232,12435.32,0,0
2026-12-07 21:11:40,2,0,0,0,0,0.75,28,1278.97,0,0
2026-12-07 23:45:04,0,0,0,0,0,55.63,77,16169.75,0,0
2026-12-08 00:32:19,3,0,1,1,1,1253.45,221,37832.02,0,1
2026-12-08 00:38:03,1,0,0,1,0,0.21,40,15549.58,0,0
2026-12-08 01:03:29,0,1,0,0,0,97.93,53,12296.2,0,0
2026-12-08 01:32:00,2,0,1,0,1,2855.09,28,260.33,0,1
2026-12-08 01:51:08,0,0,1,0,0,5.65,36,4476.93,0,0
2026-12-08 02:05:07,2,0,1,1,1,2446.19,77,140.05,0,1
2026-12-08 04:56:30,0,0,0,1,0,379.56,115,6405.93,0,0
2026-12-08 05:49:45,0,0,0,0,0,252.93,122,23949.47,0,0
2026-12-08 06:32:57,2,0,0,0,0,77.01,106,1714.08,0,0
2026-12-08 06:40:38,5,0,0,0,0,196.94,164,17248.12,0,1
2026-12-08 07:31:18,0,0,0,0,0,147.24,115,154.8,0,0
2026-12-08 11:40:10,3,0,0,0,0,170.19,118,22262.78,0,1
2026-12-08 13:33:42,0,0,0,0,0,50.76,211,14823.3,0,0
2026-12-08 15:25:23,3,0,1,1,0,64.55,51,16139.37,0,0
2026-12-08 15:29:44,1,0,1,0,0,27.33,209,2935.6,0,0
2026-12-08 16:53:00,0,0,0,0,0,5.29,41,13627.1,0,0
2026-12-08 17:35:03,0,0,1,0,0,90.94,53,991.57,0,0
2026-12-08 18:13:44,0,0,0,1,1,555.67,240,9761.88,0,0
2026-12-08 20:30:04,0,0,1,1,1,1047.87,59,3287.58,0,0
2026-12-08 20:49:29,0,0,0,0,0,328.85,106,856.53,0,0
2026-12-08 21:00:40,1,0,1,0,0,6.52,191,30473.8,0,0
2026-12-08 21:02:56,7,0,0,0,0,206.74,78,34389.38,0,0
2026-12-08 21:43:42,0,1,1,1,0,9.08,79,2828.48,0,0
2026-12-08 23:35:38,1,0,0,0,0,106.01,177,28873.52,0,1
2026-12-09 00:12:15,1,0,1,1,1,630.7,188,12778.78,0,0
2026-12-09 00:26:39,4,0,0,0,0,10.55,159,1838.3,0,0
2026-12-09 00:37:28,1,0,1,1,1,2121.67,212,16572.27,0,0
2026-12-09 00:45:48,1,0,0,0,0,119.93,3,26029.1,0,0
2026-12-09 01:13:17,0,0,0,0,0,102.24,39,5469.97,0,0
2026-12-09 01:20:38,0,0,1,0,0,334.9,166,19023.0,0,0
2026-12-09 03:12:43,0,0,0,0,0,2.4,168,21586.98,0,0
2026-12-09 04:44:56,0,0,0,0,0,57.03,158,14817.05,0,0
2026-12-09 05:12:48,0,0,0,0,0,82.71,200,9210.88,0,0
2026-12-09 05:15:37,1,0,0,0,0,44.27,24,11349.85,0,0
2026-12-09 05:32:14,0,0,1,0,0,110.71,149,23132.87,0,0
2026-12-09 06:20:37,1,0,0,0,0,229.46,64,9978.8,0,0
2026-12-09 07:56:53,0,0,0,0,0,119.4,179,13150.8,0,0
2026-12-09 08:58:20,5,0,0,0,0,84.25,28,1886.33,0,0
2026-12-09 09:05:01,4,0,0,0,0,133.88,180,4466.23,0,0
2026-12-09 09:32:42,0,0,1,0,0,11.61,125,11900.77,0,0
2026-12-09 09:58:53,0,0,0,0,0,99.42,87,12398.45,0,0
2026-12-09 11:14:55,1,0,0,0,0,52.3,136,25212.12,0,0
2026-12-09 12:04:05,0,0,0,0,0,38.39,73,4828.27,0,0
2026-12-09 13:37:31,0,0,0,0,0,70.75,165,42208.92,0,0
2026-12-09 13:50:11,0,0,0,0,1,2450.08,58,17244.0,0,0
2026-12-09 16:57:45,4,1,1,0,1,798.0,206,31012.8,0,1
2026-12-09 17:05:23,3,0,0,0,0,121.22,52,9742.5,0,0
2026-12-09 19:32:29,1,0,1,0,1,1333.36,247,5761.78,0,0
2026-12-09 20:23:41,1,0,0,0,0,247.88,234,8288.68,0,0
2026-12-09 20:44:16,5,1,1,0,0,58.85,148,29112.8,0,0
2026-12-09 20:48:54,5,0,0,0,0,171.44,223,8959.05,0,0
2026-12-10 01:17:21,6,0,0,0,0,184.5,12,4061.3,0,0
2026-12-10 01:45:39,0,0,0,0,0,62.39,211,2171.95,0,0
2026-12-10 02:54:09,0,0,0,0,0,67.06,228,33026.85,0,0
2026-12-10 03:13:11,1,0,0,0,0,40.56,88,8050.52,0,0
2026-12-10 03:52:06,1,0,0,0,0,68.43,136,997.18,0,0
2026-12-10 04:16:45,0,0,0,0,0,28.67,86,13087.87,0,0
2026-12-10 05:12:59,0,0,0,0,0,195.38,28,1214.65,0,0
2026-12-10 06:30:40,4,0,0,0,0,28.76,232,3535.78,0,0
2026-12-10 07:56:32,3,1,1,0,0,29.79,220,4461.83,0,0
2026-12-10 08:19:51,0,0,0,1,0,226.01,148,695.58,0,0
2026-12-10 11:05:46,4,0,0,0,0,75.96,163,5158.87,0,0
2026-12-10 11:37:23,1,0,0,0,0,11.11,151,29602.15,0,0
2026-12-10 12:23:06,3,0,0,0,0,42.42,27,8164.93,0,0
2026-12-10 15:42:01,0,0,0,0,0,122.21,198,31234.73,0,0
2026-12-10 16:46:52,0,0,0,0,0,52.05,246,7776.7,0,0
2026-12-10 17:34:53,0,0,0,0,0,55.02,114,31620.05,0,0
2026-12-10 18:48:34,0,0,0,0,0,69.05,210,10684.47,0,0
2026-12-10 20:10:25,1,0,0,0,0,25.17,62,24228.82,0,0
2026-12-10 20:49:34,0,0,0,0,0,55.17,186,6512.75,0,0
2026-12-10 21:43:47,7,1,0,0,0,24.25,229,9486.72,0,1
2026-12-10 23:13:38,0,0,0,0,0,43.19,32,5244.23,0,0
2026-12-10 23:43:14,0,0,0,0,0,76.01,227,10329.52,0,0
2026-12-11 00:24:04,1,0,1,1,1,1774.9,174,8557.62,0,0
2026-12-11 02:42:41,1,0,0,1,0,100.49,19,11881.18,0,0
2026-12-11 02:53:00,0,0,1,1,1,1285.35,89,18613.77,0,0
2026-12-11 02:54:19,2,0,0,0,0,90.52,9,16999.03,0,0
2026-12-11 04:27:47,1,0,0,0,0,71.52,128,45517.05,0,0
2026-12-11 04:32:52,1,0,0,0,0,95.35,193,9491.8,0,0
2026-12-11 04:56:38,2,0,0,0,0,47.08,134,7925.17,0,0
2026-12-11 06:25:11,0,1,1,0,1,3445.62,82,8582.12,0,0
2026-12-11 07:51:38,1,0,0,0,0,89.3,165,2534.12,0,0
2026-12-11 08:31:04,4,0,0,0,0,275.82,208,9604.63,0,0
2026-12-11 09:00:50,0,0,0,0,0,51.85,203,27063.92,0,0
2026-12-11 09:07:49,0,0,0,0,0,50.17,82,162.63,0,0
2026-12-11 09:25:23,4,0,0,0,0,335.3,45,8251.02,0,1
2026-12-11 11:26:49,0,0,0,0,0,130.58,22,8526.22,0,0
2026-12-11 11:41:19,0,0,0,0,0,73.13,237,45427.52,0,0
2026-12-11 12:07:13,7,0,1,1,0,126.76,77,4922.1,0,0
2026-12-11 13:27:33,0,0,0,0,0,50.54,43,87322.75,0,0
2026-12-11 14:13:20,0,1,0,0,0,142.22,173,7930.5,0,0
2026-12-11 15:20:32,3,0,0,0,0,23.52,73,3076.45,0,0
2026-12-11 17:12:56,3,0,0,0,0,301.35,55,42372.43,0,0
2026-12-11 18:28:39,0,0,0,0,0,61.78,225,17761.63,0,0
2026-12-11 20:26:39,1,0,0,0,0,9.75,198,1724.63,0,0
2026-12-11 21:08:33,3,0,0,0,0,186.44,221,5556.23,0,1
2026-12-11 22:06:16,2,0,0,0,0,224.77,95,7172.48,0,1
2026-12-11 23:08:03,0,0,1,1,0,130.92,34,20066.18,0,0
2026-12-11 23:09:32,0,0,0,0,0,99.35,108,6771.62,0,0
2026-12-11 23:11:40,0,0,0,1,0,263.69,110,7630.77,0,0
2026-12-11 23:18:25,3,0,0,0,0,97.3,59,4488.35,0,0
2026-12-11 23:54:44,4,0,0,0,0,156.74,210,1746.17,0,1
2026-12-12 00:51:51,5,0,0,0,0,63.72,236,19458.22,0,0
2026-12-12 01:44:39,3,0,0,1,1,1948.56,211,2879.0,0,0
2026-12-12 03:56:20,1,0,1,0,0,689.03,184,48172.9,0,0
2026-12-12 04:27:38,0,0,0,0,0,48.21,55,674.7,0,0
2026-12-12 05:04:40,2,0,0,0,0,127.33,80,36753.32,0,0
2026-12-12 05:35:39,2,0,1,0,0,16.12,212,4618.18,0,0
2026-12-12 07:13:14,1,0,0,0,0,100.81,206,3735.48,0,0
2026-12-12 07:57:21,0,0,1,0,0,38.99,179,4320.47,0,0
2026-12-12 08:07:03,4,0,0,0,0,201.44,113,14178.8,0,0
2026-12-12 08:52:14,0,0,0,0,0,44.57,42,10194.47,0,0
2026-12-12 08:56:15,0,0,1,0,0,58.9,196,9864.28,0,0
2026-12-12 09:48:26,1,0,1,1,0,392.77,144,10909.23,0,0
2026-12-12 09:58:27,1,0,1,0,0,24.25,152,32669.85,0,0
2026-12-12 10:03:38,0,0,0,0,0,83.19,33,13934.52,0,0
2026-12-12 11:08:59,3,0,1,0,1,2989.99,34,720.93,0,0
2026-12-12 12:13:10,0,0,0,0,0,37.81,205,9794.4,0,0
2026-12-12 12:14:54,0,1,1,0,0,1.54,42,202.67,0,0
2026-12-12 13:34:50,0,0,1,0,0,226.66,82,1707.02,0,0
2026-12-12 14:12:54,2,0,0,0,0,96.66,89,2119.9,0,0
2026-12-12 14:34:52,6,0,1,1,1,392.88,96,11961.57,0,0
2026-12-12 15:08:15,3,1,1,0,1,485.14,33,304.62,0,1
2026-12-12 15:46:45,5,0,0,0,0,160.74,230,16294.53,0,0
2026-12-12 16:18:02,0,1,1,1,1,1541.24,220,3381.5,0,0
2026-12-12 17:42:11,0,0,0,0,0,131.9,36,6711.05,0,0
2026-12-12 18:15:50,1,0,1,0,0,86.09,237,1834.52,0,0
2026-12-12 22:22:31,0,0,1,1,0,156.08,105,16397.82,0,0
2026-12-12 23:27:03,3,0,0,0,0,172.07,144,818.62,0,0
2026-12-13 00:22:34,1,0,1,0,0,48.92,166,5701.93,0,0
2026-12-13 01:16:52,6,0,0,1,0,231.22,121,26032.77,0,0
2026-12-13 01:46:27,0,0,0,0,0,70.36,130,29208.58,0,0
2026-12-13 02:18:49,0,0,0,0,0,17.46,130,32.37,0,0
2026-12-13 05:17:51,1,0,0,0,0,24.65,54,13472.27,0,0
2026-12-13 05:57:18,0,0,1,0,0,132.36,13,23912.6,0,1
2026-12-13 07:18:40,1,0,0,0,0,47.38,10,19166.83,0,0
2026-12-13 07:23:29,0,0,0,1,1,456.61,242,19939.45,0,0
2026-12-13 10:48:37,0,0,0,0,0,92.83,68,9749.37,0,0
2026-12-13 10:57:03,0,0,0,0,0,152.45,157,30667.13,0,0
2026-12-13 12:58:19,0,0,0,0,0,11.57,244,59719.63,0,0
2026-12-13 16:28:34,1,0,0,0,0,59.62,14,14419.0,0,0
2026-12-13 18:34:48,0,0,0,0,0,147.61,165,3523.17,0,0
2026-12-13 20:25:40,0,0,1,0,0,233.95,95,2779.4,0,0
2026-12-13 20:45:14,0,0,0,0,0,1.36,172,17174.38,0,0
2026-12-13 21:32:04,0,0,0,0,0,106.74,156,18951.32,0,0
2026-12-13 21:39:30,0,0,0,0,0,90.97,103,12985.45,0,0
2026-12-13 22:36:18,0,0,1,0,0,72.93,93,29463.47,0,0
2026-12-13 23:05:25,1,0,0,1,1,261.88,74,28374.28,0,0
2026-12-14 00:32:13,1,0,0,0,0,135.4,27,5049.12,0,0
2026-12-14 01:11:55,1,1,0,0,0,49.89,191,7451.25,0,0
2026-12-14 02:05:05,3,0,1,1,0,26.74,1,11064.12,0,0
2026-12-14 02:10:02,0,0,0,0,0,189.73,117,17904.15,0,0
2026-12-14 02:39:58,1,0,0,0,0,36.68,231,17642.88,0,0
2026-12-14 03:13:07,3,0,0,0,0,22.12,3,7347.32,0,0
2026-12-14 03:15:33,0,0,0,0,0,37.4,12,5878.2,0,0
2026-12-14 03:17:51,2,0,1,0,0,19.97,190,27136.63,0,0
2026-12-14 03:37:26,0,0,0,0,0,150.18,26,16659.3,0,0
2026-12-14 04:48:47,0,0,1,0,0,20.1,92,15954.88,0,0
2026-12-14 04:53:21,2,0,0,0,0,126.11,147,20766.7,0,0
2026-12-14 05:30:01,0,0,0,0,0,17.73,248,19310.32,0,0
2026-12-14 05:49:09,0,0,0,0,0,25.66,180,7004.13,0,0
2026-12-14 07:37:51,0,0,0,0,0,41.93,98,34478.5,0,0
2026-12-14 08:16:11,0,0,0,0,0,299.69,150,15992.78,0,0
2026-12-14 09:34:17,0,0,1,1,1,3676.91,165,899.48,0,1
2026-12-14 09:49:18,1,0,0,0,0,8.9,31,9692.83,0,0
2026-12-14 10:38:04,2,0,0,0,0,40.92,231,478.1,0,0
2026-12-14 10:58:35,2,0,1,1,0,42.52,29,24949.53,0,1
2026-12-14 11:06:41,0,0,0,1,0,23.77,28,6113.7,0,0
2026-12-14 12:03:24,7,0,0,0,0,57.2,242,1719.92,0,0
2026-12-14 13:03:37,1,0,0,0,0,137.83,37,11102.5,0,0
2026-12-14 13:21:23,0,0,1,0,0,10.46,53,8386.33,0,0
2026-12-14 13:58:38,3,1,1,0,1,1670.52,188,8026.38,0,0
2026-12-14 13:58:57,2,1,1,1,0,30.21,195,14961.72,0,1
2026-12-14 14:42:55,2,0,1,0,0,102.85,248,552.9,0,0
2026-12-14 15:59:38,0,0,0,0,0,114.54,87,7560.75,0,0
2026-12-14 16:21:42,0,0,0,1,0,130.25,217,10682.32,0,0
2026-12-14 16:27:00,3,0,0,0,0,197.84,250,14104.9,0,1
2026-12-14 17:34:58,1,0,0,0,0,229.88,238,17025.3,0,1
2026-12-14 20:06:13,1,0,0,0,0,142.35,214,19265.75,0,0
2026-12-14 20:37:00,1,0,0,0,0,65.6,165,662.72,0,0
2026-12-14 22:07:44,3,0,0,0,0,4.52,37,544.12,0,0
2026-12-14 22:17:11,0,0,0,0,0,276.63,175,47688.43,0,0
2026-12-14 23:59:50,1,0,1,0,1,1379.42,141,12018.33,0,0
2026-12-15 01:12:31,0,0,0,0,0,76.48,171,24500.2,0,1
2026-12-15 02:06:15,1,0,0,0,0,27.38,214,360.03,0,0
2026-12-15 02:13:28,2,0,0,0,0,115.28,177,8797.83,0,0
2026-12-15 04:56:25,0,0,0,0,0,524.59,108,4666.88,0,0
2026-12-15 05:07:03,1,0,1,0,1,600.78,87,787.42,0,0
2026-12-15 05:07:35,0,1,1,0,0,160.73,34,3958.6,0,0
2026-12-15 06:13:45,0,0,0,0,0,34.41,83,19591.78,0,0
2026-12-15 06:20:31,0,1,1,0,1,1003.36,149,8688.28,0,0
2026-12-15 08:26:31,0,0,0,0,0,23.99,238,891.55,0,0
2026-12-15 09:32:34,0,0,1,1,1,1078.57,200,8899.77,0,0
2026-12-15 11:46:36,0,0,0,0,0,61.49,62,6696.18,0,0
2026-12-15 11:58:34,2,0,0,0,0,3.97,190,1960.72,0,0
2026-12-15 12:59:06,2,0,0,0,0,48.1,201,15606.73,0,0
2026-12-15 13:03:53,1,0,0,0,1,97.16,25,32426.37,0,1
2026-12-15 13:30:06,0,1,0,0,0,59.9,49,13411.45,0,0
2026-12-15 15:15:13,5,0,0,0,0,392.06,12,2159.67,0,0
2026-12-15 17:47:56,1,0,1,1,0,34.67,18,29579.8,0,0
2026-12-15 18:22:18,0,0,0,0,0,72.49,37,1214.57,0,0
2026-12-15 22:14:51,3,0,0,0,0,13.95,27,2742.63,0,0
2026-12-16 02:15:53,0,0,1,0,1,250.81,19,7173.2,0,0
2026-12-16 02:26:10,1,0,0,0,0,43.92,38,15615.33,0,0
2026-12-16 03:26:57,0,0,0,0,0,67.28,179,5489.6,0,0
2026-12-16 04:35:34,0,0,0,0,0,120.87,179,68.62,0,0
2026-12-16 05:37:46,4,0,0,0,0,61.01,189,23965.4,0,0
2026-12-16 05:55:39,0,0,0,0,0,2.47,250,2248.65,0,0
2026-12-16 06:33:56,0,0,1,0,0,31.6,69,14077.38,0,0
2026-12-16 08:44:14,5,1,1,0,0,2.51,31,2814.93,0,0
2026-12-16 09:02:00,4,0,0,0,0,250.03,239,36634.33,0,0
2026-12-16 09:42:24,1,0,0,0,0,2.95,11,18848.02,0,0
2026-12-16 10:09:39,0,0,0,0,0,5.09,202,14379.2,0,0
2026-12-16 11:53:57,0,0,0,0,0,35.42,140,20401.83,0,0
2026-12-16 14:03:40,2,0,1,1,0,100.06,199,27674.4,0,1
2026-12-16 16:33:36,0,0,0,0,0,44.31,103,4014.1,0,0
2026-12-16 16:40:27,0,0,0,0,0,6.35,248,2997.53,0,0
2026-12-16 17:06:48,1,0,0,0,0,180.94,176,26245.15,0,1
2026-12-16 17:07:34,0,0,1,1,1,1807.06,226,15235.23,0,0
2026-12-16 18:01:47,0,0,1,0,1,757.2,156,4109.72,0,0
2026-12-16 18:35:23,0,0,1,0,0,112.98,16,17273.65,0,0
2026-12-16 19:24:37,0,0,0,0,0,32.1,21,76137.3,0,0
2026-12-16 19:31:55,0,0,0,0,0,75.05,28,3385.23,0,0
2026-12-16 19:46:58,0,0,1,0,0,212.45,44,30258.5,0,0
2026-12-16 22:07:01,0,0,0,0,0,11.39,210,7092.28,0,0
2026-12-16 22:30:34,2,0,1,1,0,187.66,102,29339.77,0,0
2026-12-16 22:47:20,3,0,0,0,0,155.38,229,8703.55,0,0
2026-12-17 01:36:46,0,1,1,1,0,297.79,26,4199.33,0,0
2026-12-17 02:00:49,1,0,0,0,0,72.11,177,2867.35,0,0
2026-12-17 02:22:11,0,0,0,0,0,32.15,172,4656.95,0,0
2026-12-17 02:34:59,0,0,0,0,0,43.56,232,9844.32,0,0
2026-12-17 02:50:11,0,0,0,0,0,102.11,160,74954.78,0,0
2026-12-17 03:53:25,1,0,0,0,0,15.17,167,49461.8,0,0
2026-12-17 04:32:17,2,0,1,1,1,650.03,170,15260.15,0,0
2026-12-17 05:18:53,1,0,0,0,0,129.62,189,1421.12,0,0
2026-12-17 06:11:21,0,0,1,1,1,1279.08,74,4745.93,0,0
2026-12-17 07:43:17,0,0,0,0,0,6.48,1,4658.2,0,0
2026-12-17 08:43:37,2,0,0,0,0,68.69,28,791.7,0,0
2026-12-17 08:49:00,0,0,0,1,0,74.28,49,2598.9,0,0
2026-12-17 09:07:35,2,0,1,0,0,120.67,64,11686.97,0,0
2026-12-17 10:35:24,1,0,0,0,0,1.07,1,172.12,0,0
2026-12-17 11:34:10,2,1,1,0,0,55.93,36,6831.98,0,0
2026-12-17 12:17:41,4,0,1,0,0,217.7,23,15286.4,0,0
2026-12-17 13:13:08,4,0,0,0,0,2.55,184,7756.8,0,0
2026-12-17 14:43:31,1,1,1,0,0,111.6,142,20863.82,0,1
2026-12-17 14:46:12,1,0,0,0,0,25.25,233,23715.38,0,0
2026-12-17 14:50:24,0,0,1,0,1,735.27,72,35963.48,0,0
2026-12-17 14:56:56,5,0,0,0,0,215.51,164,13456.3,0,0
2026-12-17 18:48:57,0,0,1,1,0,45.02,188,4610.32,0,0
2026-12-17 20:46:20,0,0,0,0,0,78.85,192,28340.88,0,0
2026-12-17 20:54:42,0,0,0,1,1,140.88,111,24172.63,0,0
2026-12-17 21:48:26,0,0,0,0,0,39.26,51,13343.05,0,0
2026-12-17 22:02:00,1,0,0,0,0,15.27,7,34202.27,0,0
2026-12-17 22:12:28,1,0,0,0,0,82.45,246,10405.6,0,0
2026-12-17 22:28:59,0,0,0,1,0,61.58,58,12038.8,0,1
2026-12-17 22:43:51,0,0,1,1,0,30.73,74,992.5,0,0
2026-12-17 23:45:26,5,0,0,0,0,788.38,221,8796.88,0,0
2026-12-18 00:10:48,2,0,0,0,0,16.64,145,21958.93,0,0
2026-12-18 02:07:10,3,0,1,1,0,174.57,149,4066.65,0,0
2026-12-18 02:11:33,0,0,0,0,0,3.64,246,239.08,0,0
2026-12-18 03:16:48,2,0,0,0,0,187.63,76,29777.33,0,1
2026-12-18 04:32:07,0,0,1,0,0,64.82,180,5682.97,0,0
2026-12-18 05:01:14,0,0,0,0,0,176.14,122,14351.48,0,0
2026-12-18 06:26:04,0,0,0,0,0,137.51,219,40576.03,0,0
2026-12-18 07:52:28,0,1,1,0,0,85.01,1,1277.07,0,0
2026-12-18 07:53:01,0,0,1,1,0,46.45,141,4793.18,0,0
2026-12-18 09:46:20,7,1,1,0,0,109.52,180,314.22,0,1
2026-12-18 10:02:37,0,0,0,0,0,178.71,124,20755.28,0,0
2026-12-18 11:44:47,0,1,1,1,0,69.98,59,9386.37,0,0
2026-12-18 12:17:48,0,0,0,0,0,53.59,180,151.47,0,0
2026-12-18 12:30:44,0,1,1,1,0,15.42,127,46360.83,0,0
2026-12-18 13:30:48,1,0,0,0,0,226.58,93,6654.5,0,0
2026-12-18 15:01:00,0,1,0,0,0,31.1,178,17685.37,0,0
2026-12-18 15:55:05,2,0,0,0,0,13.18,58,1046.1,0,0
2026-12-18 16:45:58,0,0,1,1,1,102.77,168,13773.25,0,1
2026-12-18 19:11:22,1,0,1,0,0,138.94,201,4692.27,0,0
2026-12-18 21:03:40,2,0,0,0,0,112.39,46,49030.87,0,0
2026-12-18 23:58:38,4,0,1,0,0,12.84,5,16556.8,0,0
2026-12-19 00:11:53,3,1,0,0,0,75.53,100,23018.4,0,0
2026-12-19 01:05:28,1,0,0,1,1,248.54,100,53.58,0,0
2026-12-19 01:30:07,0,0,0,0,0,48.38,101,16883.07,0,0
2026-12-19 01:39:32,1,0,0,0,0,152.73,78,14676.6,0,0
2026-12-19 02:17:07,2,0,0,0,0,25.86,152,9618.67,0,0
2026-12-19 02:24:27,3,0,0,0,0,2.81,210,3137.43,0,0
2026-12-19 02:41:51,0,0,0,0,0,21.48,52,13536.47,0,0
2026-12-19 02:57:27,0,0,1,1,1,767.48,180,879.65,0,0
2026-12-19 03:27:39,2,0,0,0,0,27.67,77,11000.43,0,0
2026-12-19 03:52:54,0,0,1,1,0,128.09,161,40382.82,0,0
2026-12-19 05:27:36,0,0,1,0,0,155.67,181,25443.37,0,1
2026-12-19 05:49:17,0,0,0,0,0,27.51,140,3955.33,0,0
2026-12-19 06:33:47,1,0,0,0,0,31.28,21,3549.17,0,0
2026-12-19 06:41:46,7,0,0,0,0,82.11,232,3126.78,0,0
2026-12-19 07:24:55,0,0,1,0,0,139.64,31,4240.68,0,0
2026-12-19 07:28:31,0,0,0,0,0,320.32,32,12014.88,0,0
2026-12-19 08:19:48,0,0,0,0,0,35.75,239,4277.8,0,0
2026-12-19 08:31:17,0,0,0,0,0,241.99,53,6909.9,0,0
2026-12-19 09:45:40,1,0,0,0,0,20.06,233,2579.47,0,0
2026-12-19 10:29:33,1,0,1,0,0,4.19,98,7371.7,0,0
2026-12-19 14:15:30,0,0,0,0,0,157.26,13,9138.2,0,0
2026-12-19 15:12:55,1,0,0,0,0,65.13,29,7454.33,0,0
2026-12-19 16:37:56,2,0,0,0,0,8.0,222,23096.08,0,0
2026-12-19 17:10:46,0,0,0,0,0,7.38,94,26827.35,0,0
2026-12-19 18:06:30,0,0,1,0,0,1.37,137,22179.72,0,0
2026-12-19 23:01:32,7,0,0,0,0,36.58,198,11674.88,0,0
2026-12-19 23:40:16,0,0,0,0,0,132.94,47,23429.05,0,0
2026-12-20 00:13:45,2,0,0,1,0,109.46,247,14681.27,0,0
2026-12-20 00:59:35,0,0,0,0,0,800.97,132,23827.57,0,0
2026-12-20 01:06:20,2,0,1,0,0,90.12,107,21363.35,0,0
2026-12-20 01:58:52,2,0,0,0,0,11.71,79,16095.17,0,0
2026-12-20 02:01:43,1,0,1,0,0,383.97,75,30476.22,0,0
2026-12-20 02:47:30,3,1,1,0,0,118.08,119,22777.68,0,0
2026-12-20 04:16:22,5,0,0,0,0,46.85,31,1251.45,0,0
2026-12-20 06:46:58,1,0,0,1,0,28.37,62,6900.37,0,0
2026-12-20 07:58:00,0,1,1,0,0,25.12,28,4274.38,0,0
2026-12-20 08:43:21,0,0,0,0,0,312.89,38,6137.18,0,0
2026-12-20 09:40:58,2,0,1,1,1,815.59,48,22499.02,0,0
2026-12-20 10:01:57,1,0,0,0,0,66.71,36,4227.78,0,0
2026-12-20 10:13:33,0,0,0,0,0,181.28,52,1891.7,0,0
2026-12-20 10:28:40,0,1,0,0,0,332.05,74,3584.82,0,0
2026-12-20 12:53:41,1,0,0,0,0,0.44,94,1182.92,0,0
2026-12-20 13:34:56,0,1,1,0,0,462.98,106,16845.45,0,0
2026-12-20 14:15:39,0,0,0,0,0,7.85,143,19638.27,0,0
2026-12-20 15:26:50,2,0,0,0,0,181.3,1,3334.37,0,0
2026-12-20 15:35:53,1,0,1,1,0,300.21,204,31223.08,0,0
2026-12-20 16:05:45,0,1,0,0,0,82.35,181,2078.15,0,0
2026-12-20 16:49:58,0,0,1,1,1,1203.48,244,10311.65,0,0
2026-12-20 17:03:23,0,0,0,0,0,110.57,94,249.7,0,0
2026-12-20 18:13:28,0,0,0,0,0,43.51,116,20256.68,0,0
2026-12-20 18:37:34,1,0,0,0,0,18.13,69,6483.63,0,0
2026-12-20 19:51:46,1,0,0,1,1,103.09,89,11858.87,0,1
2026-12-20 20:24:55,0,0,0,0,0,212.95,60,26246.77,0,0
2026-12-20 20:43:53,0,1,1,1,0,79.26,24,16768.27,0,0
2026-12-20 20:46:33,0,0,0,0,0,118.44,215,33283.92,0,0
2026-12-20 20:55:41,7,0,0,1,0,40.35,159,17069.03,0,0
2026-12-20 21:19:44,0,0,1,0,0,164.51,45,13674.35,0,0
2026-12-20 21:33:36,3,0,0,0,0,43.07,155,30421.85,0,0
2026-12-20 22:17:17,3,0,1,1,0,3.02,19,6961.4,0,0
2026-12-20 22:32:00,1,0,1,0,0,41.08,229,5744.67,0,0
2026-12-20 23:30:25,2,0,0,0,0,189.93,12,7695.2,0,0
2026-12-20 23:38:19,0,0,0,0,0,208.66,87,8311.27,0,0
2026-12-21 00:15:30,1,0,0,0,0,272.9,50,20371.1,0,0
2026-12-21 01:29:32,0,0,1,0,0,69.21,82,12234.7,0,0
2026-12-21 02:39:57,3,0,0,0,0,313.71,140,2690.67,0,0
2026-12-21 02:58:28,0,0,1,0,0,69.15,21,2664.68,0,0
2026-12-21 03:04:18,2,0,0,0,0,16.71,57,19584.23,0,0
2026-12-21 04:07:59,0,0,0,0,0,69.72,122,4266.75,0,0
2026-12-21 04:18:00,4,0,0,0,0,202.96,19,360.72,0,0
2026-12-21 05:12:07,0,0,0,0,0,154.03,17,35146.83,0,1
2026-12-21 06:51:23,1,1,0,0,0,56.93,187,44782.55,0,0
2026-12-21 08:24:03,0,0,0,0,0,23.89,167,6030.63,0,0
2026-12-21 08:47:08,0,0,1,0,1,1305.25,124,4244.52,0,1
2026-12-21 10:33:03,1,0,0,0,0,267.69,73,14112.52,0,0
2026-12-21 12:16:38,5,0,1,0,0,19.54,54,11938.78,0,0
2026-12-21 13:53:29,0,0,1,1,1,2632.04,190,8754.92,0,0
2026-12-21 15:07:02,4,1,1,0,0,15.94,134,15010.4,0,0
2026-12-21 16:20:22,1,0,0,0,0,252.08,148,16320.52,0,0
2026-12-21 16:33:24,3,0,1,0,0,118.17,136,16601.3,0,0
2026-12-21 17:06:55,0,0,0,0,0,11.56,146,37916.18,0,0
2026-12-21 17:07:24,0,0,0,0,0,22.62,124,500.27,0,0
2026-12-21 21:01:01,3,0,0,0,0,261.62,86,16844.27,0,0
2026-12-21 21:43:40,0,0,0,0,0,70.84,58,4668.58,0,0
2026-12-21 23:30:01,1,1,1,1,0,60.42,183,27683.28,0,0
2026-12-21 23:43:23,0,0,0,0,0,6.0,210,4158.93,0,0
2026-12-22 00:49:58,0,0,0,0,0,8.78,21,1311.5,0,0
2026-12-22 01:01:41,1,0,1,1,1,1764.77,20,22093.98,0,0
2026-12-22 04:17:04,2,0,1,0,0,150.03,193,15824.2,0,0
2026-12-22 05:54:28,1,0,1,0,0,201.75,158,18789.53,0,0
2026-12-22 06:00:48,0,0,0,0,0,69.88,150,11384.62,0,0
2026-12-22 09:11:23,0,0,1,0,0,39.84,9,16217.07,0,0
2026-12-22 09:22:00,0,0,0,0,0,98.22,53,4370.72,0,0
2026-12-22 09:47:06,0,0,1,0,0,96.46,244,2457.13,0,0
2026-12-22 11:19:58,3,0,1,0,1,52.92,93,5629.17,0,0
2026-12-22 12:03:15,2,0,0,0,0,279.37,82,2073.72,0,0
2026-12-22 12:44:07,0,0,0,0,0,102.88,232,4682.35,0,0
2026-12-22 13:13:55,4,0,0,0,0,0.65,220,14215.88,0,0
2026-12-22 13:53:19,0,1,1,0,1,4814.66,73,1640.27,0,1
2026-12-22 14:47:11,2,0,0,0,1,4575.31,6,25574.8,0,0
2026-12-22 15:06:59,0,1,0,0,0,291.73,128,16479.2,0,0
2026-12-22 15:47:30,1,0,0,0,0,219.73,214,10901.25,0,0
2026-12-22 16:34:23,0,0,0,0,0,20.41,38,3351.03,0,0
2026-12-22 16:46:04,0,0,0,0,0,377.98,66,31456.9,0,1
2026-12-22 18:12:05,0,0,0,0,0,143.52,229,2620.08,0,0
2026-12-22 19:33:44,0,0,1,0,1,1535.63,135,52595.47,0,1
2026-12-22 20:13:52,0,0,0,0,0,285.89,96,14739.0,0,0
2026-12-22 21:36:46,0,0,0,0,0,47.98,32,5168.25,0,0
2026-12-23 00:24:45,0,0,0,0,0,267.9,216,25520.45,0,0
2026-12-23 00:36:33,1,0,0,0,0,93.06,175,11659.37,0,0
2026-12-23 02:01:36,0,0,0,0,0,86.58,72,7871.2,0,0
2026-12-23 02:09:53,1,1,1,1,0,103.83,159,3194.2,0,0
2026-12-23 04:11:22,0,0,1,0,0,140.31,245,55291.87,0,0
2026-12-23 04:29:35,5,0,0,0,0,58.86,165,11992.58,0,0
2026-12-23 05:03:18,5,0,1,0,0,394.27,54,2446.67,0,1
2026-12-23 05:22:24,0,0,0,0,0,9.27,148,2222.03,0,0
2026-12-23 05:54:29,1,1,1,0,0,245.14,200,11301.92,0,0
2026-12-23 06:01:13,0,0,0,0,0,107.13,199,9597.55,0,0
2026-12-23 06:21:42,5,0,1,0,0,240.7,29,5228.78,0,0
2026-12-23 07:49:33,1,0,0,0,0,46.01,162,27978.6,0,0
2026-12-23 08:16:46,0,1,0,0,0,176.61,22,17089.95,0,0
2026-12-23 10:42:11,0,0,1,0,1,1435.62,198,5020.65,0,0
2026-12-23 12:01:46,0,0,0,0,0,177.85,76,7724.97,0,0
2026-12-23 12:19:15,0,0,1,0,0,39.31,116,3965.78,0,0
2026-12-23 13:41:53,1,1,1,0,0,249.25,54,518.58,0,0
2026-12-23 14:18:44,0,1,1,1,0,258.02,170,9226.45,0,0
2026-12-23 14:38:24,0,0,0,0,0,64.4,174,18134.33,0,0
2026-12-23 15:57:21,0,0,0,0,0,51.14,249,38326.15,0,0
2026-12-23 17:07:08,0,0,0,0,0,85.61,28,4869.13,0,0
2026-12-23 17:39:08,0,0,0,0,0,22.34,90,31693.03,0,0
2026-12-23 17:43:21,3,0,0,0,0,68.56,201,7111.98,0,0
2026-12-23 17:43:47,0,0,1,0,0,227.13,49,9174.78,0,0
2026-12-23 19:05:04,1,0,0,1,0,45.44,155,4171.47,0,0
2026-12-23 19:47:47,0,0,1,1,0,133.2,167,3563.73,0,0
2026-12-23 20:02:21,0,0,0,0,0,97.58,92,13873.57,0,0
2026-12-23 20:13:39,1,0,0,0,0,30.3,116,474.4,0,0
2026-12-23 20:25:44,0,0,0,1,0,75.88,224,53191.12,0,0
2026-12-23 20:49:35,0,0,1,1,0,191.45,226,10302.02,0,0
2026-12-23 21:06:39,1,0,0,0,0,80.95,56,28192.6,0,0
2026-12-23 21:40:13,0,0,1,0,0,119.35,224,74.48,0,0
2026-12-23 23:08:19,0,0,0,0,0,149.34,202,10858.67,0,0
2026-12-23 23:24:14,1,1,0,0,0,5.07,35,26559.0,0,0
2026-12-24 00:23:04,1,0,0,0,0,5.26,146,3316.15,0,0
2026-12-24 03:32:12,0,0,1,0,1,183.18,249,694.85,0,0
2026-12-24 03:51:53,0,0,0,0,0,17.79,165,1402.3,0,1
2026-12-24 04:41:52,0,1,1,0,1,2502.53,124,3574.47,0,0
2026-12-24 04:43:29,0,0,1,0,0,57.2,152,7346.37,0,0
2026-12-24 05:31:26,1,0,1,1,0,20.49,24,4847.55,0,0
2026-12-24 06:52:13,3,0,0,0,0,75.89,30,29472.02,0,0
2026-12-24 10:33:36,4,1,1,0,0,144.11,155,928.53,0,0
2026-12-24 11:19:38,0,0,0,0,0,15.09,158,3205.17,0,0
2026-12-24 11:26:10,0,0,0,0,0,42.22,132,6386.58,0,0
2026-12-24 11:49:10,1,1,1,0,0,21.61,27,12334.32,0,0
2026-12-24 11:54:41,0,0,0,0,0,103.95,109,93898.37,0,0
2026-12-24 12:19:05,2,0,0,0,0,14.71,195,14300.13,0,0
2026-12-24 12:55:19,2,0,0,0,0,151.91,134,4188.28,0,0
2026-12-24 12:55:20,4,0,0,0,0,23.3,7,9533.33,0,1
2026-12-24 13:23:23,0,0,0,0,0,6.04,119,6395.88,0,0
2026-12-24 13:46:31,0,0,1,0,1,3626.47,85,30008.07,0,0
2026-12-24 14:14:51,3,0,1,1,1,607.93,199,1933.63,0,0
2026-12-24 14:33:59,1,0,0,0,0,69.87,2,46049.22,0,0
2026-12-24 15:02:22,4,0,0,1,1,159.7,201,1279.02,0,0
2026-12-24 16:21:54,0,0,0,0,0,65.29,195,242.82,0,0
2026-12-24 16:32:55,1,0,0,1,0,25.18,240,22939.18,0,0
2026-12-24 17:43:07,1,0,0,0,0,183.49,143,5967.47,0,0
2026-12-24 18:45:54,0,0,0,0,0,125.09,177,11085.08,0,0
2026-12-24 19:17:02,1,1,1,1,0,108.86,35,1192.8,0,0
2026-12-24 19:47:37,1,0,0,0,0,151.99,213,38127.8,0,0
2026-12-24 20:39:36,0,0,0,0,0,34.77,17,5247.48,0,0
2026-12-25 00:03:34,0,0,0,0,0,60.45,70,43307.73,0,0
2026-12-25 00:12:09,1,1,1,0,0,9.05,143,389.03,0,1
2026-12-25 01:27:25,0,0,0,0,0,7.02,12,5877.0,0,0
2026-12-25 03:03:08,3,0,0,0,0,39.91,161,8590.23,0,0
2026-12-25 04:42:23,0,0,0,0,0,173.02,125,22749.68,0,0
2026-12-25 05:08:37,0,0,0,0,0,91.05,138,70982.22,0,0
2026-12-25 05:35:46,7,1,1,0,0,55.25,198,2573.58,0,0
2026-12-25 07:34:16,4,0,1,1,0,341.1,170,2475.53,0,0
2026-12-25 07:52:25,0,0,1,0,0,58.37,161,289.28,0,0
2026-12-25 11:03:56,2,0,1,0,0,63.28,120,33885.4,0,0
2026-12-25 11:17:43,0,0,1,0,0,489.68,13,8462.22,0,0
2026-12-25 11:45:02,0,0,0,0,0,14.08,126,26234.92,0,0
2026-12-25 11:46:15,0,1,1,0,0,29.52,194,40669.0,0,0
2026-12-25 11:48:07,0,0,0,1,0,60.39,18,14040.18,0,0
2026-12-25 13:55:47,3,0,1,0,0,84.7,114,21380.9,0,0
2026-12-25 15:50:22,2,0,1,0,0,16.03,209,24500.63,0,0
2026-12-25 17:25:40,7,0,0,1,0,39.87,98,9056.12,0,0
2026-12-25 17:44:13,2,0,0,0,0,24.88,8,33889.98,0,0
2026-12-25 17:47:33,0,0,1,0,1,2844.64,56,2680.9,0,0
2026-12-25 19:05:06,1,0,1,0,0,179.95,221,11239.67,0,1
2026-12-25 21:06:37,7,0,0,0,0,27.42,134,1931.3,0,0
2026-12-25 21:15:36,2,0,1,1,1,856.2,207,28317.08,0,0
2026-12-25 21:43:08,2,1,0,0,0,105.45,95,17357.47,0,0
2026-12-25 22:35:18,5,0,0,0,0,4.94,173,20661.97,0,0
2026-12-25 22:39:20,0,0,1,1,0,215.08,30,2387.12,0,0
2026-12-26 00:43:47,2,0,0,0,0,71.54,212,19868.13,0,0
2026-12-26 03:03:10,3,0,0,0,0,25.69,154,33475.08,0,0
2026-12-26 03:15:39,5,0,1,0,0,50.54,148,4193.25,0,0
2026-12-26 03:22:03,0,1,1,1,0,231.94,184,12368.92,0,0
2026-12-26 04:14:05,1,0,0,0,0,2.51,24,2802.65,0,0
2026-12-26 05:13:21,1,1,1,0,0,15.41,60,7728.43,0,0
2026-12-26 06:04:16,0,0,0,0,0,21.41,40,26246.22,0,0
2026-12-26 06:31:31,1,0,0,0,0,6.2,176,13764.72,0,0
2026-12-26 06:53:00,0,1,0,0,0,25.52,16,13697.62,0,0
2026-12-26 07:20:14,0,0,0,0,0,169.91,58,6336.57,0,0
2026-12-26 07:28:09,0,0,0,0,0,74.88,68,18519.53,0,0
2026-12-26 08:58:03,1,0,1,0,0,93.0,98,932.38,0,0
2026-12-26 09:13:44,0,0,0,0,0,16.95,67,43386.05,0,0
2026-12-26 09:33:18,0,0,0,0,0,32.62,125,1730.92,0,0
2026-12-26 09:37:18,0,0,0,0,0,249.48,195,2475.4,0,0
2026-12-26 10:10:17,0,0,0,0,0,23.63,63,58143.7,0,0
2026-12-26 10:26:09,0,0,0,0,0,237.24,38,5391.77,0,0
2026-12-26 12:08:13,0,0,1,0,0,108.83,113,20401.17,0,0
2026-12-26 12:39:45,1,1,1,0,0,69.87,65,34138.8,0,0
2026-12-26 13:37:41,2,0,0,0,0,19.11,12,2170.27,0,0
2026-12-26 14:25:03,0,0,1,1,0,111.96,211,20920.4,0,0
2026-12-26 15:27:44,0,0,0,0,0,217.5,227,22544.5,0,0
2026-12-26 17:11:42,2,0,0,1,0,17.41,242,17588.3,0,0
2026-12-26 17:52:01,0,0,1,0,0,0.62,244,6244.92,0,0
2026-12-26 19:12:13,5,0,0,0,0,134.73,197,30562.85,0,0
2026-12-26 19:27:20,2,0,1,1,1,1376.16,43,21959.78,0,1
2026-12-26 19:27:44,0,1,0,0,0,69.93,51,12819.3,0,0
2026-12-26 19:52:12,0,0,1,0,0,60.89,167,4324.42,0,0
2026-12-26 21:15:13,1,0,0,0,0,68.84,202,4206.9,0,0
2026-12-26 21:42:02,0,0,1,0,0,46.93,138,2433.42,0,0
2026-12-26 22:05:37,0,0,1,1,1,128.88,229,5993.53,0,0
2026-12-26 22:19:09,0,0,1,0,1,2242.32,36,9377.2,0,0
2026-12-26 22:29:48,2,0,0,0,0,63.08,114,1954.02,0,0
2026-12-26 22:40:08,1,0,0,0,0,174.27,121,20003.27,0,0
2026-12-26 22:41:51,0,0,1,0,0,402.97,227,434.12,0,0
2026-12-27 01:28:30,1,0,0,0,0,18.84,89,8976.73,0,0
2026-12-27 02:20:17,0,0,0,0,0,157.74,177,3334.38,0,0
2026-12-27 02:44:55,1,0,0,0,0,379.5,179,15729.35,0,0
2026-12-27 03:03:15,0,0,0,0,0,128.89,186,23413.68,0,0
2026-12-27 03:38:11,1,0,1,1,0,28.23,127,12427.45,0,0
2026-12-27 04:21:23,6,1,0,0,0,226.8,223,24932.48,0,0
2026-12-27 04:28:28,0,1,1,0,1,2364.17,236,21816.62,0,0
2026-12-27 05:32:16,0,0,0,0,0,59.66,123,34781.2,0,0
2026-12-27 05:58:49,0,0,0,1,0,85.0,100,11813.35,0,0
2026-12-27 06:38:35,0,0,0,0,0,127.99,211,973.53,0,0
2026-12-27 06:54:41,0,0,0,1,1,199.48,118,27074.52,0,0
2026-12-27 07:02:54,3,0,0,0,0,261.71,7,3967.57,0,0
2026-12-27 09:39:15,4,0,0,0,0,437.76,137,11012.75,0,0
2026-12-27 09:58:58,0,0,0,0,0,40.13,217,18337.27,0,0
2026-12-27 11:41:22,1,0,0,0,0,125.56,151,24483.98,0,0
2026-12-27 12:16:21,1,0,0,0,0,54.7,205,21603.18,0,0
2026-12-27 12:18:53,1,0,0,0,0,2.81,250,16223.23,0,0
2026-12-27 14:40:53,0,0,0,0,0,318.73,119,4397.5,0,0
2026-12-27 16:39:35,0,0,0,0,0,15.35,63,1829.3,0,0
2026-12-27 19:47:19,0,0,0,0,0,7.79,42,22052.42,0,0
2026-12-27 19:52:27,0,0,1,0,0,181.52,11,16450.05,0,1
2026-12-27 20:00:07,2,0,1,1,1,51.68,99,32039.55,0,1
2026-12-27 20:20:47,2,0,0,0,0,116.44,216,6956.03,0,0
2026-12-27 20:32:01,0,0,0,0,0,266.03,162,6522.47,0,0
2026-12-28 01:27:23,0,0,1,0,0,52.12,45,10327.65,0,0
2026-12-28 02:04:41,4,0,0,1,0,7.08,207,3169.08,0,1
2026-12-28 02:38:13,1,0,0,0,0,24.63,11,405.77,0,0
2026-12-28 02:52:42,3,0,0,0,0,296.28,52,11079.15,0,1
2026-12-28 02:54:37,0,0,1,0,0,62.62,83,18520.87,0,0
2026-12-28 04:20:52,1,0,0,1,0,77.95,60,2827.52,0,0
2026-12-28 05:12:47,1,0,1,0,0,16.97,48,11251.82,0,0
2026-12-28 05:18:36,3,0,0,0,0,250.12,28,6491.47,0,1
2026-12-28 07:02:27,0,0,0,0,0,72.8,240,5189.53,0,0
2026-12-28 07:12:39,0,0,0,0,0,75.26,185,54697.17,0,0
2026-12-28 07:54:56,0,0,0,1,0,85.81,166,22052.37,0,0
2026-12-28 07:59:50,3,1,1,0,0,145.83,142,15436.32,0,1
2026-12-28 08:02:42,5,1,1,0,0,22.68,199,5387.85,0,1
2026-12-28 09:06:30,7,0,0,0,0,285.3,246,14814.95,0,0
2026-12-28 09:29:33,5,0,0,0,0,19.29,160,16239.37,0,0
2026-12-28 09:50:18,0,0,1,0,0,21.99,184,3268.25,0,0
2026-12-28 10:17:15,0,1,0,0,0,1.25,1,11210.42,0,0
2026-12-28 11:15:13,0,0,0,1,0,1.99,61,45484.7,0,0
2026-12-28 13:37:22,0,0,0,0,0,56.01,247,12323.62,0,0
2026-12-28 13:44:20,3,0,0,0,0,20.21,214,8516.83,0,0
2026-12-28 14:03:49,4,0,0,0,0,23.81,225,24215.17,0,0
2026-12-28 14:48:26,0,0,0,0,0,441.69,48,575.65,0,0
2026-12-28 15:47:14,1,0,0,0,0,264.95,140,10867.28,0,0
2026-12-28 16:51:37,4,0,1,0,0,38.93,29,7829.92,0,0
2026-12-28 18:46:00,0,0,0,0,0,42.03,33,23257.75,0,0
2026-12-28 19:01:29,0,1,1,0,0,34.55,33,15.48,0,0
2026-12-28 19:53:08,0,0,1,0,0,213.9,22,7896.37,0,0
2026-12-28 20:10:40,0,0,0,0,0,10.35,124,6688.8,0,0
2026-12-28 22:24:35,1,0,1,0,0,87.73,243,33105.97,0,0
2026-12-28 23:57:02,0,0,0,0,0,20.62,70,5753.47,0,0
2026-12-29 00:36:05,0,0,1,0,0,141.95,95,4492.95,0,0
2026-12-29 00:45:24,7,0,0,0,0,99.79,237,23429.57,0,1
2026-12-29 00:55:52,1,1,1,0,0,49.08,249,7043.67,0,0
2026-12-29 01:11:35,0,0,1,0,1,154.89,212,4347.8,0,0
2026-12-29 02:14:05,5,0,1,1,1,2187.71,80,24309.42,0,0
2026-12-29 02:47:19,0,0,0,0,0,8.02,161,5454.9,0,0
2026-12-29 03:16:02,0,0,0,1,0,31.99,139,44048.98,0,0
2026-12-29 03:30:33,3,0,0,0,0,29.26,162,1858.53,0,0
2026-12-29 04:44:19,0,0,0,0,0,86.4,229,3278.7,0,0
2026-12-29 06:10:28,2,0,0,0,0,72.1,183,10480.45,0,0
2026-12-29 06:24:14,0,0,0,0,0,32.81,229,99.92,0,0
2026-12-29 06:51:13,0,0,0,0,0,56.28,92,7848.87,0,0
2026-12-29 08:01:16,1,1,0,0,0,57.34,191,22009.35,0,0
2026-12-29 09:59:22,0,0,1,1,1,1278.42,6,9792.18,0,0
2026-12-29 12:45:55,2,0,0,0,1,3427.69,44,18298.95,0,0
2026-12-29 14:18:31,1,0,0,0,0,15.31,129,38325.63,0,0
2026-12-29 14:28:45,4,1,1,0,0,81.58,37,19926.45,0,0
2026-12-29 14:30:08,2,0,0,0,0,1.86,214,1485.8,0,1
2026-12-29 14:40:38,0,0,1,0,0,119.81,225,1476.82,0,0
2026-12-29 15:24:46,3,0,1,0,0,102.27,146,8101.7,0,0
2026-12-29 16:14:42,1,0,0,0,0,118.42,102,18344.13,0,0
2026-12-29 17:02:38,1,0,0,0,0,64.42,93,10422.67,0,0
2026-12-29 17:05:20,3,0,0,0,0,20.69,231,21987.27,0,0
2026-12-29 18:31:20,1,0,0,0,0,59.44,130,24012.52,0,0
2026-12-29 18:36:59,0,0,0,1,1,35.82,193,10939.92,0,0
2026-12-29 19:04:01,1,0,1,0,1,720.53,70,1146.98,0,0
2026-12-29 20:09:39,0,0,1,0,0,182.37,240,2227.2,0,0
2026-12-29 21:03:51,0,0,1,1,0,41.34,155,7830.25,0,0
2026-12-29 21:42:57,1,0,0,1,0,89.59,106,13448.02,0,0
2026-12-29 21:56:01,0,0,1,0,0,30.26,15,45664.17,0,0
2026-12-29 22:01:25,0,0,0,0,0,14.41,78,15621.88,0,0
2026-12-29 22:03:03,0,0,1,0,0,73.59,224,8662.83,0,0
2026-12-29 23:47:56,1,0,0,0,0,3.64,139,1231.9,0,0
2026-12-30 00:49:20,0,0,0,0,0,234.84,5,15890.7,0,0
2026-12-30 03:37:14,2,0,0,0,0,150.14,83,2922.62,0,0
2026-12-30 04:11:31,0,0,0,0,0,617.49,219,17145.45,0,0
2026-12-30 06:17:47,0,1,0,0,0,498.86,110,26346.12,0,0
2026-12-30 06:28:09,0,0,0,0,0,130.56,121,4788.02,0,0
2026-12-30 06:33:31,1,0,0,0,0,149.92,65,5393.77,0,0
2026-12-30 07:14:32,0,0,0,1,1,1126.46,111,17899.83,0,0
2026-12-30 09:25:10,6,0,0,0,0,24.66,41,31232.17,0,1
2026-12-30 09:30:40,5,0,0,0,0,165.24,97,35385.23,0,0
2026-12-30 11:29:12,3,0,0,0,0,31.43,95,2093.12,0,0
2026-12-30 13:32:19,4,0,0,0,0,104.98,157,24635.27,0,0
2026-12-30 15:49:34,0,0,1,0,1,1968.88,103,20115.97,0,0
2026-12-30 16:47:07,1,0,0,1,0,83.08,193,1330.13,0,0
2026-12-30 20:12:46,2,0,0,0,0,108.69,237,2607.37,0,0
2026-12-30 20:27:04,1,0,0,0,0,34.66,118,5132.38,0,0
2026-12-30 21:15:38,4,0,0,0,0,142.93,128,11888.65,0,0
2026-12-30 21:51:10,2,0,0,0,0,287.44,27,9242.0,0,0
2026-12-30 22:22:00,7,0,0,0,0,66.17,189,19743.12,0,0
2026-12-30 22:22:39,0,0,0,0,0,12.89,41,777.48,0,0
2026-12-30 22:37:16,3,0,1,0,1,1450.26,199,3754.57,0,1
2026-12-30 23:56:05,1,0,0,0,0,41.77,60,4055.22,0,0
2026-12-31 01:32:21,1,0,1,0,0,54.32,64,19704.77,0,0
2026-12-31 01:58:42,0,0,1,0,1,246.65,235,56454.82,0,0
2026-12-31 02:02:44,2,0,1,0,1,1474.4,223,5621.35,0,0
2026-12-31 02:04:40,4,0,0,0,0,154.76,157,752.35,0,0
2026-12-31 03:03:58,0,0,1,0,0,145.43,107,15957.63,0,0
2026-12-31 03:43:30,1,0,1,0,0,509.65,102,2128.8,0,0
2026-12-31 06:17:55,0,0,1,0,1,357.76,245,11646.55,0,0
2026-12-31 06:58:13,7,0,0,0,0,245.51,109,9783.53,0,0
2026-12-31 07:24:30,0,0,0,0,0,131.91,195,7067.2,0,0
2026-12-31 07:55:35,0,0,0,0,0,122.92,43,6508.25,0,0
2026-12-31 08:26:12,0,0,1,1,0,115.12,2,9712.22,0,0
2026-12-31 09:16:59,1,0,0,0,0,77.3,178,18375.98,0,0
2026-12-31 10:00:08,0,0,0,0,0,47.59,9,13008.75,0,0
2026-12-31 11:08:41,1,0,0,1,0,287.08,189,766.68,0,0
2026-12-31 13:00:28,5,0,0,0,0,16.38,243,3755.88,0,0
2026-12-31 13:44:17,3,0,0,0,0,19.36,231,2678.95,0,0
2026-12-31 13:59:14,0,0,1,0,0,1.69,222,17121.3,0,0
2026-12-31 14:15:22,7,0,1,0,0,134.47,206,27782.13,0,0
2026-12-31 14:18:56,1,0,0,0,0,224.42,48,4290.5,0,0
2026-12-31 14:49:29,0,0,0,0,0,20.58,212,3697.9,0,0
2026-12-31 14:49:54,0,1,1,0,0,3.5,14,25821.33,0,0
2026-12-31 15:54:29,0,0,1,0,1,419.78,119,5833.6,0,0
2026-12-31 16:21:15,3,0,1,0,0,215.13,86,14120.23,0,1
2026-12-31 17:11:09,0,0,0,0,0,1.63,27,1159.98,0,0
2026-12-31 17:13:30,0,0,0,0,0,10.66,207,5228.82,0,0
2026-12-31 17:27:07,2,0,0,0,0,2.53,26,21110.35,0,0
2026-12-31 18:13:39,1,0,0,0,0,286.73,15,2657.63,0,0
2026-12-31 18:34:04,2,0,0,0,0,14.56,95,1864.87,0,0
2026-12-31 20:32:13,2,0,0,0,0,230.68,139,2684.28,0,0
2026-12-31 21:39:45,0,0,1,1,0,64.14,142,5139.92,0,0
2026-12-31 22:19:55,4,0,0,0,0,50.23,4,83764.42,0,0
2026-12-31 22:33:23,0,0,1,0,1,834.03,227,7191.53,0,1
